video_title,video_description
Most annoying skill ever,
Levy STUNS World Champion!,"➡️ Get My Chess Courses:  https://www.chessly.com/
➡️ Get my best-selling chess book: https://geni.us/gothamchess

➡️ My book in the UK and Europe: https://bit.ly/3qFqSf7
➡️ Mein Buch auf Deutsch: https://bit.ly/45fKt3R
➡️ Mi libro en Español: https://bit.ly/3Y5xaRx

➡️ Start Playing Chess FOR FREE: http://bit.ly/3Xa3EsB

➡️ Enjoy my videos? Donate Here : https://www.paypal.me/gothamchess

Email me your games: gothamletters@gmail.com
Sponsors, Business, Media: gotham@night.co - [DO NOT SEND GAME"
Nothing gets past Terry Crews 👀,
Private Room on Canada’s Overnight Sleeper Train 😴 - 24 hrs to Montreal,"To get a 1 year supply of immune-supporting Vitamin D3K2 and 5 travel packs FREE with your first purchase http://www.athleticgreens.com/trektrendy

Today I’m taking a sleeper train for 24 hours across Canada, from Halifax NS all the way over to Montreal. I’ll show you what it’s like to live onboard this train, from the dining car, lounge car and even my ensuite private room complete with shower. This is also North America's longest running named train, The Ocean, run by Via Rail- so without any "
Jew,
she forced me to do this..,#shorts
"AMD Is Copying The Worst Thing About Intel - WAN Show May 31, 2024","See how Rocket Money can help you cancel unwanted subscriptions and save money! Try it FOR FREE at https://RocketMoney.com/ltt

Add AG1 to your morning routine and see what it can do for you: http://drinkAG1.com/WANshow

Check out Ridge’s Father’s Day sale at https://www.ridge.com/wan and enjoy up to 40% off!

Check out the Secretlab Titan Evo Ergonomic Gaming chair and more at https://lmg.gg/secretlabwan

List your PC components at Jawa and who knows, your part might be picked for Scrapyard War"
Daily Life in a Remote Alpine hut,"This is what most of my days look like here in the mountain hut. Cooking food, keeping warm and working on my computer! 
Check out my Instagram - https://www.instagram.com/alex_smith1809/
Support the Just Alex Channel on Patreon - https://www.patreon.com/justalexsmith
TikTok - https://www.tiktok.com/@justalexsmith
Watch me live on Twitch - https://www.twitch.tv/justalexsmith
Business enquiries - alexfordhamsmith@gmail.com"
The Unexplainable Disappearance of Dennis Martin - Missing 411,"Let Audible help you discover new ways to laugh, be inspired, or be entertained. New members can try it free for 30 days. Visit https://Audible.com/wendigoon or text wendigoon to 500-500.

Subscribe to The Lore Lodge: https://www.youtube.com/@TheLoreLodge

My Links

Second channel/ Wendigang: https://www.youtube.com/@Wendigames

Twitter: https://mobile.twitter.com/wendigoon8

Subreddit: https://www.reddit.com/r/wendigoon/

Business email: Wendigoon@streamworks.gg
Personal/Inquiries: Wendigoon8@g"
The Lamest Thieves Ever,"Go to https://expressvpn.com/codyko and find out how you can get 3 months of ExpressVPN free!

merch: http://ko-official.com
podcast: https://www.youtube.com/tinymeatgang
2nd channel: https://www.youtube.com/channel/UCy06jHRS_82N2i5v1YL7glQ
new song: https://song.link/us/i/1533963500

instagram: http://instagram.com/codyko
twitter: http://twitter.com/codyko

business: mahzad.babayan@unitedtalent.com

edited by: https://www.youtube.com/goofyjuice

song produced by me
vid shot by Alli Gooch
vid ed"
My Final Response to the Allegations,"The live concert will be on the 17th Feb 7:30pm SGT at the Star Performing Arts Centre in Singapore 
Live tickets: https://www.sistic.com.sg/events/twosetdavie0223

More info on live stream tickets coming soon"
Fart Spray Soccer Challenge with @fedevigevani,"My buddy @fedevigevani  visited me from Mexico City, and things escalated quickly..."
I Gave Away A House On Halloween,
The Summer of Math Exposition (SoME1),"Announcement for the 2021 Summer of Math Exposition
Podcast/New channel: https://www.youtube.com/GrantSanderson
Details: https://3b1b.co/SoME1
↓↓Things referenced through the video↓↓

James Schloss:
https://www.youtube.com/user/LeiosOS

Free will theorem:
https://www.ams.org/notices/200902/rtx090200226p.pdf

Kolmogorov complexity and primes:
https://people.cs.uchicago.edu/~fortnow/papers/kaikoura.pdf

Tadashi Tokieda talk:
https://youtu.be/tQQ3oiB32GI

Boarbarktree:
https://www.youtube.com/chann"
I Challenged a Memory Champion to Solve a Very Difficult Puzzle!!,"Today, @NelsonDellis (5X US Memory Champion) and I will be Tag Teaming a Very Difficult Sequential Discovery puzzle by Keebox Puzzles. I've never tried something like this and can't wait to see how this goes! Will his memory help us?

Keebox Puzzles: https://keebox.ch/
Definitely Follow @NelsonDellis and sign up for his Memory Class: https://www.everestmemory.com/waitlist

MY SHOP: https://www.1st.shop/

***MY OTHER CHANNELS***
AREA52: @area52investigations
My Podcast: @bottomofthebarrel
Gaming "
Coding Adventure: Boids,"Trying to create some flocking behaviour, and getting a little distracted by spirals along the way...

Links and Resources:
Project source: https://github.com/SebLague/Boids/tree/master
Boids paper: http://www.cs.toronto.edu/~dt/siggraph97-course/cwr87/
Points on a sphere: https://stackoverflow.com/a/44164075
Fish shader: https://github.com/albertomelladoc/Fish-Animation/blob/master/FishAnimation.shader and https://www.bitshiftprogrammer.com/2018/01/how-to-animate-fish-swimming-with.html

If you"
Is Joe Millionaire the first good reboot ever?,"merch: http://ko-official.com
podcast: https://www.youtube.com/tinymeatgang
2nd channel: https://www.youtube.com/channel/UCy06jHRS_82N2i5v1YL7glQ
new song: https://song.link/us/i/1533963500
world tour tix: http://tinymeattour.com

instagram: http://instagram.com/codyko
twitter: http://twitter.com/codyko

business: mahzad.babayan@unitedtalent.com

edited by: https://twitter.com/SDreadnougs"
What Are Those Little Fins on Chimneys?,"You can buy my books here:
https://stevemould.com/books

You can support me on Patreon and get access to the exclusive Discord:
https://www.patreon.com/stevemould

just like these amazing people:

Glenn Watson
Peter Turner
Joël van der Loo
Matthew Cocke
Mark Brouwer
Deneb

Twitter: http://twitter.com/moulds
Instagram: https://www.instagram.com/stevemouldscience/
Facebook: https://www.facebook.com/stevemouldscience/
TikTok: https://www.tiktok.com/@stevemould
Buy nerdy maths things: http://mathsge"
This DESTROYED my room!! 💥,
Chefs Train for Years to Serve This Rare Poisonous Fish | Masters At Work | Bon Appétit,"Today Bon Appétit joins Chef Kazuchi Hotta at his restaurant Shunsai Fuku Hotta in Tokyo to observe his mastery of fugu. Fugu, also known as pufferfish, is a seasonal winter delicacy in Japan, however, it contains a deadly poison that must be meticulously worked around and removed during prep. It is a process chefs must train for many years to master to serve it safely.

Want Bon Appétit shirts, hats and more? https://shop.bonappetit.com/?utm_source=youtube&utm_brand=ba&utm_campaign=aud-dev&utm_"
Making bulletproof wood,"Head to https://brilliant.org/NileRed for a 30-day free trial + the first 200 people will get 20% off their annual subscription!

Back in 2020, I read a paper that claimed that bulletproof wood might be possible. The moment that I saw this, I felt that I had to test it myself and I spent the next 3 years working on it.

References:
•The paper that this video was based on: https://www.nature.com/articles/nature25476
•Premier Body armor photo: https://premierbodyarmor.com/blogs/pba/understanding-b"
"How dangerous are ""Safe"" Rubber bullets?","Tiktok: https://www.tiktok.com/@ididathing
Instagram: https://www.instagram.com/ididathing_official
Twitter: https://twitter.com/ididathing1
Discord: https://discord.gg/mppfmHW
Patreon: https://www.patreon.com/user?u=13180179"
Sodium metal is soft and squishy,"Sodium metal is stored under oil because it's reactive to moisture and air. Most metals are hard, but sodium is really soft, and you can squish it, just with your fingers, if you squeeze really hard.

-------------------------------------------------------------------------------
Merch - https://nilered.tv/store
-------------------------------------------------------------------------------

■ NileRed is now available on Nebula!  https://go.nebula.tv/nilered
(when signing up with this link, a po"
White House Drug Dealer?,"⚖️⚖️⚖️ Do you need a great lawyer?  I can help!  https://legaleagle.link/eagleteam 

Welcome back to LegalEagle.  The most avian legal analysis on the internets. 
🚀 Watch my next video early & ad-free on Nebula! https://legaleagle.link/watchnebula
👔 Suits by Indochino! https://legaleagle.link/indochino

GOT A VIDEO IDEA? TELL ME!
▀▀▀▀▀▀▀▀▀▀▀▀▀▀▀▀▀▀▀▀▀▀▀▀▀▀
Send me an email: devin@legaleagle.show

MY COURSES
▀▀▀▀▀▀▀▀▀▀▀▀▀▀▀▀▀▀▀▀▀▀▀▀▀▀
Interested in LAW SCHOOL?  Get my guide to law school! https:/"
Things are changing at the world's oldest hotel,"Nishiyama Onsen Keiunkan is not just the world's oldest hotel, but the world's oldest still-operating business. Or at least, that's one way of looking at it. But things are changing here, just like they always have. ■ The hotel: https://www.keiunkan.co.jp/

Local producer: Yasuharu Matsuno at Mind Architect
Camera: Julian Domanski

An accessible English dub is available for anyone unable to read subtitles; you can turn it on in your device's player settings. It's experimental and using an AI-gen"
Pure acid vapor - don't breathe this,"Aluminum trichloride is commonly used in chemical synthesis. It's anhydrous, meaning that it's completely dry and it's also really reactive. It even reacts with moisture in the air and it lets off acidic HCl gas. It can be destroyed much faster, and let off a lot more gas, if I just dump it into some water.

-------------------------------------------------------------------------------
Merch - https://nilered.tv/store
-----------------------------------------------------------------------------"
Physics vs The Table Cloth Trick @CrunchLabs,7 out of 8 ain't bad.
Exploring Sydney's Abandoned Cliff-side Huts,"In the middle of Sydney Harbour, in a tiny windswept cove in Middle Harbour, unknown to the residents around sit seven ramshackle huts built during the period 1923 to 1963.

Most of the huts at Craters Cove are built mostly from stone and sit precariously perched like a row of detached terraces on the steep, rocky cliffs of Dobroyd Head, the clifftop rocks serving as rustic stone floors. The remaining (wooden) huts are scattered around the clearing that adjoins the cove.

The huts were built at "
I almost broke my ribs at Mizkif's gym #willneff #mizkif #gym,"Follow me!
TWITCH → https://www.twitch.tv/willneff
TIKTOK → https://www.tiktok.com/@willyneff
TWITTER → https://twitter.com/TheWillNeff
INSTAGRAM → https://www.instagram.com/thewillneff/

Find my podcast here → @FearAndPodcast"
Is Adam Savage Still an Atheist?,"What's Adam Savage's current outlook on the grand mysteries of life? Has he ever had the desire to create cosplay from a book, radio program or song? In this live stream excerpt Adam answers these questions from Tested members @NathanielSalzman and @spencerbarton1770, whom we thank for their support. Join this channel to support Tested and get access to perks, like asking Adam a question during a live stream:
https://www.youtube.com/channel/UCiDJtJKMICpb9B1qf7qjEOA/join

Subscribe for more video"
"Exploring the ""StrayedAway"" Voicemail Thread","On Twitter, a user named Ty (also known as StrayedAway) shared a mysterious voicemail that he received, and it might have more to it than we think.

🎡Visit Liminal Land: https://www.liminalland.net
📧Submit a mystery: NightmareExpo@gmail.com
📲Follow me: https://www.twitter.com/NexpoYT
🖤Support the channel: https://www.patreon.com/Nexpo

--------------------------------------------------------------------------------------
Music by CO.AG
https://www.youtube.com/channel/UCcavSftXHgxLBWwLDm_bNvA

Ou"
I Built Willy Wonka's Chocolate Factory!,"MILK Chocolate 🍫 Win a Tesla or be in a MrBeast video - Buy now ▸ https://feastables.com

SUBSCRIBE TO GORDON!! @gordonramsay 

Check out Viewstats! - https://www.viewstats.com/

SUBSCRIBE OR I TAKE YOUR DOG
╔═╦╗╔╦╗╔═╦═╦╦╦╦╗╔═╗
║╚╣║║║╚╣╚╣╔╣╔╣║╚╣═╣ 
╠╗║╚╝║║╠╗║╚╣║║║║║═╣
╚═╩══╩═╩═╩═╩╝╚╩═╩═╝

For any questions or inquiries regarding this video please reach out to chucky@mrbeastbusiness.com

----------------------------------------------------------------
follow all of these or i will kick you
• TikT"
Everyone Who Tried This Has FAILED – Khadas Mind Modular PC,"Thanks again Khadas for sponsoring today’s video! Save $100 on Khadas Mind using coupon code LTTMIND on Khadas.com and Aliexpress.

Purchase Khadas Mind from Khadas.com: https://www.khadas.com/mind
Purchase Khadas Mind from Aliexpress: https://s.click.aliexpress.com/e/_oF7auvO
*Coupon code valid on Khadas.com and Aliexpress, valid until end of April 2024.

This thing makes the Mac Mini look gigantic! And don’t even get us started on how big your full tower gaming rig is. The Khadas Mind is a tin"
The HINOMARU Puzzle is a form of Torture.,"Today I'm going to attempt to solve the Hinomaru Puzzle. this was an exchange puzzle by long-time Puzzle Exchange participant Pavel Curtis at IPP21, held in Tokyo in 2001.  The object of the puzzle is to place the 12 two-sided dominoes in the tray to form a picture of the Japanese flag.  The solution is unique. 

MY SHOP: https://www.1st.shop/

***MY OTHER CHANNELS***
AREA52: @area52investigations
My Podcast: @bottomofthebarrel
Gaming Channel: @chrisramsaytv
My Twitch Channel: https://www.twitch"
"100 Boys Vs 100 Girls For $500,000","Giving away $25k on Current! Sign up and use my code “BEAST250” for a chance to win*: https://www.current.com/beast250

Check out Viewstats! - https://www.viewstats.com/

SUBSCRIBE OR I TAKE YOUR DOG
╔═╦╗╔╦╗╔═╦═╦╦╦╦╗╔═╗
║╚╣║║║╚╣╚╣╔╣╔╣║╚╣═╣ 
╠╗║╚╝║║╠╗║╚╣║║║║║═╣
╚═╩══╩═╩═╩═╩╝╚╩═╩═╝

For any questions or inquiries regarding this video please reach out to chucky@mrbeastbusiness.com

----------------------------------------------------------------
follow all of these or i will kick you
• TikTok - htt"
I Was Wrong about the Average American,"In which John falls way down the rabbit hole trying to learn what the average American's life is like--from income to taxation to political ideology to opinion on Taylor Swift. 
p.s. MASSIVE THANKS to Sheridan Gibson for teaching me how to color correct!
SOURCES:

Pew and Gallup provided all the political, religious, and other identity stuff: 
https://www.pewresearch.org/topics-categorized/
This is a good article on the federal income tax averages: https://www.pewresearch.org/short-reads/2023/04"
Bringing the Bubble Bass Burger from Spongebob to life.,Bringing the Bubble Bass Burger from Spongebob to life.
ALU Design,"In this video we go over the design for the Arithmetic and Logic Unit for our 8-bit computer.

Before watching it's helpful to understand:
- How a binary adder works: https://www.youtube.com/watch?v=wvJc9CZcvBc
- How negative numbers are represented in binary: https://www.youtube.com/watch?v=4qH4unVtJkE

Support me on Patreon: https://www.patreon.com/beneater

See https://eater.net/bbcpu8-alu for more."
The Future is a Dead Mall - Decentraland and the Metaverse,"Clickbait Title: I spent three months living in the metaverse and now I'm starving

The metaverse salespeople have a weird fixation with Animal Crossing, in specific. The number of times we saw New Horizons specifically cited as an example of the metaverse was bizarre, like it was their first time experiencing a multiplayer game that wasn't CoD and it melted their brains.

Written by Dan Olson and Nathan Landel

Produced and performed by Dan Olson

Nathan Twitter: https://twitter.com/choice_au
D"
How to Fix a Car that Wont Start (I bought it for $500),"Car wont start? Learn how to replace a fuel pump and fuel tank. I show you how to buy a car that wont start for $500 and fix it to make a $2100 profit. The car wont crank and the fuel pump and gas tank need to be replaced. I also show you how to replace the muffler so by the end of the video we have a really nice and reliable daily driver!

Video of Detailing this car so it looks brand new: https://www.youtube.com/watch?v=vUdSUDObwVc

CRAFTSMAN Mechanics Tool Sets: http://bit.ly/2PNfHLS 

Tools "
A Creator's Dive Into Turmoil,"In 1996, a video game named Drowned God was released to mostly positive acclaim. Its esteemed creator, however, has a backstory that's much darker than you'd expect.

SOURCES: https://pastebin.com/Tn0SgKRi
TRACK LIST: https://pastebin.com/83mWrQiK

🎡Visit Liminal Land: https://www.liminalland.net
📧Submit a mystery: NightmareExpo@gmail.com
📲Follow me: https://www.twitter.com/NexpoYT
🖤Support the channel: https://www.patreon.com/Nexpo

--------------------------------------------------------------"
Worlds Largest Beyblade Destroys A House!,"Patreon: https://www.patreon.com/user?u=13180179
Tiktok: https://www.tiktok.com/@ididathing
Instagram: https://www.instagram.com/ididathing_official
Twitter: https://twitter.com/ididathing1
Discord: https://discord.gg/mppfmHW"
YouTube's high-stakes war on Ad Blockers,"Learn how Google is cracking down on Ad Blockers on YouTube. How do adblockers work and should they be allowed on the Internet? 

#youtube #tech #thecodereport #adblocker 

🔥 Black Friday Deal - Upgrade to Fireship PRO

Upgrade at https://fireship.io/pro
Use code BF2023 for 40% off PRO access 

💬 Chat with Me on Discord

https://discord.gg/fireship

🔗 Resources

Firefox Delay Controversy https://www.reddit.com/r/youtube/comments/17z8hsz/youtube_has_started_to_artificially_slow_down/
uBlock Origi"
"""A Red Pill"" Production Vlog 04",
I was sponsored to Not Die In Space in Space Trash Scavenger,"Welcome to Space, please Survive. Thanks to Paradox for sponsoring this video, check out Space Trash Scavenger here: https://play.paradoxinteractive.com/RTGameSpace

Watch more Space: https://www.youtube.com/watch?v=6kdgxsObDpw

~This video was recorded live on my Twitch Channel: http://www.twitch.tv/rtgame
~Subscribe if you'd like to see more! https://www.youtube.com/@RTGame?sub_confirmation=1
~Become a Youtube Member to support me: https://www.youtube.com/channel/UCRC6cNamj9tYAO6h_RXd5xA/join
"
How to Replace your Entire Driveway (Complete Tear Out and Repave),"Learn how to repave your driveway, including digging out the old driveway, laying down stone for a good sub-base, grading, leveling, and compacting that stone, and finally laying down fresh hot mix asphalt. This new asphalt driveway came out amazing and I cannot wait to use it to make more videos!

Oil Spill Mat: https://amzn.to/3xP230F

Thank you Platinum Paving for doing a great job on the driveway. The owner is a fan of my channel and I appreciate him putting down his best driveway possible!
"
How To Eat Rambutan Fruit,"Tristan Kwong demonstrates how to select, prep, and eat rambutan.

Want Bon Appétit shirts, hats and more? https://shop.bonappetit.com/?utm_source=youtube&utm_brand=ba&utm_campaign=aud-dev&utm_medium=video&utm_content=merch-shop-promo

Still haven’t subscribed to Bon Appétit on YouTube? ►► http://bit.ly/1TLeyPn

Want more Bon Appétit in your life? Subscribe to the magazine! https://bit.ly/313UWRu

ABOUT BON APPÉTIT
Bon Appétit is a highly opinionated food brand that wants everyone to love"
Something Travels Faster than Light #shorts,"Today on Mythbirbsters: Can shadows travel faster than light? 👀

#inanutshell #kurzgesagt #kurzgesagt_inanutshell #learnwithshorts #science #physicsshorts  #shadows #howstuffworks #physics #scienceshorts #speedoflight #sciencefacts #physicsquestions #scienceexperiment

Sources & further reading: 
https://sites.google.com/view/kgs-tiktok-sources

Follow us for more sciencey content! 🦆

OUR CHANNELS
▀▀▀▀▀▀▀▀▀▀▀▀▀▀▀▀▀▀▀▀▀▀▀▀▀▀
German:        https://kgs.link/youtubeDE
Spanish:        https://kgs.li"
MASSIVE Bowl of Fruit Loops Challenge + Gallon of Milk,"Get the best deals while shopping online ▸ http://joinhoney.com/mattstonie
Honey is FREE and finds coupons with the click of a button. Thanks Honey for sponsoring!

Good Video? Like/Fav & Share!!

I think this is the 8th Giant Cereal Challenge I've done... Fruit Loops! Always a fun challenge, but never too easy..

ENJOY!!!

---Try Stonie Bowls!---

Website - https://www.stoniebowls.com/
INSTAGRAM - https://www.instagram.com/stoniebowls/

---Socials & Stuff----
FACEBOOK  - https://www.facebo"
"I Will NOT Give You $250 for Your Broken Game - WAN Show April 26, 2024","Start your day on the right foot with AG1 at http://drinkAG1.com/WANshow

Ridge has MagSafe Wallets now! Save 10% and get Free Shipping with Ridge by using the code WAN at https://www.ridge.com/wan

Stay protected against cyberthreats and get immutable backup, rapid recovery and anti-ransomware technologies with Acronis! Check the out at https://lmg.gg/acroniswan

Podcast Download: https://pdst.fm/e/chrt.fm/track/C76EG6/traffic.megaphone.fm/LMG7337940722.mp3?updated=1714179797

Timestamps (Court"
I apologize in advance for this...,"#AD - 🌏 Get exclusive NordVPN deal here ➵ https://NordVPN.com/pewdiepie It’s risk free with Nord’s 30 day money-back guarantee!✌

🧎#Subscribe🧎

Stock Up On ➡️🥤Gfuel (affiliate): https://gfuel.ly/pewdiepie-collection
#Code #Pewdiepie

⚙️ My Setup (affiliate links)⚙️
🎧 Headphones: https://tinyurl.com/audezepdp
🪑 Chair: https://tinyurl.com/clutchpdp
⌨️ 🖱️ Keyboard & Mouse: https://tinyurl.com/ghostpdp

∞ Official ƿ૯ωძɿ૯ƿɿ૯ Infinity Stream: https://www.twitch.tv/pewdiepie"
The Curse of Evil Otto,"In the early 1980s, an arcade game by the name of Berzerk took the video-game world by storm due to bizarre deaths that were linked to it. Tonight, we’re going to kick off Console Conspiracies by investigating these strange cases.

🎡Visit Liminal Land: https://www.liminalland.net
📧Submit a mystery: NightmareExpo@gmail.com
📲Follow me: https://www.twitter.com/NexpoYT
🖤Support the channel: https://www.patreon.com/Nexpo

-------------------------------------------------------------------------------"
I taught Ai to sing. And it was beautiful.,"If this video is muted you know why.

Streaming live on Twitch! https://www.twitch.tv/dougdoug
Full stream recording: https://www.youtube.com/watch?v=2L-HKX_UDss

Edited by Luka! @dougdougclips

My 2nd Channel: http://bit.ly/dougdoug2
Twitter: https://twitter.com/DougDougFood

More DugDug:
Latest Uploads: https://www.youtube.com/watch?v=rp4cH7mb4X4&list=PLzTxt5iYdhziB3Zf03HR_aZWgJ49ffj-d&index=2
DougDoug Challenges: https://www.youtube.com/playlist?list=PLzTxt5iYdhzh_SW60_g3HPVjBupwUZOFA
Popular"
I used to be a professional gamer,"follow me on twitter ► https://www.twitter.com/ludwigahgren
follow me on tiktok ► https://www.tiktok.com/@ludwig
follow me on instagram ► https://www.instagram.com/ludwigahgren
join my subreddit ► https://old.reddit.com/r/LudwigAhgren/
join my discord ► https://discord.gg/ludwig
LINK TO EVERYTHING ► https://wlo.link/@ludwig


edited by: https://twitter.com/camerondiro

#ludwig"
I INTERVIEWED VISHY ANAND!!,"➡️ Get My Chess Courses:  https://www.chessly.com/
➡️ Get my best-selling chess book: https://geni.us/gothamchess

➡️ My book in the UK and Europe: https://bit.ly/3qFqSf7
➡️ Mein Buch auf Deutsch: https://bit.ly/45fKt3R
➡️ Mi libro en Español: https://bit.ly/3Y5xaRx

➡️ Start Playing Chess FOR FREE: http://bit.ly/3Xa3EsB

➡️ Enjoy my videos? Donate Here : https://www.paypal.me/gothamchess

Email me your games: gothamletters@gmail.com
Sponsors, Business, Media: gotham@night.co - [DO NOT SEND GAME"
The Man Who Killed Millions and Saved Billions (Clean Version),"YES, THIS IS A REUPLOAD. The original was age-restricted and demonetized. To support the channel directly, you can buy Snatoms: https://ve42.co/snatoms1 https://ve42.co/amzn or support on Patreon: https://ve42.co/p

Fritz Haber is the scientist who arguably most transformed the world. 
▀▀▀▀▀▀▀▀▀▀▀▀▀▀▀▀▀▀▀▀▀▀▀▀▀▀▀▀▀▀▀▀▀▀▀▀▀▀▀▀▀▀▀▀▀▀▀▀▀▀▀
A huge thanks to Dan Charles for writing a fantastic biography of Fritz Haber, for taking the time to talk to us about it, and providing valuable feedback. This "
Zuck’s brutal takedown of Apple Vision Pro,"Mark Zuckerberg delivered a brutal review of the Apple Vision Pro from his couch, claiming Meta's Quest 3 is a superior mixed reality product. Let's look at everything the haters are saying is wrong with Apple Vision Pro. 

#tech #applevisionpro #thecodereport 

💬 Chat with Me on Discord

https://discord.gg/fireship

🔗 Resources

Zuck's Apple Vision Pro Review https://twitter.com/pitdesi/status/1757552017042743728
Tech Trends 2024 https://youtu.be/vyQv563Y-fk
Apple Vision Pro First Look https://"
Primitive Technology: Firesticks,"Making fire sticks primitively from scratch, making a fire using the sticks and making and firing a small pot to test clay from the hut.
The species of wood used for the fire sticks is 'Abroma mollis'.  In the hibiscus/cottonwood family (Malvaceae).

Wordpress: https://primitivetechnology.wordpress.com/
Patreon page: https://www.patreon.com/user?u=2945881&ty=h
I have no face book page. Beware of fake pages."
Tinder Nightmares 7,"https://codysrunclub.com/



merch: ko-official.com
podcast: https://www.youtube.com/tinymeatgang
2nd channel: https://www.youtube.com/channel/UCy06jHRS_82N2i5v1YL7glQ
new song: https://song.link/us/i/1533963500

instagram: http://instagram.com/codyko
twitter: http://twitter.com/codyko

business: mahzad.babayan@unitedtalent.com

edited by: https://www.youtube.com/goofyjuice

Jobs: https://www.notion.so/Jobs-at-Cody-Ko-Productions-2aca79aad5e245339be9b5715cec811c
Video Idea / Collaboration Form: "
Will I Go On Penn And Teller Fool Us? | Steven Bridges,"PATREON: http://patreon.com/StevenBridges
One Page Busking Guide: http://www.stevenbridges.co.uk/busking

SOCIALS: 
Instagram: http://instagram.com/StevenBridges
Twitter: http://twitter.com/StevenBridges
Facebook: http://fb.me/StevenBridges
Snapchat: StevenBridgesTV

Second Channel: http://youtube.com/stevenbridgestv2

MAGIC:
Cards I use - http://geni.us/cards
Learn card magic - http://geni.us/cardmagicamazon

CAMERA GEAR:
Vlogging Camera - http://geni.us/g7xamazonus (US link), http://geni.us/g7"
🔴BIG DAY FOR OUR MOIST MOGULS | TOP 8 BATTLE OF BC,"DONATE FOR TTS HERE ► https://streamelements.com/ludwig/tip
AI TTS GUIDE (ONLY WORKS WITH ABOVE LINK) ► https://tts.monster/yt/ucrpseylgpnygvi34qpgnqpa

GET THE TRUFFLE.TV EXTENSION FOR EMOTES, CHANNEL POINTS, PREDICTIONS, AND MORE! ► https://truffle.vip/extension 

follow me on twitter ► https://www.twitter.com/ludwigahgren
follow me on tiktok ► https://www.tiktok.com/@ludwig
follow me on instagram ► https://www.instagram.com/ludwigahgren
join my subreddit ► https://old.reddit.com/r/LudwigAhgre"
Top 10 Facts - Aliens,"Twitter: http://lemmi.no/twitter
Facebook: http://lemmi.no/facebook


[Music]
Huma-Huma - Eureka

Link:
https://www.youtube.com/audiolibrary/music


[References & Further Reading]
https://docs.google.com/spreadsheets/d/1uUFmXkfYhKiq46Hol5o_YoWrrGn2WmoaZAMS8XugkX4/pub?gid=82692674


[Thumbnail]
http://lemmino.deviantart.com/art/Aliens-467586759"
The Spiciest Spaghetti EVER...(ft. Whole bottle of 'Da Bomb'),"Come to explore Inazuma with me in Genshin Impact today: https://mhy.link/7092ICA6
Let me know how you like Raiden Shogun and Kujou Sara. Leave a comment down below.
Thanks to Genshin Impact for sponsoring today’s episode!

After seeing 'Da Bomb' hot sauce on Hot Ones for years now, I've always wanted to give it a try and see how I could handle the heat.
Unfortunately, this gave me the idea to use a WHOLE BOTTLE on a single dish, which, was a horrible idea...

ENJOY!!!

---Try Stonie Bowls!---

"
Top 10 Facts - South Park,"Twitter: http://lemmi.no/twitter
Facebook: http://lemmi.no/facebook


[Music]
Silent Partner - Cloud Patterns

Link:
https://www.youtube.com/audiolibrary/music


[References & Further Reading]
https://docs.google.com/spreadsheets/d/1uUFmXkfYhKiq46Hol5o_YoWrrGn2WmoaZAMS8XugkX4/pub?gid=522825662


[Thumbnail]
http://lemmino.deviantart.com/art/South-Park-474424934"
Breaking Fallout New Vegas by Becoming Oppenheimer,"It is time to become Oppenheimer. Fallout New Vegas: Lonesome Road is where we become Death.

Watch my entire Fallout New Vegas playthrough from the start: https://www.youtube.com/playlist?list=PLliBvQE3gg9dC55Jxdhsmo_UIiDkw6z-5

Fallout New Vegas is one of my all time favourite games, and I'm so excited to present the game like this. I've planned my character build in depth with the goal of pushing the power of my build increasingly to its limit as time progresses. The plan is to complete all D"
I need your advice... | Steven Bridges,"Daily magic: http://instagram.com/StevenBridges

The questions: 

1. Are you a magician?
2. What videos on my channel do you like most?
3. What videos on my channel do you not really like? 
4. What videos do you wish I'd make more of, or start making?
5. In an ideal world, how often would like me to upload?
6. Any other thoughts, comments questions?

PATREON: http://patreon.com/StevenBridges

SOCIALS: 
Instagram: http://instagram.com/StevenBridges
Twitter: http://twitter.com/StevenBridges
Facebo"
Making the viral omurice from scratch. 🍳,Making the viral omurice from scratch. 🍳
Getting Personal about Getting Personal,"In which John discusses his secret for a happy marriage, what to share, and what to save.
The People story in question: https://people.com/john-green-on-wife-sarah-their-18-year-marriage-8640378

----
Subscribe to our newsletter! https://werehere.beehiiv.com/subscribe
Learn more about our project to help Partners in Health radically reduce maternal mortality in Sierra Leone: https://www.pih.org/hankandjohn
If you're able to donate $2,000 or more to this effort, please join our matching fund: htt"
40hrs Flying First Class from Australia to London,"Try Rocket Money for free: https://RocketMoney.com/trektrendy 

Today I’m flying for the next 40 hours from Sydney Australia all the way across the world to London in the United Kingdom. The entire trip will be in First Class in three different products, from Qantas and Emirates on their A380s and 777. I’ll explore everything on offer from the fine dining, in flight bed, bathrooms (one even has a shower!) and what’s more I’m bringing my Mum along for the trip. She’s never flown in First Class be"
Should police start using Man Catchers?,"Twitter: https://twitter.com/ididathing1
Tiktok: https://www.tiktok.com/@ididathing
Instagram: https://www.instagram.com/ididathing_...
Discord: https://discord.gg/mppfmHW
Patreon: https://www.patreon.com/user?u=13180179

Music used: SERENATA
royalty free Music by Giorgio Di Campo for @FreeSound Music 
http://freesoundmusic.eu
https://www.facebook.com/freemusicfor...
freesoundmusic  
original video: https://www.youtube.com/watch?v=32C77Q1_Mu0"
htmx in 100 seconds,"Learn the basics of htmx - an HTML-focused UI library that can handle data fetching and rendering in web applications without complex JavaScript code or frameworks. 

#webdevelopment #javascript #100SecondsOfCode 

💬 Chat with Me on Discord

https://discord.gg/fireship

🔗 Resources

- htmx docs https://htmx.org
- HTML in 100 seconds https://youtu.be/ok-plXXHlWw
- Nuxt in 100 Seconds https://youtu.be/dCxSsr5xuL8
- Math for Programmers https://youtu.be/lkIFF4maKMU

🔥 Get More Content - Upgrade to "
How to Ceramic Coat your Car at Home (DIY),"Learn how to ceramic coat your car at home. There are many great ceramic coatings out there. I am using Armor Shield iX which is DIY friendly and very easy to apply. It provides at least 2 years of protection and makes  your paint extra glossy. To ceramic coat your car, just like with painting, the prep is the most important and most time consuming steps. 

Coating: https://avl.kg/bf22c

1. Wash/clean car
2. Clay bar and iron decon car
3. Polish car
4. IPA wipe-down car (Isopropyl Alcohol)
5. Ce"
"FASTEST CAR, YOUNGEST DRIVER - driving a $200,000 sports car with Lando Norris","*THIS IS A SPONSORED VIDEO*
the trip to Vegas, hanging w Lando and driving the McLaren all possible because of OnePlus.  
Follow @OnePlus on Instagram - https://www.instagram.com/oneplus/
Follow @OnePlus_USA on Twitter - https://twitter.com/OnePlus_USA
Learn more about the OnePlus & McLaren Partnership here: https://www.oneplus.com/7t-pro-mclaren

music by Dyalla Swain find her here- https://www.youtube.com/channel/UCs5ib8kDfUmFBrL1BiEivEA

Lando's personal YouTube channel is - https://www.youtu"
We WILL Fix Climate Change!,"Getting something from the kurzgesagt shop is the best way to support us and to keep our videos free for everyone. ►► https://kgs.link/shop-159     
(Worldwide Shipping Available)

Sources & further reading:
https://sites.google.com/view/sources-can-we-fix-climate/

Visit https://brilliant.org/nutshell/ to get started learning STEM for free, and the first 200 people will get 20% off their annual premium subscription.

Our home is burning. Rapid climate change is destabilizing our world. It seems"
When You Don't WANT a Better-Paying Position,"What advice does Adam Savage have for someone who has been offered a better paying job but doesn't want it? Has Adam been presented with a career step that have closed the door to another path forever? In this live stream excerpt Adam answers these questions from @robnol84I and @MikeMakesMA, whom we thank for their support! Join this channel to support Tested and get access to perks, like asking Adam a question:
https://www.youtube.com/channel/UCiDJtJKMICpb9B1qf7qjEOA/join

Subscribe for more vi"
You Can't Light This Room! But Why Not?,"You can buy my books here:
https://stevemould.com/books

You can support me on Patreon and get access to the exclusive Discord:
https://www.patreon.com/stevemould

just like these amazing people:

Glenn Watson
Peter Turner
Joël van der Loo
Matthew Cocke
Mark Brouwer
Deneb

Twitter: http://twitter.com/moulds
Instagram: https://www.instagram.com/stevemouldscience/
Facebook: https://www.facebook.com/stevemouldscience/
TikTok: https://www.tiktok.com/@stevemould
Buy nerdy maths things: http://mathsge"
The Rebrand That Killed Twitter,"all you need is $44 billion and a dream

WATCH LIVE ► https://www.twitch.tv/atrioc
TWITTER ►https://www.twitter.com/atrioc
DISCORD ►  https://discord.com/invite/Dar3UDx
REDDIT ► https://reddit.com/r/Atrioc/

Edited by eriksenchee | https://twitter.com/eriksenchee

FULL VOD: https://youtu.be/a8ROLnEOasc
#atrioc #x #twitter"
Riding on the FAMOUS LONDON EYE in England,
🔴 one must imagine ludwig happy,"DONATE FOR TTS HERE ► https://streamelements.com/ludwig/tip
AI TTS GUIDE (ONLY WORKS WITH ABOVE LINK) ► https://tts.monster/yt/ucrpseylgpnygvi34qpgnqpa

GET THE TRUFFLE.TV EXTENSION FOR EMOTES, CHANNEL POINTS, PREDICTIONS, AND MORE! ► https://truffle.vip/extension 

follow me on twitter ► https://www.twitter.com/ludwigahgren
follow me on tiktok ► https://www.tiktok.com/@ludwig
follow me on instagram ► https://www.instagram.com/ludwigahgren
join my subreddit ► https://old.reddit.com/r/LudwigAhgre"
The Dementia Simulation - Everywhere at the End of Time Reaction,"Go to https://buyraycon.com/wendigoon to get 15% off your Raycon purchase!
Thank you to Raycon for sponsoring today’s video!

Thank you all so much for watching and please let me know what you think!

My Links

Gaming Channel/Wendigames: https://www.youtube.com/channel/UCuX9VrqRC3-EUq1eZ0NBbQg

Patreon: https://www.patreon.com/wendigoon

Twitter: https://mobile.twitter.com/wendigoon8

Subreddit: https://www.reddit.com/r/wendigoon/

Merch Store: https://wendigoon.myshopify.com/

Email: Wendigoon1"
Silent Hill: Through the Years,"Silent Hill is a game series that's been through some definite highs and some rough lows. Today, we're going to explore what made this series become such a critically acclaimed success, a recent heartbreak, and why it came to be this way.

🎡Visit Liminal Land: https://www.liminalland.net
📧Submit a mystery: NightmareExpo@gmail.com
📲Follow me: https://www.twitter.com/NexpoYT
🖤Support the channel: https://www.patreon.com/Nexpo"
He BROKE Chess Completely.,"➡️ Get My Chess Courses:  https://www.chessly.com/
➡️ Get my best-selling chess book: https://geni.us/gothamchess

➡️ My book in the UK and Europe: https://bit.ly/3qFqSf7
➡️ Mein Buch auf Deutsch: https://bit.ly/45fKt3R
➡️ Mi libro en Español: https://bit.ly/3Y5xaRx

➡️ Start Playing Chess FOR FREE: http://bit.ly/3Xa3EsB

➡️ Enjoy my videos? Donate Here : https://www.paypal.me/gothamchess

Email me your games: gothamletters@gmail.com
Sponsors, Business, Media: gotham@night.co - [DO NOT SEND GAME"
Meet The Flying Apartment | Onboard a Private Airbus Jet,"Join me onboard one of the world’s most luxurious private planes, this is the Comlux Airbus Corporate Jet aka the ACJ319. We’ve been beyond first class before on the channel, and this certainly is up there! On today’s trip report I’ll be exploring the lounge, flight deck, bedroom, private bathroom and shower.. as well as the separate Business Class cabin. 

Special thanks to Comlux who invited me today to take a look around one of their planes. Head over to their website ( https://comlux.com ) o"
What it feels like to get a bright idea 💡,
Cliff Diving is Absolutely Mental,"If you feel I've earned it  you can support the channel here: https://www.patreon.com/mikeboyd
If you prefer, YouTube's ""Join"" feature, you can support here: https://www.youtube.com/channel/UCIRiWCPZoUyZDbydIqitHtQ/join
Want to give a one-off donation instead? https://www.buymeacoffee.com/mikeboyd
I am so grateful for any support you choose to give, financial or emotional! 🙏 Until December 5th you'll get 34% off 2 Displates up to 42% if you order 5 or more. Check out the link: https://displate.c"
How to make a compost bin from old pallets,"Try Readly, with my link you can get 2 months free, which can be cancelled at any time: http://gb.readly.com/justalex

Learn how to make a compost heap from old pallets, it's actually really easy!
Check out my Instagram - https://www.instagram.com/alex_smith1809/
Support the Just Alex Channel on Patreon - https://www.patreon.com/justalexsmith
TikTok - https://www.tiktok.com/@justalexsmith
Watch me live on Twitch - https://www.twitch.tv/justalexsmith
Business enquiries - alexfordhamsmith@gmail.co"
Disturbing Things from Around the Internet [Vol. 8],"The Internet is loaded with creepy and bizarre oddities, and tonight we're going to dive into five more of them. Enjoy.

🎡Visit Liminal Land: https://www.liminalland.net
📧Submit a Disturbing Thing: dtfaisubmissions@gmail.com
📲Follow me: https://www.twitter.com/NexpoYT
🖤Support the channel: https://www.patreon.com/Nexpo

--------------------------------------------------------------------------------------
#1: https://tinyurl.com/y6mqskw3
#2: https://tinyurl.com/y5e5roux
#3: https://tinyurl.com/y"
HIKARU! HIKARU! HIKARU!!!!!!!!!!!,"➡️ Get my courses: https://www.chessly.com/courses

➡️ Follow the Candidates: https://www.chess.com/events/info/2024-fide-candidates-chess-tournaments?ref_id=33945736

➡️ Get my best-selling chess book: https://geni.us/gothamchess

➡️ My book in the UK and Europe: https://bit.ly/3qFqSf7
➡️ Mein Buch auf Deutsch: https://bit.ly/45fKt3R
➡️ Mi libro en Español: https://bit.ly/3Y5xaRx

➡️ Start Playing Chess FOR FREE: http://bit.ly/3Xa3EsB

➡️ Enjoy my videos? Donate Here : https://www.paypal.me/got"
No magicians were harmed in the making of this video…,
Trump Gagged Harder ft. Liz Dye,"Will Trump finally shut up? 🥂 Reclaim your mornings after with ZBiotics with code LEGALEAGLE https://legaleagle.link/zbiotics  ⚖️⚖️⚖️ Do you need a great lawyer?  I can help!  https://legaleagle.link/eagleteam 

Welcome back to LegalEagle.  The most avian legal analysis on the internets. 
🚀 Watch my next video early & ad-free on Nebula! https://legaleagle.link/watchnebula
👔 Suits by Indochino! https://legaleagle.link/indochino

GOT A VIDEO IDEA? TELL ME!
▀▀▀▀▀▀▀▀▀▀▀▀▀▀▀▀▀▀▀▀▀▀▀▀▀▀
Send me an ema"
This Deli Turns Into Philadelphia’s Best New Restaurant at Night | On The Line | Bon Appétit,"“Heavy Metal Sausage Co…is a combination of more than just what the typical person would think of coming into a deli and overall just helping build a community around locally sourced products.” Bon Appétit spends a day on the line with Pat Alfiero, chef and co-owner of Heavy Metal Sausage Co. in Philadelphia. This exciting new deli is serving up forgotten meats from around the world and even turns into a restaurant, Trattoria, at the weekends–most importantly, they pride themselves on using pred"
How Horses Save Humans From Snakebites,"This video is sponsored by Brilliant. The first 200 people to sign up via https://brilliant.org/veritasium get 20% off a yearly subscription. To make antivenom, you first need to collect venom from the world’s most deadly snakes.

Huge thanks to the Australian Reptile Park for having us over to film – special thanks to Zac Bower for milking all of these snakes for us and Caitlin Vine for organizing the shoot. Absolute legends. https://www.reptilepark.com.au

Huge thanks to Dr Timothy Jackson fro"
World's worst video card? The exciting conclusion,"For part 1, see this video: https://www.youtube.com/watch?v=l7rce6IQDWs
Let's build a circuit that displays an image on a VGA monitor! In part 2, I talk about how VGA uses analog RGB signals to send different color pixels to the monitor. I use an EEPROM to store an image and build a simple digital-to-analog converter to generate the color signals to successfully display an image.

Support these videos on Patreon: https://www.patreon.com/beneater or https://eater.net/support for other ways to sup"
Solving the heat equation | DE3,"Boundary conditions, and set up for how Fourier series are useful.
Help fund future projects: https://www.patreon.com/3blue1brown
An equally valuable form of support is to simply share some of the videos.
Special thanks to these supporters: http://3b1b.co/de3thanks
Home page: https://www.3blue1brown.com

More about the heat equation, with a derivation in terms of slope corresponding to heat flow from MIT OCW:
https://ocw.mit.edu/courses/mathematics/18-303-linear-partial-differential-equations-fa"
Broken lighter: Can I still make fire?,"If you feel I've earned it  you can support the channel here: https://www.patreon.com/mikeboyd
If you prefer, YouTube's ""Join"" feature, you can support here: https://www.youtube.com/channel/UCIRiWCPZoUyZDbydIqitHtQ/join
Want to give a one-off donation instead? https://www.buymeacoffee.com/mikeboyd
I am so grateful for any support you choose to give, financial or emotional! 🙏 I was told once that even if i lighter is broken or out of fuel, it can still be useful when making a fire. Today I though"
We Need to talk about Sarapocial Relationships,"Brittany's whole interview is worth listening to here: https://www.youtube.com/watch?v=9cfi4v5QM4E

One thing I think about a lot is that the people who are often best at maintaining a sarapocial relationship are not people I...like. Like Trump is great at it, Elon Musk is a great at it. It's definitely not a skill that only comes when you're a good person, so that's something I try and think a lot about...just because I'm good at something doesn't mean I'm good. 

Also, one of the difficult exe"
Card Counter vs. Casino Manager (On A Power Trip!),"Free Card Counting Guide:  https://stevenbridges.ck.page/free-guide
Watch that Card Counting interview here: https://nebula.tv/videos/stevenbridges-the-life-of-a-card-counter
Learn to count cards: https://www.blackjackapprenticeship.com/?steven (affiliate link)

FREE: Why you probably shouldn't learn to count cards: https://stevenbridges.ck.page/free-guide
Learn to count: https://blackjackapprenticeship.com/?steven (affiliate link - using my link gives you free access to a Steven Bridges chat ro"
Attempting to eat 200 HOT TAMALE Peeps... (Happy Easter),"Watch me eat normal Peeps faster. 255 in 5 minutes!!
https://www.youtube.com/watch?v=4tbJ2ccROkY

Last minute challenge for Easter 2022. Like literally, I ate these yesterday, my hand is still dyed red...
I've done a couple Peep challenges, and won the Peeps World Champion 2 times, but never have I taken on Peeps this difficult... The taste is just... bleh...

ENJOY!!!

---Try Stonie Bowls!---

Website - https://www.stoniebowls.com/
INSTAGRAM - https://www.instagram.com/stoniebowls/

---Socials "
The Magical Waiter,
"How to Super Clean your Interior (Dashboard, Center Console, Door Panels & Glass)","Learn how to Super Clean and detail the interior of your car. This is a full detail of the car's interior. In this video I show you how to clean your dashboard, center console, door panels, and glass including the windshield. The Super Clean series is about attention to detail so not only are we cleaning the interior but we are protecting it. 

The key to SuperCleaning the interior is using detailing brushes, a good interior detailer, a good protectant and just paying attention to the little det"
The Black Hole That Kills Galaxies - Quasars,"Go ‘beyond the nutshell’ at https://brilliant.org/nutshell/ and dive deeper into these topics and more with a free 30-day trial!
This video was sponsored by Brilliant. Thanks a lot for the support!

The next Limited Edition Pin is here – it’s your very own Dyson Sphere! It’s available only by pre-order on the kurzgesagt shop, and only for 72 hours! 
Grab yours now: https://kgs.link/shop-177

Sources & further reading:
https://sites.google.com/view/sources-quasars/

The universe isn't just a vast"
Coding Adventure: Compute Shaders,"In this coding adventure I learn about compute shaders by creating a very simple raytracer. I then try use what I've learned to speed up my erosion simulation from the previous episode.

If you're enjoying these videos and would like to support me in creating more, you can become a patron here:
https://www.patreon.com/SebastianLague

The project is available here:
(updated version) https://github.com/SebLague/Hydraulic-Erosion
(version at time of this video) https://github.com/SebLague/Hydraulic"
What is Beekeeping and How To Get Started?,"I became a beekeeper! This video documents my bee keeping journey so far. I'm looking forward to honey on toast soon... Watch this space! 
Check out my Instagram - https://www.instagram.com/alex_smith1809/
Support the Just Alex Channel on Patreon - https://www.patreon.com/justalexsmith
Business enquiries - alexfordhamsmith@gmail.com
Learn more about beekeeping here - https://www.youtube.com/channel/UCu8KxA2At405_QPjPlGs87A
https://www.youtube.com/c/TheNorfolkHoneyCo"
The RIDDLER Made a Puzzle Box!,"MY PLAYING CARDS: https://www.1st.shop/
Riddler Puzzle: https://www.puzzlemaster.ca/browse/allpuzzleboxes/puzzleboxes2/17794-dc-direct-the-riddler-puzzle-box-detective-mode-variant-?a=681162
Cool Stuff Available here: https://bit.ly/3f8RDm0
Gaming Channel: https://www.youtube.com/chrisramsaytv
My Twitch Channel: https://www.twitch.tv/chrisramsay52
My Lighting setup: https://glnk.io/73j1x/chris-ramsayaputureaffiliate
____________________________________________________________
1000's of PUZZLES A"
I bought the essence of poop,"I've recently bought what looks like some nice and white crystals, but it's actually the essence of poop. It's a chemical called skatole, and it smells a lot like an animal farm, mixed with a dirty porta potty.

-------------------------------------------------------------------------------
Merch - https://nilered.tv/store
-------------------------------------------------------------------------------

■ NileRed is now available on Nebula!  https://go.nebula.tv/nilered
(when signing up with this"
Cybertruck vs EUROPE,The Cybertruck will have to deal with this eventually
Views,"In which John considers the view, and the phrase ""the view,"" and the mysterium tremendum while on a walk with friends in Kentucky.

The vast majority of cinematography in this video was done by my very talented friend Alex Jimenez. 

----
Subscribe to our newsletter! http://eepurl.com/Bgi9b
And join the community at http://nerdfighteria.com  
Help transcribe videos - http://nerdfighteria.info
Learn more about our project to help Partners in Health radically reduce maternal mortality in Sierra Le"
The STRONGEST 3D Printed Illusion! 😵‍💫,"MY SHOP: https://www.1st.shop/

***MY OTHER CHANNELS***
AREA52: @area52investigations
My Podcast: @bottomofthebarrel
Gaming Channel: @chrisramsaytv
My Twitch Channel: https://www.twitch.tv/chrisramsay52
____________________________________________________________
Thanks to Apurture for the lighting:
https://glnk.io/73j1x/chris-ramsayaputureaffiliate
____________________________________________________________
Cool Stuff Available here: https://bit.ly/3f8RDm0
1000's of PUZZLES Available here: htt"
Adam Savage Examines The Spacesuits of The Expanse!,"Last year, Adam visited Propstore to check out costumes and props from The Expanse, but we were unable to share that experience due to the Hollywood strikes. But now, with Propstore's upcoming final online auction of over 300 items from the sci-fi series, we bring Adam's tour of spacesuits and armor from The Expanse out from our archives. 

Learn more about The Expanse: The Final Online Auction at https://www.propstore.com/expanse

Shot by Joey Fameli and edited by Norman Chan
Music by Jinglepun"
🔴KENDRICK DROPPED ANOTHER | POKEMON ROGUE ON MONDAY,"DONATE FOR TTS HERE ► https://streamelements.com/ludwig/tip
AI TTS GUIDE (ONLY WORKS WITH ABOVE LINK) ► https://tts.monster/yt/ucrpseylgpnygvi34qpgnqpa

GET THE TRUFFLE.TV EXTENSION FOR EMOTES, CHANNEL POINTS, PREDICTIONS, AND MORE! ► https://truffle.vip/extension 

follow me on twitter ► https://www.twitter.com/ludwigahgren
follow me on tiktok ► https://www.tiktok.com/@ludwig
follow me on instagram ► https://www.instagram.com/ludwigahgren
join my subreddit ► https://old.reddit.com/r/LudwigAhgre"
This town banned cars (except tiny electric ones),"Zermatt, in Switzerland, bans all private cars and all gasoline cars. But if you run a business, you might be able to buy one of the special, tiny ones that are built right there. ■ Zermatt: https://zermatt.ch ■ Stimbo: https://stimbo.ch/

Camera: Martin Bäbler
Editor: Julian Domanski
Local production by Viven https://viven.ch
Thanks to Kevin Tedore for the suggestion

Milk float clip licensed from Reuters via Pond5.

🟥 MORE FROM TOM: https://www.tomscott.com/
(you can find contact details and s"
Intuition for i to the power i | Ep. 9 Lockdown live math,"i^i, visualized and explained.
Full playlist: https://www.youtube.com/playlist?list=PLZHQObOWTQDP5CVelJJ1bNDouqrAhVPev
Home page: https://www.3blue1brown.com
Brought to you by you: https://3b1b.co/ldm-thanks

Mistakes:
At 1:06:20, when changing r to equal 0.69*i, I said ""this is what we might think of as (2i)^x"", but that is not correct.  It's what we'd think of as [Exp(ln(2)*i)]^x for whatever complex number Exp(ln(2)*i) is.

Beautiful notes by Ngân Vũ 
https://twitter.com/ThuyNganVu/status/126"
UNLOCK: Trying To Beat Their HARDEST Escape Game,"10% OFF Everything using Promo code: RAMSAY10 https://www.1st.shop/
UNLOCK! Game: https://www.spacecowboys.fr/unlock-english
Today @WesBarker and I are attempting to play the popular escape board game called Unlock! This is a fun and interactive escape puzzle game in which you use the game and an app to solve. Please let me know in the comments if this is something you'd like to see us do again!

____________________________________________________________
Cool Stuff Available here: https://bit."
breaking into my roommates room to do this sponsorship,"Start eating healthier today with Factor and get 50% off your first box using my code GSQDOUGDOUG! Link: https://sdqk.me/ZJcXRFPh/3cnOOXtm

Streaming live on Twitch! https://www.twitch.tv/dougdoug

My 2nd Channel: http://bit.ly/dougdoug2
Twitter: https://twitter.com/DougDougFood

More DugDug:
Latest Uploads: https://www.youtube.com/watch?v=rp4cH7mb4X4&list=PLzTxt5iYdhziB3Zf03HR_aZWgJ49ffj-d&index=2
DougDoug Challenges: https://www.youtube.com/playlist?list=PLzTxt5iYdhzh_SW60_g3HPVjBupwUZOFA
Popu"
"GTA 5 with ONLY my voice, but any damage kills you","My hardest GTA 5 challenge yet.

Streaming live on Twitch! https://www.twitch.tv/dougdoug
Full stream recording: https://www.youtube.com/watch?v=NSWPVYRcE10 

Edited by Berry Bebop! https://www.youtube.com/c/berrybebop
Thumbnail Animation by Jeagle! https://www.youtube.com/c/Jeagle_g

My 2nd Channel: http://bit.ly/dougdoug2
Twitter: https://twitter.com/DougDougFood

More DugDug:
Latest Uploads: https://www.youtube.com/watch?v=rp4cH7mb4X4&list=PLzTxt5iYdhziB3Zf03HR_aZWgJ49ffj-d&index=2
Explained "
Top 10 Facts - Counter-Strike,"Twitter: http://lemmi.no/twitter
Facebook: http://lemmi.no/facebook


[Music]
Letter Box - Where Shall We Dine

Link:
https://www.youtube.com/audiolibrary/music


[References & Further Reading]
https://docs.google.com/spreadsheets/d/1uUFmXkfYhKiq46Hol5o_YoWrrGn2WmoaZAMS8XugkX4/pub?gid=1431624165


[Thumbnail]
http://lemmino.deviantart.com/art/Counter-Strike-529926412"
She forgot about my Streamer Awards nomination... #willneff #fearand #qtcinderella,"Follow me!
TWITCH → https://www.twitch.tv/willneff
TIKTOK → https://www.tiktok.com/@willyneff
TWITTER → https://twitter.com/TheWillNeff
INSTAGRAM → https://www.instagram.com/thewillneff/

Find my podcast here → @FearAndPodcast

Edited by:  https://twitter.com/jookien

#streamerawards #austinshow #hasanabi"
How Adam Savage's Cosplay Dress Form Was Made!,"Adam welcomes Alison Hughes and Nate Barefield--the founders of Beatrice Forms--to the cave to learn how his custom dress form was made with a 3D scan of his body. Using one of Adam's favorite shirts and dinner jackets, they demonstrate why a good fit is so important to costuming and tailoring, and even surprise Adam with a miniature body-double mannequin created to his measurements!

Learn more about Beatrice Forms dress forms: https://beatriceforms.com/
Disclosure: Dress form was provided by m"
What You Don't Know About Buffalo Wings,"Football is back, we can almost taste the Buffalo wings. Here's the, highly debated, story of the unofficial snack of the sport. #food #wings #newyork #buffalowings

Subscribe to MUNCHIES here: http://bit.ly/Subscribe-to-MUNCHIES

Follow MUNCHIES here:
TikTok: https://www.tiktok.com/@munchies
Facebook: http://facebook.com/munchies
Instagram: http://instagram.com/munchies
Twitter: http://twitter.com/munchies
Threads: https://www.threads.net/@munchies

More videos from the VICE network: https://ww"
Breaking Fallout New Vegas by Constantly Rewinding Time,"53 hours later, Oppenheimer has made it to New Vegas. It is time to Fallout with Benny

Watch my entire Fallout New Vegas series here: https://youtube.com/playlist?list=PLliBvQE3gg9dC55Jxdhsmo_UIiDkw6z-5&si=zBUt-d9A8CSFYoWY

Fallout New Vegas is one of my all time favourite games, and I'm so excited to present the game like this. I've planned my character build in depth with the goal of pushing the power of my build increasingly to its limit as time progresses. The plan is to complete all DLC, a"
Let’s pretend you didn’t see that…,
I’m torturing 8 Youtubers with my Game-Shuffling robot,"I built a machine that swaps videogames WHILE you’re playing them. Which Youtuber can survive this insane challenge and emerge the victor of Shufflemania?

Streaming live on Twitch! https://www.twitch.tv/dougdoug

My 2nd Channel: http://bit.ly/dougdoug2
Twitter: https://twitter.com/DougDougFood

More DugDug:
Latest Uploads: https://www.youtube.com/watch?v=rp4cH7mb4X4&list=PLzTxt5iYdhziB3Zf03HR_aZWgJ49ffj-d&index=2
DougDoug Challenges: https://www.youtube.com/playlist?list=PLzTxt5iYdhzh_SW60_g3HP"
SST in 100 seconds,"SST serverless stack is an open-source infrastructure-as-code tool for building on AWS with TypeScript. Learn how to easily manage resources on AWS and handle deployments for JS frameworks like Next.js, Astro, Svelte, and more. 

#webdevelopment #javascript #100secondsofcode 

💬 Chat with Me on Discord

https://discord.gg/fireship

🔗 Resources

SST on GitHub https://github.com/serverless-stack/sst
SST Docs https://sst.dev
50 AWS services explained https://youtu.be/JIbIYCM48to
Serverless was a mi"
A Stupid Incorrect Idiot Makes Tier Lists,Lifestyle
"Opening the $30,000 Chinese Mystery Crate","🍋❄️ NEW LEMON ICE GROG OUT NOW 👉 http://grog.shop
🌈BUY THE SHIRTS WE'RE WEARING with code ""COLDONES""  👉🏻 https://bit.ly/coolshirtzz
🥤 FOR 10% OFF YOUR GAMERSUPPS use code ""COLDONES"" 👉 https://bit.ly/coldonesGG

🅿️ Pledge to our patreon for extended videos: https://www.patreon.com/coldones

SEND STUFF TO OUR PO BOX AND IT MIGHT BE FEATURED IN A VID: ✉️📬
PO BOX 403
Abbotsford
VIC 3067
Australia
_______________________________________________________
SOCIAL MEDIA LINKS
Twitter ⇨ https://twitter.com"
"$100,000,000 Car Doors",
The (Second) Deadliest Virus,"Sources & further reading: https://sites.google.com/view/sources-smallpox/
This video was made possible through a grant by Open Philanthropy.
Check out '500 Million, But Not A Single One More' by Rational Animations here: https://youtu.be/ljmifo4Klss?si=uo5YKgXY5ghquPTs

Continue learning about the fascinating world of biology with our Human Cell Poster, exclusively available here: https://shop.kgs.link/human-cell

Few of the monsters that evolution created have been so successful at hurting us "
AI Made this VLOG,"music by http://www.davidcuttermusic.com
MUCH THANKS TO https://www.instagram.com/hunter_weiss/ for helping with this video"
Shark Attack Test- Human Blood vs. Fish Blood,"I personally got in the water and tested if Sharks had a preference of human blood vs. fish blood.

Point of clarification:  A few people have pointed out the dates on the negative and positive Covid tests are the same.  You'll also notice my doctor was Bob Newby from Stranger Things.  Turns out there is a lot of personal info on a Covid result test and the part that says negative and positive wasn't easily readable so I photoshopped up something that solved both of those issues and didn't bothe"
You can TASTE the CRUNCH 🥪⏳,
This die has a puzzle inside 🎲 #shorts,"If you feel I've earned it  you can support the channel here: https://www.patreon.com/mikeboyd
If you prefer, YouTube's ""Join"" feature, you can support here: https://www.youtube.com/channel/UCIRiWCPZoUyZDbydIqitHtQ/join
Want to give a one-off donation instead? https://www.buymeacoffee.com/mikeboyd
I am so grateful for any support you choose to give, financial or emotional! 🙏 Almost die’d completing this puzzle"
Seas #TeamSeas,Donate: https://www.teamseas.org/
The Internet is Worse Than Ever – Now What?,"Go to https://ground.news/nutshell to get 30% off unlimited access to Ground News - a website and app that gathers the world’s news in one place so you can compare coverage and find common ground. 

Sources & further reading: https://sites.google.com/view/sources-why-we-hate-each-other/

In 2022 nearly half of Americans expected a civil war in the next few years, one in five now believes political violence is justified. And it is not just the US but around the world. People increasingly see them"
Reacting to the greatest cringe of all time..,"#AD - 🌏 Get exclusive NordVPN deal here ➵  https://NordVPN.com/pewdiepie It’s risk free with Nord’s 30 day money-back guarantee!✌

Stock Up On ➡️🥤Gfuel (affiliate): https://gfuel.ly/pewdiepie
#Code #Pewdiepie

👘 Tsuki: https://bit.ly/3xrWsgY
👔 Based: https://www.based.gg

📱Customized Devices: https://rhinoshield.io/pewdiepie

⚙️My Setup (affiliate links)⚙️
🪑 Chair: https://bit.ly/3r51IUS
💻 Browser: https://operagx.gg/Pewds
⌨️ 🖱️ Keyboard & Mouse: https://ghostkeyboards.com/pages/pewd...

🕹️ Pewd"
This Week I Learned to Crack a Combination Lock,"If you feel I've earned it  you can support the channel here: https://www.patreon.com/mikeboyd
If you prefer, YouTube's ""Join"" feature, you can support here: https://www.youtube.com/channel/UCIRiWCPZoUyZDbydIqitHtQ/join
Want to give a one-off donation instead? https://www.buymeacoffee.com/mikeboyd
I am so grateful for any support you choose to give, financial or emotional! 🙏 This week I thought I'd try my hand at lock picking once again . This time however, instead of a key lock, I learn to crac"
Metal Gear Rising Revengeance: A Stupid Masterpiece,"This is the most ambitious trainwreck of a game, and I now love Metal Gear Rising: Revengeance

STANDING HERE. I REALIZE. YOU ARE JUST LIKE ME. TRYING TO MAKE HISTORY https://www.youtube.com/watch?v=_pSsm8lp_EU

~This video was recorded live on my Twitch Channel: http://www.twitch.tv/rtgame
~Subscribe if you'd like to see more! https://www.youtube.com/@RTGame?sub_confirmation=1
~Become a Youtube Member to support me: https://www.youtube.com/channel/UCRC6cNamj9tYAO6h_RXd5xA/join

~Follow me on Tw"
The best (worst) dating show is BACK!!,"Use code CODYKO for $20 off your first SeatGeek order. 
https://seatgeek.onelink.me/RrnK/CODYKO

merch: http://ko-official.com

Outro song: https://song.link/ca/i/1657351351

podcast: https://www.youtube.com/tinymeatgang
2nd channel: https://www.youtube.com/channel/UCy06jHRS_82N2i5v1YL7glQ

instagram: http://instagram.com/codyko
twitter: http://twitter.com/codyko

business: mahzad.babayan@unitedtalent.com

edited by: https://www.youtube.com/goofyjuice"
The Hypnagogic Archive: An Anthology ARG,"Grab AtlasVPN with my 82% OFF discount: https://atlasv.pn/Wendigoon


The Archive: https://hypnagogicarchive.neocities.org

YouTube Archive: https://www.youtube.com/channel/UCtf2wiEvMLwnkdxSq7w_-Sg


Timestamps

Intro - 00:00

Website Description - 4:39

Call & Response - 9:01

Genetic Opportunity - 18:14

Heron Observations - 27:42

Joyce - 38:48

Longing for Something Greater - 53:59

Requiem for Steve - 1:11:00

Where Does Wastewater Go? - 1:24:01

Hidden Message & video analysis teaser - 1:2"
Bagel with Lox from Mr. & Mrs. Smith | Binging with Babish,"This episode is sponsored by Fiverr. Head to https://Fvrr.co/BABISH to check out the services available to you and use code BABISH for 10% off!

This week, we're making New York style everything bagels with lox and cream cheese, inspired by Mr. & Mrs. Smith.

Music: ""Juparo"" by Broke for Free

Get the new Basics with Babish Cookbook on Amazon: https://www.amazon.com/Basics-Babish-Guide-Making-Mistakes/dp/198216753X

Babish Cookware on Amazon: http://bit.ly/babishstore

My playlist of preferred c"
"Would You Split Or Steal $250,000?",
the final button video,"BUY A TICKET: http://moment.co/tinymeatgang

merch: http://ko-official.com
podcast: https://www.youtube.com/tinymeatgang
2nd channel: https://www.youtube.com/channel/UCy06jHRS_82N2i5v1YL7glQ

instagram: http://instagram.com/codyko
twitter: http://twitter.com/codyko

business: mahzad.babayan@unitedtalent.com

edited by: https://www.youtube.com/goofyjuice"
Donating to HITMAN Streamers If They Beat My Challenges...,"every great assassin starts with a gifted sub

WATCH LIVE ► https://www.twitch.tv/atrioc
TWITTER ►https://www.twitter.com/atrioc
DISCORD ►  https://discord.com/invite/Dar3UDx
REDDIT ► https://reddit.com/r/Atrioc/

Edited by Bryguy & Zinjo
https://twitter.com/notzinjo
https://twitter.com/bryguyedits

FULL VOD: https://www.youtube.com/watch?v=FtWmDEgkEGA
#atrioc #stream #gaming"
Van Camping in My Friend's DIY (Log Cabin Style) Van Camper Conversion - Europe Road Trip Ep 1,"My friend converted a van into this epic looking camper and we set off on a road trip around Europe!
Check out Jim's Instagram - https://www.instagram.com/jwpottery_/?hl=en
Check out my Instagram - https://www.instagram.com/alex_smith1809/
Support the Just Alex Channel on Patreon - https://www.patreon.com/justalexsmith
Business enquiries - alexfordhamsmith@gmail.com"
i miss being a YouTuber,"CHECK OUT DAN'S CHANNEL - https://www.youtube.com/c/DanMace

music;
Andrew ApplePie - https://soundcloud.com/andrewapplepie
Ponder's Music - http://bsta.rs/1fy855"
This Week I Learned to Solve the Pyraminx,"If you feel I've earned it  you can support the channel here: https://www.patreon.com/mikeboyd
If you prefer, YouTube's ""Join"" feature, you can support here: https://www.youtube.com/channel/UCIRiWCPZoUyZDbydIqitHtQ/join
Want to give a one-off donation instead? https://www.buymeacoffee.com/mikeboyd
I am so grateful for any support you choose to give, financial or emotional! 🙏 The first 1000 people to use this link will get a free trial of Skillshare Premium Membership: https://skl.sh/mikeboyd0521"
"Let's make #slurm from Futurama: Thick, green, and admittedly...pretty gross.","Let's make #slurm from Futurama: Thick, green, and admittedly...pretty gross."
"I got hacked, then Banned","#AD - 🌏 Get exclusive NordVPN deal here ➵ https://NordVPN.com/pewdiepie It’s risk free with Nord’s 30 day money-back guarantee!✌

INCOMING!!! https://pewdiepie.amaze.co/

Stock Up On ➡️🥤Gfuel (affiliate): https://gfuel.ly/pewdiepie-collection
#Code #pewdiepie 

∞ Official ƿ૯ωძɿ૯ƿɿ૯ Infinity Stream: https://www.twitch.tv/pewdiepie

⚙️ My Setup (affiliate links)⚙️
🎧 Headphones: https://www.anrdoezrs.net/click-100814745-14330447
🪑 Chair: https://tinyurl.com/clutchpdp
⌨️ 🖱️ Keyboard & Mouse: https:/"
How Quantum Computers Break The Internet... Starting Now,"A quantum computer in the next decade could crack the encryption our society relies on using Shor's Algorithm. Head to https://brilliant.org/veritasium to start your free 30-day trial, and the first 200 people get 20% off an annual premium subscription.

▀▀▀
A huge thank you to those who helped us understand this complex field and ensure we told this story accurately - Dr. Lorenz Panny, Prof. Serge Fehr, Dr. Dustin Moody, Prof. Benne de Weger, Prof. Tanja Lange, PhD candidate Jelle Vos, Gorjan A"
This is the Barking Dog experiment,"Today I'm going to be showing you the classic barking dog experiment that I did a while ago on my main channel. To do this, I just have to fill a tall cylinder with nitrous oxide gas and add a few drops of a solvent called carbon disulfide. Now I just need to cover the top, and shake it around a bit. I should now have a mixture of the nitrous and the carbon disulfide, and all I have to do is light it on fire.

-------------------------------------------------------------------------------
Merch "
The Worst Things About Not Having Cancer,"Feel weird about this one, of course. Like, obviously I am extremely happy...but also very nervous. It's so weird when you're like googling like ""This could be cancer, but it probably isn't"" and then IT IS. Now every slightly weird blood test or strange abdominal pain is a shadow of that. But the anxiety is only a part of it...and the other parts are much weirder.

John's News: https://twitter.com/sportswithjohn/status/1768361802440560772

Grace's Video: https://www.youtube.com/watch?v=DzkPkQZqw"
"Bayes theorem, the geometry of changing beliefs","Perhaps the most important formula in probability.
Help fund future projects: https://www.patreon.com/3blue1brown
An equally valuable form of support is to simply share some of the videos.
Special thanks to these supporters: http://3b1b.co/bayes-thanks
Home page: https://www.3blue1brown.com

The quick proof: https://youtu.be/U_85TaXbeIo

Interactive made by Reddit user Thoggalluth: https://nskobelevs.github.io/p5js/BayesTheorem/

The study with Steve:
https://science.sciencemag.org/content/185/"
🔴LOSE A GAME GIFT 100 SUBS,"DONATE FOR TTS HERE ► https://streamelements.com/ludwig/tip
AI TTS GUIDE (ONLY WORKS WITH ABOVE LINK) ► https://tts.monster/yt/ucrpseylgpnygvi34qpgnqpa

GET THE TRUFFLE.TV EXTENSION FOR EMOTES, CHANNEL POINTS, PREDICTIONS, AND MORE! ► https://truffle.vip/extension 

follow me on twitter ► https://www.twitter.com/ludwigahgren
follow me on tiktok ► https://www.tiktok.com/@ludwig
follow me on instagram ► https://www.instagram.com/ludwigahgren
join my subreddit ► https://old.reddit.com/r/LudwigAhgre"
MY TOP 5 MAGIC FAILS!,"Magic With YouTubers: https://www.youtube.com/watch?v=wyouuGFJ1eo
| Subscribe: http://bit.do/Steven | Follow: http://instagram.com/stevenbridgestv |

I hope you enjoyed my top 5 magic fails! It's alright to mess up - that's how you learn to get better! I may make another 'My Top 5 magic fails' video in the future when I inevitably make more mistakes. 

PATREON: 
http://patreon.com/StevenBridges

THANKS TO: 
Matt Amys - http://youtube.com/MattAmys

SOCIALS: 
Instagram: http://instagram.com/Steven"
The set builders were NOT HAPPY about the fake snow 🥶❄️,
This bus transforms into a train,"The DMV, or Dual Mode Vehicle, on the Asa Coast Railway in Shikoku, Japan, is a hybrid bus and train. And I rode it. ■ The railway: https://asatetu.com/en/  (English) or https://asatetu.com/ (Japanese)

An accessible English dub of this video is available. Plus, as there was (unusually) room for it in this video, there's also a version with audio description. You can turn those on in your device's player settings. Both are experimental and use an AI-generated voice, so they're a long way from pe"
Tips to be a better problem solver [Last live lecture] | Ep. 10 Lockdown live math,"Tips on problem-solving, with examples from geometry, trig, and probability.
Past episodes with integrated quizzes: https://itempool.com/c/3b1b
Full playlist: https://www.youtube.com/playlist?list=PLZHQObOWTQDP5CVelJJ1bNDouqrAhVPev
Home page: https://www.3blue1brown.com
Brought to you by you: https://3b1b.co/ldm-thanks
Huge huge thanks to Ben Eater: https://www.youtube.com/user/eaterbc
And Cam Christensen, creator of ItemPool: https://itempool.com/

Notes by Ngân Vũ:
https://twitter.com/ThuyNgan"
SCIENCE CLASS #4- How to Waterproof Your Hand,"Lots of juicy demos relating to surface tension! NO CLASS THIS WEDS!! I'm filming one of my normal monthly videos that day.  Back on Friday though!!

Go check out Dianna's awesome channel- https://youtu.be/8aaXZDazPxs

CHALLENGE- float as many paper clips as you can and then come up with a creative way to ruin the surface tension and have them all sink.  Tag me on any social media with your responses.  

Question for next time- How do astronauts weigh themselves when they are floating and weight"
Giving Car Keys Instead Of Candy On Halloween,
My Twitch Chat Created An Insane Awards Show,"THE FIRST ANNUAL BIG A WARDS! ON TIME AND ON BUDGET! 

WATCH LIVE ► https://www.twitch.tv/atrioc
TWITTER ►https://www.twitter.com/atrioc
DISCORD ►  https://discord.com/invite/Dar3UDx
REDDIT ► https://reddit.com/r/Atrioc/

Edited by zhilla || https://twitter.com/thegodzhilla

ACLU DISCORD || https://discord.com/invite/aclu

FULL VOD: https://www.youtube.com/watch?v=AQ3VGFcJDT8
#atrioc #stream #gaming"
The Secret To Opening Conch Shells,"When you’re in the Bahamas you have to try Conch, a local delicacy. These large sea snails that are pulled fresh from pristine Bahamian waters. But there’s a secret to pulling them out of their shell.  #bahamas #conch #seafood #caribbean #streetfoodicons


Subscribe to MUNCHIES here: http://bit.ly/Subscribe-to-MUNCHIES

Follow MUNCHIES here:
TikTok: https://www.tiktok.com/@munchies
Facebook: http://facebook.com/munchies
Instagram: http://instagram.com/munchies
Twitter: http://twitter.com/munchie"
I just exposed the biggest secret in magic...,"MY SHOP: https://www.1st.shop/

***MY OTHER CHANNELS***
AREA52: @Area52Investigations 
My Podcast: @BottomOfTheBarrel 
Channel:@ChrisRamsayTV 
My Twitch Channel: https://www.twitch.tv/chrisramsay52
____________________________________________________________
Thanks to Apurture for the lighting:
https://glnk.io/73j1x/chris-ramsayaputureaffiliate
____________________________________________________________
Cool Stuff Available here: https://bit.ly/3f8RDm0
1000's of PUZZLES Available here: http://w"
Top 10 Facts - 2017,"[Credits, References, and More]
https://www.lemmi.no/p/t10f-2017

Patreon: https://www.patreon.com/lemmino
Subreddit: https://www.reddit.com/r/lemmino
Twitter: https://www.twitter.com/lemmin0
Discord: https://www.discord.gg/lemmino"
I ran an ULTRA marathon,"Go to https://expressvpn.com/codyko and find out how you can get 3 months of ExpressVPN free!

merch: http://ko-official.com
podcast: https://www.youtube.com/tinymeatgang
2nd channel: https://www.youtube.com/channel/UCy06jHRS_82N2i5v1YL7glQ

instagram: http://instagram.com/codyko
twitter: http://twitter.com/codyko

business: mahzad.babayan@unitedtalent.com

edited by: https://www.youtube.com/goofyjuice"
Trash Boat,"Hey guys don't forget to eat your vegetable and subscrib
Morgan's channel: https://youtu.be/EwTZ2xpQwpA
Michael's channel: https://www.youtube.com/michaelreeves

Support us on Patreon: https://www.patreon.com/williamosman
Website: http://www.williamosman.com/
InstaHam: https://www.instagram.com/crabsandscience/
Twitter: https://twitter.com/CrabsAndScience
Facebook: https://www.facebook.com/williamosmanscience/
CameraManJohn: http://www.johnwillner.com/"
Iraqi Meat Dumplings: Kubbeh Halab,"Get ready to savor the rich and aromatic flavors of the Middle East with this delicious Kubbeh Halab recipe! Join Chef Zach Engel in the kitchen and learn how to make aromatic saffron rice and mouth-watering lamb ragu, and then turn them into crispy, football-shaped balls topped with a tangy raisin romesco sauce. Watch carefully and take your cooking skills to the next level with this essential Middle Eastern classic!

Check out the recipe here:
https://www.vice.com/en/article/y3pekk/kubbeh-hala"
The Lost Footage of the Hypnagogic Archive,"Get Current, use my code WENDIGOON for a chance to win and learn more:
https://www.current.com/goonwendi

Banking services provided by Choice Financial Group and Metropolitan Commercial Bank, Members FDIC.


The Archive: https://hypnagogicarchive.neocities.org

YouTube Archive: https://www.youtube.com/channel/UCtf2wiEvMLwnkdxSq7w_-Sg

Filthy Treatise: https://filthytreatise.wordpress.com/


Timestamps

Intro - 00:00

Video Analysis - 4:00

Website Analysis - 39:54

Website Analysis again but it'"
Unity Gradient Editor (1/3),"In this series we'll be creating a custom gradient editor.

Source:
https://github.com/SebLague/Gradient-Editor

Support the creation of more gamedev tutorials:
https://www.patreon.com/SebastianLague
https://www.paypal.me/SebastianLague"
Are There Lost Alien Civilizations in Our Past?,"Get inspired by Science - Learn about the history of life and dream of utopian civilizations.
Visit our shop: https://kgs.link/shop-158

Go to https://NordVPN.com/kurzgesagt for an exclusive deal for our viewers. It’s risk free with NordVPN’s 30 day money back guarantee.

Sources & further reading:
https://sites.google.com/view/sources-earthaliens/

When we think about alien civilizations we tend to look into the vastness of space, to far away planets. But there is another incredibly vast dimens"
GUKESH IS 4000 ELO!!!!,"➡️ Get My Chess Courses:  https://www.chessly.com/
➡️ Get my best-selling chess book: https://geni.us/gothamchess

➡️ My book in the UK and Europe: https://bit.ly/3qFqSf7
➡️ Mein Buch auf Deutsch: https://bit.ly/45fKt3R
➡️ Mi libro en Español: https://bit.ly/3Y5xaRx

➡️ Start Playing Chess FOR FREE: http://bit.ly/3Xa3EsB

➡️ Enjoy my videos? Donate Here : https://www.paypal.me/gothamchess

Email me your games: gothamletters@gmail.com
Sponsors, Business, Media: gotham@night.co - [DO NOT SEND GAME"
First Class Sleeper Train Across Australia | The Ghan,"Get Airalo today & use my code TREKTRENDY3 for $3 USD OFF
your data plan: https://www.airalo.com/?code%3DTREKTRENDY3&redirect_macos=https://www.airalo.com/?code%3DTREKTRENDY3

I’m taking a First Class train across the entirely of Australia. From the very North of Darwin all the way down to South Australia, and Adelaide. This is one of the world’s most iconic train journeys and in turn is the world’s longest regularly scheduled train (the Ghan operates up to 1000m in length!). 

So what will I sh"
I hate this guy and i dont even know his name,"follow me on twitter ► https://www.twitter.com/ludwigahgren
follow me on tiktok ► https://www.tiktok.com/@ludwig
follow me on instagram ► https://www.instagram.com/ludwigahgren
join my subreddit ► https://old.reddit.com/r/LudwigAhgren/
join my discord ► https://discord.gg/ludwig
LINK TO EVERYTHING ► https://wlo.link/@ludwig


edited by: https://twitter.com/camerondiro

#ludwig"
How does USB device discovery work?,"What happens when you first plug a USB device in? There's a whole bunch of negotiation where the computer discovers what a USB device is capable of. In this video I capture the conversation and walk through what's going on.

Support these videos on Patreon: https://www.patreon.com/beneater or https://eater.net/support for other ways to support.

------------------

Social media:
Website: https://www.eater.net
Patreon: https://patreon.com/beneater
Reddit: https://www.reddit.com/r/beneater
"
The Longest-Running Evolution Experiment,"If you ran evolution all over again, would you get humans? How repeatable is #evolution? This video is sponsored by @BountyBrand. #biology #science #QPU #HygieneBeginswithBounty #BountyPartner

Special thanks to Prof. Richard Lenski and team for showing me around the lab — it is an honor to be able to witness and document such a historic science experiment. 
Thanks to Dr Zachary Blount for the help with research and setting up the competition time-lapse, Dr Nkrumah Grant for microscope images of"
I Attempted a Final Boss Rush across All Video Games,"This is not just a boss rush - this is a Final Boss Rush spanning multiple video games and series. Now's your chance to be a Big Shot

Watch my Best of RTGame 2023: https://youtu.be/4n-SLYPbkws?si=Ne8vhO9SsjIwx8IF

Everything in this video was recorded live on my Twitch Channel. My schedule is Tuesday & Thursday @ 7pm, Saturday & Sunday @ 3pm - all times based in Ireland: http://www.twitch.tv/rtgame

A Full Breakdown of the games featured for those worried of Spoilers, along with timestamps:
-0:"
BOTEZ vs BOTEZ!!!!!!!!!,"➡️ Get My Chess Courses:  https://www.chessly.com/
➡️ Get my best-selling chess book: https://geni.us/gothamchess

➡️ My book in the UK and Europe: https://bit.ly/3qFqSf7
➡️ Mein Buch auf Deutsch: https://bit.ly/45fKt3R
➡️ Mi libro en Español: https://bit.ly/3Y5xaRx

➡️ Start Playing Chess FOR FREE: http://bit.ly/3Xa3EsB

➡️ Enjoy my videos? Donate Here : https://www.paypal.me/gothamchess

Email me your games: gothamletters@gmail.com
Sponsors, Business, Media: gotham@night.co - [DO NOT SEND GAME"
12hrs in Air France First Class Suites | La Premiere,"Get your OVOU card today: https://ovou.com/make-it-count?utm_source=bp&utm_medium=yt&utm_campaign=trektrendy and use TT10 for a 10% discount at checkout

Join me as I fly on the worlds most exclusive First Class, Air France 777 La Premiere Suites for 12 hours. I’ll show you exactly what it’s like to fly in one of the most expensive commercial tickets, from the fine dining, private bed and my overall thoughts on the product. With just 4 suites on each Boeing 777 aircraft, it's one of the most cha"
he found me,"Subscribe for more videos: https://goo.gl/G9As1e
Reddit: https://www.reddit.com/r/Davie504/
#shorts"
S A C R E D ~ M O M E N T,"BLANK BANSHEE - Ammonia Clouds
BLANK BANSHEE - Bathsalts

http://blankbanshee.bandcamp.com/"
Who's the Faster Learner? Me or my Wife?,"If you feel I've earned it  you can support the channel here: https://www.patreon.com/mikeboyd
If you prefer, YouTube's ""Join"" feature, you can support here: https://www.youtube.com/channel/UCIRiWCPZoUyZDbydIqitHtQ/join
Want to give a one-off donation instead? https://www.buymeacoffee.com/mikeboyd
I am so grateful for any support you choose to give, financial or emotional! 🙏 Checkout https://skl.sh/mikeboyd12201 for your free trial of Skillshare (first 1000 people).

This week, Kim learns to spi"
Our Winter Trip!,"#AD 🕵️ CHECK OUT https://www.based.gg🕵️




Stock Up On ➡️🥤Gfuel (affiliate): https://gfuel.ly/pewdiepie-collection
#Code #Pewdiepie

Get exclusive NordVPN deal here ➵ https://NordVPN.com/pewdiepie It’s risk free with Nord’s 30 day money-back guarantee!✌

Official ƿ૯ωძɿ૯ƿɿ૯ TikTok: https://www.tiktok.com/@pewdiepie

∞ Official ƿ૯ωძɿ૯ƿɿ૯ Infinity Stream: https://www.twitch.tv/pewdiepie

⚙️ My Setup (affiliate links)⚙️
🖥️  PC: https://howl.me/clHcdRoIePi
🎧 Headphones: https://www.anrdoezrs.net/cli"
5 ways to hold a bass,#shorts
The National Breakfast from the Dominican Republic You HAVE to Try | Street Food with Senpai,"This week on Street Food with Senpai, Kai is making mangu tres golpes, the national breakfast of the Dominican Republic, with some fun sides and drinks.

Recipes coming soon!

Senpai Kai on YouTube: https://www.youtube.com/channel/UCt80koRTG61DmNCp4oybLSg

Pre-Order the new Basics with Babish Cookbook on Amazon: https://www.amazon.com/Basics-Babish-Guide-Making-Mistakes/dp/198216753X

Babish Cookware on Amazon: http://bit.ly/babishstore

My playlist of preferred cooking tunes, Bangers with Babis"
This chemical does something weird when it's burned (4-nitroaniline),"4-nitroaniline is a chemical that's commonly used to make things like dyes and pharmaceuticals, but I just want to burn it because it has a cool reaction. I just have to add some 4-nitroaniline to a dish, along with some sulfuric acid. Now I just have to heat it up with a Bunsen burner, and it's supposed to quickly expand into a cool snake thing.

-------------------------------------------------------------------------------
Merch - https://nilered.tv/store
-------------------------------------"
2020 Vision: The YouTube Channel Predicting Death,"In 2017, a YouTube channel uploaded videos accurately predicting deaths that would later happen in 2020. Their method of doing this, however, is simpler than you might think.

🎡Visit Liminal Land: https://www.liminalland.net
📧Submit a mystery: NightmareExpo@gmail.com
📲Follow me: https://www.twitter.com/NexpoYT
🖤Support the channel: https://www.patreon.com/Nexpo

--------------------------------------------------------------------------------------
My Equipment & Setup: https://www.amazon.com/sho"
How Much Money Did I Make Fixing Broken Tools?,"Tiktok: https://www.tiktok.com/@ididathing
Instagram: https://www.instagram.com/ididathing_official
Twitter: https://twitter.com/ididathing1
Discord: https://discord.gg/FMAgmBk
Patreon: https://www.patreon.com/user?u=13180179

Music: 
Intro Funky Uzbekistan Disco: https://www.youtube.com/watch?v=VbOeopWF6Fc

Folk Round by Kevin MacLeod is licensed under a Creative Commons Attribution license (https://creativecommons.org/licenses/by/4.0/)
Source: http://incompetech.com/music/royalty-free/index.ht"
I brought the boy to his homeland,"Go to https://ridge.com/pewdiepie to get up to 40% off some of my favorite Ridge products!
Sponsored by Ridge.

Get exclusive NordVPN deal here ➵ https://NordVPN.com/pewdiepie It’s risk free with Nord’s 30 day money-back guarantee!✌

Official ƿ૯ωძɿ૯ƿɿ૯ TikTok: https://www.tiktok.com/@pewdiepie

∞ Official ƿ૯ωძɿ૯ƿɿ૯ Infinity Stream: https://www.twitch.tv/pewdiepie

⚙️ My Setup (affiliate links)⚙️
🖥️  PC: https://howl.me/clHcdRoIePi
🎧 Headphones: https://www.anrdoezrs.net/click-100814745-14330447
"
"This is “impossible”, but New Zealand is trying anyway.","The common wisdom is that, once an invasive species is truly established, it can't be eradicated — but I talked to the team from Predator Free Wellington, who think they can do just that. ■ Predator Free Wellington: https://www.pfw.org.nz/

Predator Free 2050: https://pf2050.co.nz/

Editor: Michelle Martin https://twitter.com/mrsmmartin
Camera: Conor Cameron https://cyansea.nz/
Producer: Virginia Wickham at Kevin & Co https://www.kevinandco.co.nz/

🟥 MORE FROM TOM: https://www.tomscott.com/
(you"
"After 140 years, this old technology still keeps trains safe","""Anderson's Piano"" is a set of wires and signals at the Pass of Brander, near Falls of Cruachan in Scotland, that try to detect when there might be a boulder on the track. They're 140 years old, and so far no-one's been able to find a better solution — but they're working on it.

Thanks to all the team at Network Rail and Scotland's Railway: https://scotlandsrailway.com/
Edited by Michelle Martin https://twitter.com/mrsmmartin

🟥 MORE FROM TOM: https://www.tomscott.com/
(you can find contact det"
Reopening an airport terminal is harder than you might think,"On Sunday, the South Terminal at London's Gatwick Airport will reopen for the first time since 2020. It turns out that mothballing an entire terminal isn't quite as easy as turning out the lights.

Thanks to all the team at Gatwick Airport! (To be clear, this isn't a sponsored video: I approached them about filming this, and I'm grateful for the access. I did not expect to get out on the airfield.)

Bonus fact for pulling down the description: this was filmed on Wednesday, when the cloud of Saha"
The Cheapest Pizza in New York City,"The cheapest pizza in New York City is just $1 a slice. 

Eli and Oren Halali, the two brothers who founded 2 Bros Pizza, sell slices for a buck. 

They're known for getting their patrons in and out of the store within ten seconds, and for selling hundreds of pies a day. 🍕

#newyork #pizza #nycfood #fastfood #munchies #foodporn 

Subscribe to MUNCHIES here: http://bit.ly/Subscribe-to-MUNCHIES

Follow MUNCHIES here:
TikTok: https://www.tiktok.com/@munchies
Facebook: http://facebook.com/munchies
I"
"if she leaves me, this is why","MUSIC BY - https://fanlink.to/digitalfriends
INTRO MUSIC - https://soundcloud.com/mickman/tracks"
geoguessr world cup day 1 recap,"a recap of day 1 of the $50k geoguessr world cup. the top 8 players advance to the finals on day 2 (will post a recap of that soon as well)!

edited by: rawcruz (linktr.ee/rawcruz)"
isn't the circle of life magical? 🍕😔,
PETSCOP: A Virtual Void of Misery,"Start speaking a new language in 3 weeks with Babbel 🎉. Get up to 60% OFF your subscription ➡️Here: https://go.babbel.com/t?bsc=1200m60-youtube-nexpo-oct-2023&btp=default&utm_term=generic_v1&utm_medium=paidsocial&utm_source=YouTube&utm_content=Influencer..nexpo..USA..YouTube

Upon venturing into the depths of Petscop, Paul has uncovered a disconcerting mystery. What is he onto, and where does it lead?

🎥PART ONE: https://youtu.be/A_rK2tAIFLA
🕹Petscop: https://www.youtube.com/Petscop
🎶Soundtrack:"
Busker Life & Magic!,"BEST BUSKING AMPS: http://www.stevenbridges.co.uk/best-amp/
PATREON: http://patreon.com/StevenBridges
Time stamps: First trick at 00:00. Second trick at 07:57
SOCIALS: 
Instagram: http://instagram.com/StevenBridgesTV
Twitter: http://twitter.com/StevenBridges
Snapchat: StevenBridgesTV
Facebook: http://facebook.com/StevenBridgesMagician
Second Channel: http://youtube.com/stevenbridgestv2

MAGIC:
Cards I use - http://geni.us/cards
Learn card magic - http://geni.us/cardmagicamazon

BUSKERS IN THIS V"
The Cannibal Killing of Michael Rockefeller,"Thank you all so much for watching and please let me know what you think! 

Links

Patreon: https://www.patreon.com/wendigoon

Twitter: https://mobile.twitter.com/wendigoon8

Subreddit: https://www.reddit.com/r/wendigoon/

Sweatshirt: https://wendigoon.myshopify.com/products/wendigoon-classic

Email: Wendigoon1@gmail.com"
What is going on?!?! #willneff #austinshow #emiru,"Follow me!
TWITCH → https://www.twitch.tv/willneff
TIKTOK → https://www.tiktok.com/@willyneff
TWITTER → https://twitter.com/TheWillNeff
INSTAGRAM → https://www.instagram.com/thewillneff/

Find my podcast here → @FearAndPodcast

Edited by:  https://twitter.com/jookien"
AI learns Snake Part 2 || Snake Fusion,"Using the genetic algorithm and neural networks I trained up 5 snakes  who will then fuse to become the ultimate snake...

Check out the source code
 https://github.com/Code-Bullet/SnakeFusion

Music:
EDM Detection Mode by Kevin MacLeod is licensed under a Creative Commons Attribution license (https://creativecommons.org/licenses/by/4.0/)
Source: http://incompetech.com/music/royalty-free/index.html?isrc=USUAN1500026
Artist: http://incompetech.com/

Balzan Groove - Vadodara by Kevin MacLeod is li"
about this hotel room..,"music by the amazing;
https://www.youtube.com/c/Dyalla
and 
https://www.youtube.com/c/AftaHillOfficial"
How Difficult are Bike Rollers?,"If you feel I've earned it  you can support the channel here: https://www.patreon.com/mikeboyd
If you prefer, YouTube's ""Join"" feature, you can support here: https://www.youtube.com/channel/UCIRiWCPZoUyZDbydIqitHtQ/join
Want to give a one-off donation instead? https://www.buymeacoffee.com/mikeboyd
I am so grateful for any support you choose to give, financial or emotional! 🙏 Get 1 month of Curiosity Stream free here: https://curiositystream.com/learnquick 
Offer code: learnquick (this also inclu"
Bus architecture and how register transfers work - 8 bit register - Part 1,"Before we build the registers for our 8-bit computer, this video describes the basic operation of the bus and how data moves from one module to another across the bus. See https://eater.net/bbcpu8-registers for more.

Support me on Patreon: https://www.patreon.com/beneater"
World's strongest magnet!,The world's strongest magnet is a million times stronger than Earth's magnetic field.
52 hrs on Amtrak Sleeper Train - Chicago to San Francisco,"Head to https://squarespace.com/trektrendy to save 10% off your first purchase of a website or domain using code TREKTRENDY

Join me on the California Zephyr sleeper train for 52 hours across America. Starting in Chicago and travelling over 2,500 miles and various states to San Francisco. This has to be one of the world's most epic train journeys, and I'll show you every detail of the experience. From a tour of the three classes of travel... Coach, Roomettes ( Business Class ) all the way to Amt"
RTFM: Read the Funny Manual (or else),"Live on Twitch: https://twitch.tv/lowlevellearning

📺 Watch me as I share a valuable lesson! 😄📚✨ On my journey to stream, it took me 3 days to figure out the basics. Moral of the story: RTFM! 🤔📖 #StreamerProblems #TechTips #LearnWithMe #RTFM #NucleoBoard #StreamingIssues

🏫 COURSES 🏫 Check out my new courses at https://lowlevel.academy

🙌 SUPPORT THE CHANNEL 🙌 Become a Low Level Associate and support the channel at https://youtube.com/c/LowLevelLearning/join

Why Do Header Files Exist? https://y"
I’m done. Goodbye.,"➡️ Get My Chess Courses:  https://www.chessly.com/
➡️ Get my best-selling chess book: https://geni.us/gothamchess

➡️ My book in the UK and Europe: https://bit.ly/3qFqSf7
➡️ Mein Buch auf Deutsch: https://bit.ly/45fKt3R
➡️ Mi libro en Español: https://bit.ly/3Y5xaRx

➡️ Start Playing Chess FOR FREE: http://bit.ly/3Xa3EsB

➡️ Enjoy my videos? Donate Here : https://www.paypal.me/gothamchess

Email me your games: gothamletters@gmail.com
Sponsors, Business, Media: gotham@night.co - [DO NOT SEND GAME"
Primitive Technology: Sweet potato patch,"I built a fenced enclosure and cultivated sweet potatoes (from civilisation) and yams (from the wild) in it. I originally had a small 3X3 m garden behind the wattle and daub hut that already had some sweet potato and yam vines growing in it that were planted after the hut was built. But wallabies kept eating the leaves. So I made a wattle enclosure around it to keep them out.  Wood ash was added to the soil to provide potassium and phosphorus for the growing tubers. 
The previous small garden wa"
Can you beat two Mario games with ONE controller?,"I am the greatest mario player of all time.

Streaming live on Twitch! https://www.twitch.tv/dougdoug

Edited by Berry Bebop! https://www.youtube.com/c/berrybebop

My 2nd Channel: http://bit.ly/dougdoug2
Twitter: https://twitter.com/DougDougFood

More DugDug:
Latest Uploads: https://www.youtube.com/watch?v=rp4cH7mb4X4&list=PLzTxt5iYdhziB3Zf03HR_aZWgJ49ffj-d&index=2
DougDoug Challenges: https://www.youtube.com/playlist?list=PLzTxt5iYdhzh_SW60_g3HPVjBupwUZOFA
Popular Videos: https://www.youtube.co"
I made the worlds most dangerous pool stick,"Get PayPal Honey for FREE today ▸ https://joinhoney.com/ididathing
Honey finds coupons with one click. Thanks to Honey for sponsoring!

Twitter: https://twitter.com/ididathing1
Tiktok: https://www.tiktok.com/@ididathing
Instagram: https://www.instagram.com/ididathing_official
Discord: https://discord.gg/mppfmHW
Patreon: https://www.patreon.com/user?u=13180179"
Top 10 Facts - Undertale,"Twitter: http://lemmi.no/twitter
Facebook: http://lemmi.no/facebook


[Music]
Toby Fox - UNDERTALE Soundtrack

Link:
https://tobyfox.bandcamp.com/


[References & Further Reading]
https://docs.google.com/spreadsheets/d/1uUFmXkfYhKiq46Hol5o_YoWrrGn2WmoaZAMS8XugkX4/pub?gid=847465252


[Thumbnail]
http://lemmino.deviantart.com/art/Undertale-577284915"
PRO GEOGUESSR TOURNAMENT (LIVE),"WEEKLY GEOGUESSR TOURNAMENT. THE BEST PLAYERS IN THE WORLD COME TOGETHER TO COMPETE IN A TEAM OF 5 TO SEE WHO WILL PREVAIL THE VICTORIOUS.

PRIZE POOL DONO: https://streamelements.com/rainbolt/tip"
Nothing Phone 2 Review: A Real Personality!,"The Nothing Phone 2 has a neat design, but it's really more about the software.

Threads: http://threads.net/@MKBHD

MKBHD Merch: http://shop.MKBHD.com 

Nothing Phone (2): https://geni.us/D17CbnI
Tech I'm using right now: https://www.amazon.com/shop/MKBHD 

Playlist of MKBHD Intro music: https://goo.gl/B3AWV5 

Phone provided by Nothing for review. 
~ 
http://twitter.com/MKBHD 
http://instagram.com/MKBHD 
http://facebook.com/MKBHD"
this is the best instrument ever,#shorts
Light sucking flames look like magic,"Try Odoo for yourself: https://www.odoo.com/r/kYo

I love the black flame experiment works because of the sodium absorption and emission spectrums. Glassblower glasses make use of the absorption of Neodymium and Praseodymium to block the sodium glow when working glass.

EnChroma glasses work the way they claim to work. But whether they’re worth buying is another question.

My nephew’s channel about Gorilla Tag is here: https://www.youtube.com/@suspiciousoranges

Chris Wesley’s i-Phos Spectromete"
Actually making THAT chess cheat device,"If you feel I've earned it  you can support the channel here: https://www.patreon.com/mikeboyd
If you prefer, YouTube's ""Join"" feature, you can support here: https://www.youtube.com/channel/UCIRiWCPZoUyZDbydIqitHtQ/join
Want to give a one-off donation instead? https://www.buymeacoffee.com/mikeboyd
I am so grateful for any support you choose to give, financial or emotional! 🙏 Use code ""Mike"" for 15% off your first purchase at DailyPuzzles: https://dailypuzzles.com.au/

Amidst the cheating controv"
How a Fruit Expert Picks & Eats Rare Fruit | Bon Appétit,"Tristan Kwong's expertise has earned him the title of Fruit Sommelier—and he’s visiting the Bon Appétit Test Kitchen to share some of his rare fruit wisdom. From sweetsops and rambutans to mangosteens, sprouted coconuts and many more, learn how to pick and eat some of the less traditional fruits of the world.

Check out Tristan on social at @fruitsomm

Director: Paz Mendez Hodes
Director of Photography: Ben Dewey
Editor: Jared Hutchinson
Creative Producer: Parisa Kosari
Culinary Research"
What Is Vsauce?,"Clickbait title: 10 WILDEST Geek Girls OMG!!!

I found myself stonewalled on a number of other projects, to the point that I needed to make something just to get something done. More specifically I needed to finish something. Starting projects is easy, finishing them is hard. This isn't a thorough historiography of Vsauce, it's a story. It's not about the business of running the channel, the ways that it has fractured into sub-channels with multiple hosts and how the stand alone DONG channel fun"
Backyard Squirrelympics 3.0- The Summer Games,"I gave up on trying to battle my squirrels... but what if they battled each other? Acorns helps you save and invest for your future. Ready to grow your oak? Sign up today at http://acorns.com/rober

Special thanks to my two favorite Jimmy’s (Kimmel and MrBeast) for announcing the Sumner games. 

I started a company called CrunchLabs where we build a toy together and then I teach you all the juicy physics for how it works. So if you want to learn to think like an engineer and have really fun time"
My Twitch Chat got divorced (and re-married),"FULL VIDEO: https://www.youtube.com/watch?v=9Eck0yY1W-8

Streaming live on Twitch! https://www.twitch.tv/dougdoug

Full stream recording: https://www.youtube.com/watch?v=R9sgnmY14ss

Edited by Luka! @DougDougClips 

My 2nd Channel: http://bit.ly/dougdoug2
Twitter: https://twitter.com/DougDougFood

More DugDug:
Latest Uploads: https://www.youtube.com/watch?v=rp4cH7mb4X4&list=PLzTxt5iYdhziB3Zf03HR_aZWgJ49ffj-d&index=2
DougDoug Challenges: https://www.youtube.com/playlist?list=PLzTxt5iYdhzh_SW60_g3"
"Fooled, Fooled and FOOLED!! - Magician Can’t Figure it out!","My new Channel: @Area52Investigations 
MY SHOP: https://www.1st.shop/
Original video: https://www.youtube.com/watch?v=D6cs4wXK4_Y
Heath Cards: https://heathcards.com
Jack Paton: https://www.instagram.com/jacksjpaton/
Samuel Pratt: https://www.instagram.com/sprattcards/

Cool Stuff Available here: https://bit.ly/3f8RDm0
Gaming Channel: https://www.youtube.com/chrisramsaytv
My Twitch Channel: https://www.twitch.tv/chrisramsay52
My Lighting setup: https://glnk.io/73j1x/chris-ramsayaputureaffiliate
"
The only OTHER party trick you need,"If you feel I've earned it  you can support the channel here: https://www.patreon.com/mikeboyd
If you prefer, YouTube's ""Join"" feature, you can support here: https://www.youtube.com/channel/UCIRiWCPZoUyZDbydIqitHtQ/join
Want to give a one-off donation instead? https://www.buymeacoffee.com/mikeboyd
I am so grateful for any support you choose to give, financial or emotional! 🙏 … is the tablecloth trick. Don’t do it with your mum’s crockery."
Keychron is NOT The Best Keyboard.,"Is the Keychron Q2 Max the best Keyboard? Well, no not really. In this video I compare it to the Varmilo Sword 68 custom keyboard! 
Use code ""Hipyotech"" to save 5% https://varmilo.com/products/sword68?variant=44462520729819/?ref=hipyo
⬇️Affiliate links to help out the channel ⬇️
Get the Sword 68: https://varmilo.com/products/sword68?variant=44462520729819/?ref=hipyo
My desk mats: https://kineticlabs.com/link/hipyo-tech?ref=hipyo
Keychron Keyboards: https://www.keychron.com/products/keychron-q2-m"
I DID IT. [Rubik's Cube Competition 2021],"A vlog-ish recap of my first competition back! I did great in 5x5 and 3bld (3x3 blindfolded).

Cubes Used ► https://www.youtube.com/watch?v=Wl3tcdAV2HE

SpeedCubeShop ► https://speedcubeshop.com
Using the code ""JPERM"" supports my channel and also gives you a discount on your order.

Scramble: F2 D2 U2 R2 D2 R D' F L D' U F R F R' D2 B R2 F

Beginner:
2x2 Tutorial ► https://youtu.be/GANnG5a19kg

3x3 Tutorial ► https://www.youtube.com/watch?v=7Ron6MN45LY
4x4 Tutorial ► https://www.youtube.com/watc"
Watching Sumo Live Was Something Else..,"🧎#Subscribe🧎

Stock Up On ➡️🥤Gfuel (affiliate): https://gfuel.ly/pewdiepie-collection
#Code #Pewdiepie

👘 New Pre-Order for Tsuki: https://bit.ly/3xrWsgY

📱Customized Devices: https://rhinoshield.io/pewdiepie

⛰️NordVPN DOWNLOAD (affiliate link)⛰️
Go to https://NordVPN.com/pewdiepie and use code PEWDIEPIE to get a 2-year plan plus 1 additional month with a huge discount. It’s risk free with Nord’s 30 day money-back guarantee!

⚙️My Setup (affiliate links)⚙️
🪑 Chair: https://bit.ly/3r51IUS
💻 Brow"
I'm not allowed in...,"🧎#Subscribe🧎

Stock Up On ➡️🥤Gfuel (affiliate): https://gfuel.ly/pewdiepie-collection
#Code #Pewdiepie

⛰️NordVPN DOWNLOAD (affiliate link)⛰️
Go to https://NordVPN.com/pewdiepie and use code PEWDIEPIE to get a 2-year plan plus 1 additional month with a huge discount. It’s risk free with Nord’s 30 day money-back guarantee!

⚙️My Setup (affiliate links)⚙️
🪑 Chair: https://bit.ly/3r51IUS
⌨️ 🖱️ Keyboard & Mouse: https://ghostkeyboards.com/pages/pewd...

🕹️ Pewdiepie's Pixelings
iOS: https://buff.ly/"
The Best New Restaurant in the Country is in New Orleans | On The Line | Bon Appétit,"“The waitlist at Dakar is about 40-50 people every single day. We serve all of our guests at once so it can be a challenge.” Bon Appetit spends a day on the line with Sharena Smith, Sous Chef at Dakar NOLA in New Orleans, a Senegalese restaurant that serves a 7-course tasting menu to all its customers at once and winner of the James Beard Best New Restaurant 2024.

Director: Lisa Paradise
Director of Photography: Alejandro Moreno
Editor: Jamie Gordon
Featuring: Sharena Smith
Director of Cu"
Twins wants to be Pregnant (At the same time...),"#AD -🌏 Get exclusive NordVPN deal here ➵  https://NordVPN.com/pewdiepie It’s risk free with Nord’s 30 day money-back guarantee!✌

🧎#Subscribe🧎

Stock Up On ➡️🥤Gfuel (affiliate): https://gfuel.ly/pewdiepie-collection
#Code #Pewdiepie

👘 New Pre-Order for Tsuki: https://bit.ly/3xrWsgY

📱Customized Devices: https://rhinoshield.io/pewdiepie

⛰️NordVPN DOWNLOAD (affiliate link)⛰️
Go to https://NordVPN.com/pewdiepie and use code PEWDIEPIE to get a 2-year plan plus 1 additional month with a huge discou"
The Game Awards Cracked Me Up,"this is 10% gacha, 20% souls, 15% concentrated power of shill, 5% content, 50% ads, and 100% reason to watch my react. 

WATCH LIVE ► https://www.twitch.tv/atrioc
TWITTER ►https://www.twitter.com/atrioc
DISCORD ►  https://discord.com/invite/Dar3UDx
REDDIT ► https://reddit.com/r/Atrioc/

Edited by BryGuy & QuacK
https://twitter.com/BryGuyEdits
https://twitter.com/QuacK_001

#atrioc #stream #gaming"
"Twitch Chat, please stop dying","Twitch Chat is coming.

Streaming live on Twitch! https://www.twitch.tv/dougdoug
Full stream recording: https://www.youtube.com/watch?v=bH_sEKOy9NQ

Edited by Luka! @DougDougClips 

My 2nd Channel: http://bit.ly/dougdoug2
Twitter: https://twitter.com/DougDougFood

More DugDug:
Latest Uploads: https://www.youtube.com/watch?v=rp4cH7mb4X4&list=PLzTxt5iYdhziB3Zf03HR_aZWgJ49ffj-d&index=2
DougDoug Challenges: https://www.youtube.com/playlist?list=PLzTxt5iYdhzh_SW60_g3HPVjBupwUZOFA
Popular Videos: http"
[New] Rubik's Cube: All 21 PLL Algorithms & Finger Tricks,"PLL stands for Permutation of the Last Layer. After doing OLL to solve the top face, you do a PLL algorithm to solve the rest of the cube.

Beginner PLL Algorithms (6 Algorithms) ► https://youtu.be/f_Yor-ydZjs
Beginner OLL (10 algorithms) ► https://youtu.be/GhmYBgLoQQg
All 57 OLL Algorithms ► https://www.youtube.com/watch?v=vU6HsK3hvQs

Rubik's Cube Notation ► https://www.youtube.com/watch?v=24eHm4ri8WM

Cube ► JPerm RS3 M 2020: https://speedcubeshop.com/products/jperm-rs3-m-2020-3x3

SpeedCubeS"
Solving Wordle using information theory,"An excuse to teach a lesson on information theory and entropy.
Special thanks to these supporters: https://3b1b.co/lessons/wordle#thanks
Help fund future projects: https://www.patreon.com/3blue1brown
An equally valuable form of support is to simply share the videos.

Contents:
0:00 - What is Wordle?
2:43 - Initial ideas
8:04 - Information theory basics
18:15 - Incorporating word frequencies
27:49 - Final performance

Original wordle site:
https://www.powerlanguage.co.uk/wordle/

Music by Vincent"
"$1 vs $100,000,000 Car!","I have no idea why the last car was so expensive
See how cool the Samsung Galaxy Z Flip5 is for yourself: https://smsng.us/MrBeastZFlip5
Check out the Samsung Galaxy S23 Ultra, the official vlog cam of the MrBeast channel: https://smsng.us/MrBeastS23


New Merch - https://mrbeast.store

Check out Viewstats! - https://www.viewstats.com/

SUBSCRIBE OR I TAKE YOUR DOG
╔═╦╗╔╦╗╔═╦═╦╦╦╦╗╔═╗
║╚╣║║║╚╣╚╣╔╣╔╣║╚╣═╣ 
╠╗║╚╝║║╠╗║╚╣║║║║║═╣
╚═╩══╩═╩═╩═╩╝╚╩═╩═╝

For any questions or inquiries regarding this vide"
"Habanero + 'Da Bomb' Hot Sause (~400,000 scoville)",Da Bomb' lives in my nightmares...
The chessboard and coins puzzle,"Video with the solution: https://youtu.be/as7Gkm7Y7h4
3b1b on a meta-puzzle: https://youtu.be/wTJI_WuZSwE
(These description links aren't active in the shorts player, but you can follow the link on the bottom of the video screen itself)

This comes from a collaboration I did with Stand-up Maths, where on his channel we covered the solution, and here on 3blue1brown we analyze a meta-puzzle.

Editing from long-form to short by Dawid Kołodziej
This comes from a collaboration I did with Stand-up Mat"
Solving This Puzzle Requires a HUGE Brain!,"MY SHOP: https://www.1st.shop/
Today I'm going to attempt to open and solve the Fibonacci Puzzle Box by Jesse Born. This puzzle is 1 of 610 and is such a brilliant piece of craftsmanship. Thanks for watching and remember to Like this Video, it helps!

Jesse's Shop: https://www.jesseborn.com/
Jesse's Channel:  @JesseBorn  
Jesse Instagram: https://www.instagram.com/thejesseborn/

***MY OTHER CHANNELS***
AREA52: @area52investigations
My Podcast: @bottomofthebarrel
Gaming Channel: @chrisramsaytv
My"
Her boyfriend bought her friends OF #willneff #hasanabi #austinshow,
Ex-OpenAI genius launches new “Super Intelligence” company,"Ilya Sutskever recently emerged from the shadows to announced a new artificial super intelligence company called SSI. Let's examine his past controversy with OpenAI and his potential contributions to the future of AI. 

#ai #tech #thecodereport 

💬 Chat with Me on Discord

https://discord.gg/fireship

🔗 Resources

SSI https://ssi.inc/
Apple Intelligence Overview https://youtu.be/ek2yOqAIYuU
Jax in 100 Seconds https://youtu.be/_0D5lXDjNpw


🔥 Get More Content - Upgrade to PRO

Upgrade at https://"
Introduction to Game Development (E23: stealth game 1/3),"In this episode we begin our small stealth game project by creating a ""guard"" that can patrol a path.

Note: I made a small error in my ""TurnToFace"" implementation, which means the guard is unable to turn anticlockwise. The reason is that DeltaAngle() can return negative values, so I should actually be comparing the absolute value of the delta angle. I will fix this at the start of the next episode. Sorry!

Project files:
https://github.com/SebLague/Intro-to-Gamedev

If you'd like to support the"
Vlogs and the Hyperreal,"Clickbait Title: Warning Don't Use Dialectic Analysis Before You See This

While meta-discussion of YouTube is hardly lacking, I think there's a lot of room for more serious analysis of YouTube as a broad subject and all the myriad subcultures in specific. Every time I've attended VidCon I've been as surprised by the subcultures that are represented as I have by the ones that are absent. I think it would be utterly fascinating to see an ASMR panel at VidCon 2018, to hear a bunch of ASMR creators"
We Became ANIME (ft. @TrashTaste ) | Cold Ones,"🍺 SIGN UP FOR OUR NEW DRINK ""GROG""  👉 https://grog.shop/
🌈BUY THE SHIRTS WE'RE WEARING with code ""COLDONES""  👉🏻 https://bit.ly/coolshirtzz
🥤 FOR 10% OFF YOUR GAMERSUPPS use code ""COLDONES"" 👉 https://bit.ly/coldonesGG

🅿️ Pledge to our patreon for extended videos: https://www.patreon.com/coldones

SEND STUFF TO OUR PO BOX AND IT MIGHT BE FEATURED IN A VID: ✉️📬
PO Box 5091
Glenferrie south
VIC 3122
Australia
_______________________________________________________
SOCIAL MEDIA LINKS
Twitter ⇨ https"
Are My Magic Videos Fake? | Steven Bridges,"PATREON: http://patreon.com/StevenBridges

Previous Video: https://www.youtube.com/watch?v=VyVypGesPrI
SOCIALS: 
Instagram: http://instagram.com/StevenBridges
Twitter: http://twitter.com/StevenBridges
Facebook: http://fb.me/StevenBridges
Snapchat: StevenBridgesTV

Second Channel: http://youtube.com/stevenbridgestv2

FILMED BY TOMEK:
http://youtube.com/Tomek

MAGIC:
Cards I use - http://geni.us/cards
Learn card magic - http://geni.us/cardmagicamazon

CAMERA GEAR:
Vlogging Camera - http://geni.us/"
The most EXTREME game show ever - The Chamber,"Click here https://cometeer.com/codyko to get $20 off your Cometeer order + free shipping - That’s over 30% in savings!

merch: http://ko-official.com
podcast: https://www.youtube.com/tinymeatgang
2nd channel: https://www.youtube.com/channel/UCy06jHRS_82N2i5v1YL7glQ
new song: https://song.link/us/i/1533963500
world tour tix: http://tinymeattour.com

instagram: http://instagram.com/codyko
twitter: http://twitter.com/codyko

business: mahzad.babayan@unitedtalent.com

edited by: 
http://twitter.com"
Space filling curves filling with water,"Get an exclusive Surfshark deal: enter promo code STEVEMOULD for an extra 3 months free at https://surfshark.deals/stevemould

*literally

Space filling curves are fractals that are one dimensional but they fill 2 dimensional (or 3dimesional space). And you know I can't resist making 2D transparent versions of things.

My water solving mazes video: https://youtu.be/DWzXF9B68nQ
3Blue1Brown's video about the Hilbert curve: https://youtu.be/3s7h2MHQtxc
AlphaPhoenix's video about water and electrici"
This unicorn startup faked 95% of its users,"Learn how the billion dollar startup IRL faked millions of users to raise money from venture capitalists. This scam is not is an isolated incident and other high-profile startups have been caught faking engagement.

#tech #business #thecodereport 

💬 Chat with Me on Discord

https://discord.gg/fireship

🔗 Resources

IRL Shutdown https://www.irl.com
Chirper AI Social Media site https://chirper.ai/
How to start a profitable side hustle https://youtu.be/A4_TFHzqAAg

🔥 Get More Content - Upgrade to "
Most of the lead in your pencil ends up in the bin #science #maths,
Tasting Neat MSG!,"You can buy my books here:
https://stevemould.com/books

You can support me on Patreon and get access to the exclusive Discord:
https://www.patreon.com/stevemould

just like these amazing people:

Glenn Watson
Peter Turner
Joël van der Loo
Matthew Cocke
Mark Brouwer
Deneb

Twitter: http://twitter.com/moulds
Instagram: https://www.instagram.com/stevemouldscience/
Facebook: https://www.facebook.com/stevemouldscience/
TikTok: https://www.tiktok.com/@stevemould
Buy nerdy maths things: http://mathsge"
WWMii: The Highest-Stakes Smash Bros Amiibo Tournament,"I've named 32 Amiibo after top requested games to fight in Smash Bros. The winner will be streamed on this channel in future -every loser will not.

Watch more WWMii: https://www.youtube.com/playlist?list=PLliBvQE3gg9c99ar2kBxbFg9OQgF1dj3A

~This video was recorded live on my Twitch Channel: http://www.twitch.tv/rtgame
~Subscribe if you'd like to see more! https://www.youtube.com/@RTGame?sub_confirmation=1
~Become a Youtube Member to support me: https://www.youtube.com/channel/UCRC6cNamj9tYAO6h_"
This Puzzle Box is CRUSHING Kickstarter!! - Tesla Puzzle Box (Solve),"SPOILER ALERT!! Today we're getting an exclusive look at the Tesla Puzzle Box by Puzzle Potato which has already surpassed $173K on Kickstarter! This is a Sequential discovery puzzle which has an objective time of about 2 hours! Enjoy and remember to Like and Leave a comment below!

MY SHOP: https://www.1st.shop/
Puzzle Potato: https://www.kickstarter.com/projects/puzzlepotato/puzzle-box-the-lost-invention-of-nikola-tesla

***MY OTHER CHANNELS***
AREA52: @area52investigations
My Podcast: @bottom"
Lockdown math announcement,"Full playlist: https://www.youtube.com/playlist?list=PLZHQObOWTQDP5CVelJJ1bNDouqrAhVPev
Help fund future projects: https://www.patreon.com/3blue1brown
An equally valuable form of support is to simply share some of the videos.
Special thanks to these supporters: https://3b1b.co/thanks

Innumerable thanks to Ben Eater for helping behind the scenes here:
https://www.youtube.com/user/eaterbc

Thanks to these viewers for their contributions to translations
Hebrew: Omer Tuchfeld

------------------
"
Glitterbomb 3.0 vs. Porch Pirates,"Merry Christmas ya filthy animals.  If you want to learn the design fundamentals it takes to make something like the Glitter Bomb, enroll in my NEW Creative Engineering course at https://Monthly.com/MarkRober and I'll see you in class!

I started a company called CrunchLabs where we build a toy together and then I teach you all the juicy physics for how it works. So if you want to learn to think like an engineer and have really fun time doing it, check out the current promotion where you get 2 F"
AI is a Lie - Cutting Through the Hype,"Thanks to MANSCAPED for sponsoring today's video. Get 20% Off + Free International Shipping with promo code TECHTIPS or visit http://manscaped.com/techtips

Check out the MSI Gaming Desktop PC at https://msi.gm/SFE12FA9

AI is the buzzword de jour, and for good reason: It’s enabling a LOT of new and useful tools for everyday life. But just what IS it? And why do we think it’s being portrayed dishonestly?

Discuss on the forum: https://linustechtips.com/topic/1573484-ai-is-a-lie/

Purchases made "
Inside The Navy's Indoor Ocean,"The US Navy has an indoor ocean that can simulate any wave in the world. This video is sponsored by Brilliant. You can get started for free, or the first 200 people to sign up via https://brilliant.org/veritasium get 20% off a yearly subscription. 

Special thanks to our Patreon supporters! Join the community to help us keep our videos free, forever: 
https://ve42.co/PatreonDEB

▀▀▀
Thanks to Kelley Stirling and the Naval Surface Warfare Center, Carderock Division for the visit. 
Thanks to Migue"
What Happens If A Star Explodes Near The Earth?,"People have witnessed supernovae for millennia, but what threat do they pose to life on Earth? This video is sponsored by Brilliant. You can get started for free, or the first 200 people to sign up via https://brilliant.org/veritasium get 20% off a yearly subscription. 

▀▀▀
A massive thanks to Prof. Hans-Thomas Janka for helping us with the physics of supernovae and GRBs. A massive thanks to Prof. Brian Thomas for all of his help with the terrestrial effects of supernovae and GRBs. This video w"
"I Am Not Buying A Super Computer - WAN Show May 3, 2024","Treat your feet with Vessi! Save 15% on your first order at https://vessi.com/WANShow

Visit https://www.squarespace.com/WAN and use offer code WAN for 10% off

Thanks to MANSCAPED for sponsoring today's video. Get 20% Off + Free International Shipping with promo code WANSHOW or visit http://manscaped.com/wanshow

Podcast Download: https://pdst.fm/e/chrt.fm/track/C76EG6/traffic.megaphone.fm/LMG2044875363.mp3?updated=1715114022

Timestamps (Courtesy of NoKi1119):
0:00 Chapters
1:16 Intro
1:41 Top"
Using A.I. to DOMINATE NERDS in TETRIS,"I created an AI which can play Tetris at 50 moves per second, now lets use it to play against other people. Huge thanks to Brilliant.org for supporting this channel, check them out here: https://www.brilliant.org/CodeBullet

Twitter: https://twitter.com/code_bullet
Patreon: https://www.patreon.com/CodeBullet
Discord: https://discord.gg/UZDMYx5

Art created by @Dachi.art https://www.instagram.com/dachi.art"
The FNAF VHS Tapes: An Analog Horror Adaptation,"Thanks to Keeps for sponsoring this video! Head to https://keeps.com/wendigoon to get 50% off your first order of Keeps hair loss treatment


Squimpus McGrimpus: https://www.youtube.com/channel/UC3Fy6Pb8UOfAJ2OjJ4Yok6A

Faceless Puppeteer: https://www.youtube.com/channel/UCt_S7BBuOxmaMal5TDpQLEw

Adam Simon: https://www.youtube.com/channel/UC6vsqSLox9sV5QiOAZrLINw

MemeBear: https://www.youtube.com/channel/UC8hpTLJ2F5nY8IbiH_QvNgg

Battington: https://www.youtube.com/c/Battington

Various FNAF T"
Deep Fried Pork Cutlet from Cooking Mama | Arcade with Alvin,"This episode is sponsored by Squarespace. Head to http://bit.ly/squarespacebabish to save 10% off your first purchase of a website or domain using code BABISH.

On this episode of Arcade with Alvin, Alvin is creating a Japanese fried pork cutlet (tonkatsu), inspired by Cooking Mama.

Follow Alvin Zhou on Instagram: https://www.instagram.com/alvin.zhou/

Pre-Order the new Basics with Babish Cookbook on Amazon: https://www.amazon.com/Basics-Babish-Guide-Making-Mistakes/dp/198216753X

Babish Cookwa"
Cody Ko & Space Rangers - Bop It (OFFICIAL VIDEO),"STREAM IT: https://codyko.lnk.to/bopit

Featuring: Cody Ko, Liam Cullagh, Chet Collins, Billy Langdon, Will Angus, Christian Dold, Simon Sigal, Dillon Francis
Director: Tyler Falbo
Producer: Joe Pomeroy
Production Coordinator: Dylan Walker
Production Company: Almost Friday Media
DP: Matt Tipold
AC: Tate Becherer
Gaffer: Ilya Chegodar
Swing: Steven Talens
Production Design: Rick Mader
AE: Gerry Kenah 
Color: Matt Tipold

Sub to AFTV!! https://www.youtube.com/@AlmostFridayTV

https://www.instagram"
"Skyrim, but if my Heart Rate goes up it spawns 10 dragons","Thanks so much to Republic of Gamers for sponsoring this video! Comment ""CHEESEWHEEL GAMING"" below to enter the giveaway, and learn more here: https://us.rog.gg/Advent_DougDoug #24DaysofROG

Streaming live on Twitch! https://www.twitch.tv/dougdoug
Full stream recording: https://www.youtube.com/watch?v=lHJE-sub72U

Edited by Keke! https://twitter.com/CozyKeke

My 2nd Channel: http://bit.ly/dougdoug2
Twitter: https://twitter.com/DougDougFood

More DugDug:
Latest Uploads: https://www.youtube.com/wa"
This is the best,"🧎#Subscribe🧎

Stock Up On ➡️🥤Gfuel (affiliate): https://gfuel.ly/pewdiepie-collection
#Code #Pewdiepie

Shop my OFFICIAL merch collection: https://bit.ly/pdpstore

∞ Official ƿ૯ωძɿ૯ƿɿ૯ Infinity Stream: https://www.twitch.tv/pewdiepie

⚙️ My Setup (affiliate links)⚙️
🎧 Headphones: https://www.anrdoezrs.net/click-100814745-14330447
🪑 Chair: https://tinyurl.com/clutchpdp
⌨️ 🖱️ Keyboard & Mouse: https://tinyurl.com/ghostpdp

🕹️ PewDiePie's Tuber Simulator
iOS: https://tinyurl.com/tuberIOS
Android: h"
I Drew Every Day for 100 DAYS!,"#ad - Get the new Abs of Steel G FUEL Shaker Cup! https://gfuel.ly/pewds-abs-of-steel

USE CODE PEWDIEPIE ^^^^

#ad - Get exclusive NordVPN deal here ➵ https://NordVPN.com/pewdiepie It’s risk free with Nord’s 30 day money-back guarantee!✌

Official ƿ૯ωძɿ૯ƿɿ૯ TikTok: https://www.tiktok.com/@pewdiepie

∞ Official ƿ૯ωძɿ૯ƿɿ૯ Infinity Stream: https://www.twitch.tv/pewdiepie

⚙️ My Setup (affiliate links)⚙️
🎧 Headphones: https://www.anrdoezrs.net/click-100814745-14330447
🪑 Chair: https://tinyurl.com/c"
This rollercoaster doesn't stop automatically,"The Great Scenic Railway, at Luna Park in Melbourne, Australia, is the second oldest rollercoaster in the world: and it's one of only a few which still uses a manual brake. Here's how it works. ◾ Luna Park: https://lunapark.com.au/ @lunaparkmelbourne

Thanks to @JulianOShea on camera: visit his channel for lots of stories about Unknown Melbourne, including this great video about the bridge that trucks keep crashing into: https://www.youtube.com/watch?v=HR7NivKqfzo

🟥 MORE FROM TOM: https://www.t"
We Paid Fiverr Artists for Terrible Tattoos (Then Got Them),"🌈BUY THE SHIRTS WE'RE WEARING with code ""COLDONES""  👉🏻 https://bit.ly/coolshirtzz
🥤 FOR 10% OFF YOUR GAMERSUPPS use code ""COLDONES"" 👉 https://bit.ly/coldonesGG
🍻 DRINK GROG 👉  http://grog.shop

Thanks to https://www.youtube.com/@misfitmindss for lending us their bodies! Check out their channel! 

🅿️ Pledge to our patreon for extended videos: https://www.patreon.com/coldones


HD TATTOO IMAGES IF U WANNA RUIN YOUR LIFE: https://imgur.com/a/wMmGF9E


SEND STUFF TO OUR PO BOX AND IT MIGHT BE FEATUR"
Meet Dragonfruit's Prickly Cousin,"This prickly pear is the cousin of dragonfruit and tastes utterly delicious!

Want Bon Appétit shirts, hats and more? https://shop.bonappetit.com/?utm_source=youtube&utm_brand=ba&utm_campaign=aud-dev&utm_medium=video&utm_content=merch-shop-promo

Still haven’t subscribed to Bon Appétit on YouTube? ►► http://bit.ly/1TLeyPn

Want more Bon Appétit in your life? Subscribe to the magazine! https://bit.ly/313UWRu

ABOUT BON APPÉTIT
Bon Appétit is a highly opinionated food brand that wants every"
What If Our Sun Disappeared? #kurzgesagt #shorts,"Don't worry, if the Sun disappears, nothing bad happens to us... for the first 8 minutes and 20 seconds. No promises about everything after that.

#inanutshell #kurzgesagt #kurzgesagt_inanutshell #learnwithshorts #earthshorts #astrophysics #astronerds #whatif #astronomy #astronomyshorts 

Sources & further reading: 
https://sites.google.com/view/kgs-tiktok-sources

Follow us for more sciencey content! 🦆

OUR CHANNELS
▀▀▀▀▀▀▀▀▀▀▀▀▀▀▀▀▀▀▀▀▀▀▀▀▀▀
German:        https://kgs.link/youtubeDE
Spanish:  "
My New Career as a Male Model and Professional Skateboarder,"watch the actual commercial - https://youtu.be/LvJcxA3jpJI?si=_J3D_00jmZeCurd9

music by Jeff Kaale - https://linktr.ee/jeffkaale_"
learning the guitar 🎸😁,#shorts
Coding Adventure: Game Idea Generator,"I created a little generator for coming up with (mostly terrible, but occasionally interesting) game ideas. I then tried making a little game based on a generated prompt about ghosts and beekeeping.

You can try the idea generator online here: https://seblague.github.io/ideagenerator/

Project source:
The Unity project is available to patrons of the channel, so if you'd like to get access (or simply support me in creating more videos), you can become a patron here: https://www.patreon.com/Sebast"
I Started Beekeeping!,"One year ago a beekeeper gave me a beehive, another person gave me a swarm of bees! Starting beekeeping was quite nerve-racking, but now I love it!
Check out my Instagram - https://www.instagram.com/alex_smith1809/
Support the Just Alex Channel on Patreon - https://www.patreon.com/justalexsmith
Business enquiries - alexfordhamsmith@gmail.com"
How to Escape a Police Sniffing Dog,"Scent trailing dogs are indistinguishable from magic.  Ready for your LEAST BORING SUMMER EVER? Come join me at Camp CrunchLabs all summer long- http://campcrunchlabs.com

Special thanks to Shay. If you want to learn more about her work, you can visit her website at https://www.k9shay.com
@WorkingK9Cook 

You can also donate to Carda to support Shay and others like her- https://carda.org/our-story/

You should also go subscribe to the CrunchLabs YouTube channel cause we’ve got some bangers in th"
I made a Shark Proof Wetsuit!,"Twitter: https://twitter.com/ididathing1
Tiktok: https://www.tiktok.com/@ididathing
Instagram: https://www.instagram.com/ididathing_official
Discord: https://discord.gg/mppfmHW
Patreon: https://www.patreon.com/user?u=13180179"
80hrs on World's Largest Cruise Ship | Icon of the Seas,"Get started with Odoo for free today: https://www.odoo.com/r/0W8Q

Join me today on the world's largest cruise ship, Icon of the Seas in one of the best suites onboard. I'll show you exactly what i'ts like from the 8 different neighbourhoods onboard, to the luxury suites available (yes I take a look at the ultimate family townhouse!) and some of the 20+ restaurants. 

We'll be taking star class today, so not only do we have almost everything included, but access to the most amazing Royal Genie, "
Primitive Technology: Palm Thatched Mud Hut,This is an old hut I built 2 years ago and have since demolished. It was a 2 m square floor with wattle and daub walls 1.5 m high topped with a pyramidal roof thatched with Alexander palm fronds. The building method is my usual plan- get a roof up first then build the walls. From start to finish it took 27 days (it could have been faster though- this was at a casual speed). This was the first wattle and daub hut I built and is larger than the other one I built later (my idea for now is to build
Inside Singapore Airlines First Class Suites to New York,"Head to https://squarespace.com/trektrendy to save 10% off your first purchase of a website or domain using code TREKTRENDY

Join me on one of the world’s best first class flights on Singapore Airlines A380 Suites. It’s really in a class of it’s own, and by SQ’s own admission, it’s beyond First Class (I reviewed their Boeing 777 earlier this year). As with all my trip reports, I’ll take you through each step of the journey. From check in, the lounge offers and then onboard. What the food is like"
Algorithms Explained – minimax and alpha-beta pruning,"This video covers the minimax search algorithm, as well as how it can be sped up using alpha-beta pruning.

Pseudocode:
https://pastebin.com/VSehqDM3 - plain minimax
https://pastebin.com/rZg1Mz9G - alpha beta

Support the creation of more tutorials:
https://www.patreon.com/SebastianLague"
Making scary plasma in a microwave,"So today, I'm gonna to be making some scary looking microwave plasma, which may or may not destroy my microwave.

WARNING: DON'T TRY THIS. Microwave plasma is extremely dangerous and can easily damage your microwave. This experiment was carried out in a controlled environment and serious injury can occur if performed improperly.

Glass used in this experiment has a chance to explode, and is otherwise permanently compromised. For more information on this effect, check out ""I had to break all of m"
"1,000 Deaf People Hear For The First Time","Your support gives the Gift of Hearing.  Please click here!
https://hearingthecall.org/give/

 SIGN LANGUAGE RESOURCES

BANGLADESH https://parakerja.co.id/home/

GUATEMALA https://www.lavosi-gua.org/

INDIA https://vaani.in/

INDONESIA https://parakerja.co.id/home/

KENYA https://www.dekkenya.org/

MEXICO https://ac.ijd.org.mx/

MEXICO https://www.eeesma.com/

UNITED STATES https://www.asd-1817.org/

UNITED STATES https://deafchildren.org/

ZAMBIA https://www.facebook.com/zambiadeafyouthwomen/

"
POTATO!,"In which John hard launches Potato, our family's new lagotto romagnolo puppy dog. We love him so much. We wish he would sleep a little more at night.

----
Subscribe to our newsletter! http://eepurl.com/Bgi9b
And join the community at http://nerdfighteria.com  
Help transcribe videos - http://nerdfighteria.info
Learn more about our project to help Partners in Health radically reduce maternal mortality in Sierra Leone: https://www.pih.org/hankandjohn
If you're able to donate $2,000 or more to thi"
How to Create a Neural Network (and Train it to Identify Doodles),"Exploring how neural networks learn by programming one from scratch in C#, and then attempting to teach it to recognize various doodles and images.

Source code: https://github.com/SebLague/Neural-Network-Experiments
Demo: https://sebastian.itch.io/neural-network-experiment

If you'd like to support me in creating more videos (and get early access to new stuff), you can join my patreon here: https://www.patreon.com/SebastianLague

The data is from:
Digits http://yann.lecun.com/exdb/mnist/
Fashio"
How Dangerous is a Penny Dropped From a Skyscraper?,"This video is sponsored by Brilliant. You can get started for free, or the first 200 people to sign up via https://brilliant.org/veritasium get 20% off a yearly subscription. Check out Adam Savage's video: https://youtu.be/h_zytOcMwys

A massive thanks to Adam Savage and the whole Tested Crew – especially Kristen Lomasney, Ryan Kiser, and Joey Fameli. Thank you so much for coming out to the desert with us, and for inviting us to your cave! Check out the video we made with them on their channel –"
I visited the Yellowstone Zone of Death,"I feel like there are other YouTube channels that would take a different approach here. ▪ With thanks to Professor Brian Kalt: his original article is here: https://papers.ssrn.com/sol3/papers.cfm?abstract_id=691642 -- any inaccuracies that have slipped in are mine alone, and this is, obviously, not legal advice!

To save you doing the research, my location while recording this was approximately 44.14 N, 111.05 W. I got three mosquito bites in under thirty minutes, including one on my hand.

(An"
Camping and Cooking tasty food in the back of my van - Road tripping in my little camper,"More fun adventures on the road, cooking tasty food, camping in my van and meeting new people. 
Check out my Instagram - https://www.instagram.com/alex_smith1809/
Support the Just Alex Channel on Patreon - https://www.patreon.com/justalexsmith
TikTok - https://www.tiktok.com/@justalexsmith
Watch me live on Twitch - https://www.twitch.tv/justalexsmith
Business enquiries - alexfordhamsmith@gmail.com"
The Conspiracy Theory Iceberg,"The Complete Conspiracy Theory Iceberg series with removed intros & outros, audio improvements, and minor visual corrections
Thank you all so much for getting me to this point. I am honored to be where I am and it's all thanks to you. Sincerely, thank you for watching.

The original iceberg chart for those following at home: https://www.reddit.com/r/wendigoon/comments/ujrxmc/storing_this_here/?utm_source=share&utm_medium=web2x&context=3

Links mentioned:
Simpson Theory: https://spinpasta.fandom."
Big fan of the protests in Australia #willneff #twitch #stream,"Follow me!
TWITCH → https://www.twitch.tv/willneff
TIKTOK → https://www.tiktok.com/@willyneff
TWITTER → https://twitter.com/TheWillNeff
INSTAGRAM → https://www.instagram.com/thewillneff/

Find my podcast here → @FearAndPodcast

Edited by:  https://twitter.com/jookien"
How to Test and Replace a Bad Car Battery (COMPLETE Ultimate Guide),"Is your car battery dead? Need a new car battery? Learn how to test if your car battery is bad and how to recharge a dead car battery. Also learn which car battery is best for your car. In this video I show you how to test your car battery with a multimeter, clean corrosion from the battery terminals, test your alternator, test for a parasitic draw, load test a battery, and replace a car battery properly. I also show the inside of a car battery with a bad cell and I show how batteries work with "
lol Apple Intelligence is dumb...,"At WWDC 2024, Apple announced it's first major AI feature ""Apple Intelligence"", which brings a suite of new tools to the iPhone and Mac. Apple has it's own foundation models, but will also rely on OpenAI in the cloud for certain AI jobs.  

#ai #apple #thecodereport 

💬 Chat with Me on Discord

https://discord.gg/fireship

🔗 Resources

Apple Intelligence Homepage https://www.apple.com/apple-intelligence
Microsoft Copilot Plus PC https://youtu.be/hlwcZpEx2IY
OpenAI vs Google Race https://youtu.be"
Feeding Bill Gates a Fake Burger (to save the world),"Sometimes the scientific method takes us to new frontiers.  

I started a company called CrunchLabs where we build a toy together and then I teach you all the juicy physics for how it works. So if you want to learn to think like an engineer and have really fun time doing it, check out the current promotion where you get 2 FREE boxes at https://crunchlabs.com

You should also go subscribe to the CrunchLabs YouTube channel cause we’ve got some bangers in the pipeline- https://www.youtube.com/crunc"
Giving iPhones Instead Of Candy on Halloween,"New Merch - https://shopmrbeast.com/

SUBSCRIBE OR I TAKE YOUR DOG
╔═╦╗╔╦╗╔═╦═╦╦╦╦╗╔═╗
║╚╣║║║╚╣╚╣╔╣╔╣║╚╣═╣ 
╠╗║╚╝║║╠╗║╚╣║║║║║═╣
╚═╩══╩═╩═╩═╩╝╚╩═╩═╝

----------------------------------------------------------------
follow all of these or i will kick you
• Facebook - https://www.facebook.com/MrBeast6000/
• Twitter - https://twitter.com/MrBeast
•  Instagram - https://www.instagram.com/mrbeast
•  Im Hiring! - https://www.mrbeastjobs.com/
--------------------------------------------------------------"
I forced an Ai to play a kids adventure game (SUNDANCE OFFICIAL VERSION),"This NEW version of the acclaimed YouTube video is SUNDANCE COMPLIANT.

Watch the original short here: https://www.youtube.com/shorts/FvOxLYzHIoM
Original video: https://www.youtube.com/watch?v=W3id8E34cRQ

Streaming live on Twitch! https://www.twitch.tv/dougdoug
Full stream recording: https://www.youtube.com/watch?v=dIUGsHG2vtc

Edited by Mckl! https://mikeremer.wixsite.com/mysite
Sundance Compliance Adjustments by Berry Bebop! 

My 2nd Channel: http://bit.ly/dougdoug2
Twitter: https://twitter."
"I Hate Facebook Marketplace - WAN Show March 29, 2024","Start your day on the right foot with AG1 at http://drinkAG1.com/WANshow

Save 10% and Free Shipping at The Ridge by using offer code WAN at https://www.ridge.com/wan

April is coming, so protect yourselves from the rain with Vessi! Save 15% with our offer code WANSHOW at https://vessi.com/WANSHOW

Podcast Download: https://pdst.fm/e/chrt.fm/track/C76EG6/traffic.megaphone.fm/LMG8606845187.mp3?updated=1712076304

Timestamps (Courtesy of NoKi1119):
0:00 Chapters
1:09 Intro
1:36 Topic #1 - Federal "
World's First Metal Fidget Cube!!,"MY SHOP: https://www.1st.shop/
Available here: https://www.kickstarter.com/projects/metal-fidget-cube/digit-cube/description

***MY OTHER CHANNELS***
AREA52: @area52investigations
My Podcast: @bottomofthebarrel
Gaming Channel: @chrisramsaytv
My Twitch Channel: https://www.twitch.tv/chrisramsay52
____________________________________________________________
Thanks to Apurture for the lighting:
https://glnk.io/73j1x/chris-ramsayaputureaffiliate
______________________________________________________"
Minesweeper AI  VS  human WORLD RECORD,"I test out my mine sweeper AI against the best human player 
Also I added more bombs in to see how many it could take

Become a patreon to support my future content as well as sneak peaks of whats to come.
https://www.patreon.com/CodeBullet


Check out my Discord server
https://discord.gg/UZDMYx5
live QnA at 8:30 - 9:00pm every Sunday AEST

check out the world record
which is actually really impressive
https://www.youtube.com/watch?v=GrZCWx0fnfc"
Dissolving gold in mercury,"What's cool about mercury is that it can dissolve  most other metals, and form something called an amalgam. This is commonly done to purify gold, and separate it from raw ore. What I think is fun though, is to just throw some pure gold leaf into it. As the mercury dissolves the gold, it's slowly pulled in, and it kind of looks like the mercury is eating it.

-------------------------------------------------------------------------------
Merch - https://nilered.tv/store
--------------------------"
Inside Japan’s Earthquake Simulator,"How does Japan prepare for its devastating earthquakes? With this giant simulator. For a free trial to Shopify go to https://www.shopify.com/veritasium.

If you’re looking for a molecular modeling kit, head to https://ve42.co/SnatomsV to try Snatoms – a kit I invented where the atoms snap together magnetically.

▀▀▀
A massive thank you to everyone at NIED for allowing access to their facility. Massive thanks to Okouchi-san for arranging this shoot.

A huge thank you to Dr. Yohsuke Kawamata for t"
Advice From a Recovering Blowhard,"Has Adam Savage ever done a project that led directly to more work? How can one promote their work without sounding like a blowhard? In this live stream excerpt Adam answers these questions from Tested subs @ScaledCreations and @KarolianDryGoods. Have you ever gotten a job as the result of another job?

@StefanGotteswinter YouTube Channel

Join this channel to support Tested and get access to perks, like asking Adam questions during live streams:
https://www.youtube.com/channel/UCiDJtJKMICpb9B1q"
Unreal Engine 🤝 Electric Cars,This new electric Lotus is hot... but using a video game engine for rendering car UI is possibly even hotter
HOUSE PARTY MAGIC! | Steven Bridges Magic,"I invited some friends round for pizza and magic. What a combo. 

| Subscribe: http://bit.do/Steven | Follow: http://twitter.com/StevenBridges |

Support me on Patreon: http://patreon.com/StevenBridges
Snapchat: StevenBridgesTV
Vlogs: http://youtube.com/StevenBridgesTV2
Instagram: http://instagram.com/StevenBridgesTV
Facebook: http://facebook.com/StevenBridgesMagician
Website: http://www.stevenbridges.co.uk

Filmed by Tomek: http://youtube.com/Tomek
Filmed by Jasperi: https://www.youtube.com/c/j"
Can I Score Against a D1 Basketball Player?,"follow me on twitter ► https://www.twitter.com/ludwigahgren
follow me on tiktok ► https://www.tiktok.com/@ludwig
follow me on instagram ► https://www.instagram.com/ludwigahgren
join my subreddit ► https://old.reddit.com/r/LudwigAhgren/
join my discord ► https://discord.gg/ludwig
LINK TO EVERYTHING ► https://wlo.link/@ludwig


edited by: https://twitter.com/camerondiro

#ludwig"
I BEAT A GM!!!!!!!!!!!!!!!!!!!!!,"This is Road to GM, Episode 6. 
➡️ COMMUNITY CHALLENGE:  https://www.chessly.com/
➡️ JOIN THE ROAD TO GM: https://www.patreon.com/gothamchess

➡️ Get my best-selling chess book: https://geni.us/gothamchess

➡️ My book in the UK and Europe: https://bit.ly/3qFqSf7
➡️ Mein Buch auf Deutsch: https://bit.ly/45fKt3R
➡️ Mi libro en Español: https://bit.ly/3Y5xaRx

➡️ Start Playing Chess FOR FREE: http://bit.ly/3Xa3EsB

➡️ Enjoy my videos? Donate Here : https://www.paypal.me/gothamchess

Email me your g"
"Will Neff Reacts to MrBeast $10,000 Every Day You Survive In The Wilderness","Find me on:
Twitch | https://www.twitch.tv/willneff
Twitter | https://twitter.com/TheWillNeff
Discord | https://discord.gg/neff
Instagram | https://www.instagram.com/thewillneff

Channel edited and managed by https://twitter.com/NeauxArt
#willneff #stream  #twitch"
What Causes a Spun Bearing in an Engine?,"What is a spun bearing? Can you drive on a spun bearing? You can have a spun rod bearing or a spun crank bearing and when they fail, it sometimes destroys the engine like in our Lemons BMW. In this video I show you how to diagnose a spun bearing and possible causes. We disassembled the entire engine, every single nut and bolt, so you guys can see what causes an engine to throw a connecting rod and fail.

Our Backup Race Engine Being Built: https://youtu.be/f8Z4OSrI59s

Stainless Steel Headers: h"
Top 10 Facts - Dinosaurs,"Twitter: http://lemmi.no/twitter
Facebook: http://lemmi.no/facebook


[Music]
Doug Maxwell/Media Right Productions - Angelic Forest

Link:
https://www.youtube.com/audiolibrary/music


[References & Further Reading]
https://docs.google.com/spreadsheets/d/1uUFmXkfYhKiq46Hol5o_YoWrrGn2WmoaZAMS8XugkX4/pub?gid=2089739799


[Thumbnail]
http://lemmino.deviantart.com/art/Dinosaurs-555535343"
A.I. Solves a 100 x 100 Rubik's Cube,"Breaking World Records and destroying a massive 100 x 100 Rubik's cube 

Check out my previous video explaining how I made the AI: https://www.youtube.com/watch?v=f9smvQ5fc7Q&t=69s

Also the Source Code is now up on my Github:  https://github.com/Code-Bullet/RubiksCubeAI

Twitter: https://twitter.com/code_bullet
Patreon: https://www.patreon.com/CodeBullet
Discord: https://discord.gg/UZDMYx5"
It's impossible to lose using this dice,"Go to https://www.thorum.com/ and use the code MIKEBOYD to get 20% off a truly unique ring.

This week I designed a dice (or die) that will allow me to win at snakes and ladders every single time. I used an Arduino with some basic electronics equipment, electromagnets with magnets embedded in a loaded dice that gave the result I wanted."
American Complains About Tokyo Disney For 12 Minutes,"The best attraction at Tokyo Disney Sea has no line. 

Support us on Patreon: https://www.patreon.com/williamosman
Website: http://www.williamosman.com/
InstaHam: https://www.instagram.com/crabsandscience/
Twitter: https://twitter.com/CrabsAndScience
Facebook: https://www.facebook.com/williamosmanscience/
CameraManJohn: http://www.johnwillner.com/"
Don't Mash Your Potatoes in a Stand Mixer,"We're all looking for ways to save a bit of time and effort when it comes to cooking but is ruining your mashed potatoes in a mixer worth it?

Want Bon Appétit shirts, hats and more? https://shop.bonappetit.com/?utm_source=youtube&utm_brand=ba&utm_campaign=aud-dev&utm_medium=video&utm_content=merch-shop-promo

Still haven’t subscribed to Bon Appétit on YouTube? ►► http://bit.ly/1TLeyPn

Want more Bon Appétit in your life? Subscribe to the magazine! https://bit.ly/313UWRu

ABOUT BON APPÉTIT"
The Conspiracy Theory Iceberg (part 8 3/3) Explained,"Discover brand new strategic real time action fantasy rpg. Download Darkfire Heroes today! →  https://thld.co/DarkfireHeroes_Wendigoon

Nexpo Erratas Video: https://www.youtube.com/watch?v=zr64hUY6qlg

Stairs Video: https://www.youtube.com/watch?v=mOQ8tQXGLbg

Thank you all so much for watching and please let me know what you think! 

Links

Patreon: https://www.patreon.com/wendigoon

Twitter: https://mobile.twitter.com/wendigoon8

Subreddit: https://www.reddit.com/r/wendigoon/

Sweatshirt: http"
Pt. 3 | If TikTok gets banned… 🕊️,
Miki Matsubara - BASS With Me,"Miki Matsubara - ""Stay With Me"", but it's played on BASS

Patreon: https://www.patreon.com/davie504
TABS: https://paidtabs.com/u/Davie504
Subscribe for more videos: https://goo.gl/G9As1e
Reddit: https://www.reddit.com/r/Davie504/
Merch: https://represent.com/store/davie504-official-merch
Twitter: https://twitter.com/Davie504bass
Instagram: https://www.instagram.com/davie504/
Facebook: http://www.facebook.com/Davie504
Discord: https://discord.gg/davie504

My NEW ALBUM! 
Spotify: https://open.spot"
Pure Fourier series animation montage,"Because why not?
Learn the math behind this: https://youtu.be/r6sGWTCMz2k

If you're curious about the number of vectors used for each animation: 
- Eighth note: 100
- Sigma: 200
- Britain: 500
- Fourier drawing: 300
- Nail and Gear: 200
- Treble clef: 100
- Hilbert curve: 300 (relatively small given the detail, which is why it looks puzzley)
- Seattle: 400

These animations are made using manim, a scrappy open source python library:  https://github.com/3b1b/manim

If you want to check it out, I"
"Why “probability of 0” does not mean “impossible” | Probabilities of probabilities, part 2","An introduction to probability density functions
Help fund future projects: https://www.patreon.com/3blue1brown
An equally valuable form of support is to simply share some of the videos.
Special thanks to these supporters: http://3b1b.co/thanks

Curious about measure theory?  This does require some background in real analysis, but if you want to dig in, here is a textbook by the always-great Terence Tao.
https://terrytao.files.wordpress.com/2012/12/gsm-126-tao5-measure-book.pdf

Also, for the "
I Followed A Tattoo Machine Tutorial,"The first 500 people to click my link will get two months of Skillshare Premium for FREE! https://skl.sh/lilwilli

Support us on Patreon: https://www.patreon.com/williamosman
Website: http://www.williamosman.com/
InstaHam: https://www.instagram.com/crabsandscience/
Twitter: https://twitter.com/CrabsAndScience
Facebook: https://www.facebook.com/williamosmanscience/
CameraManJohn: http://www.johnwillner.com/"
SCIENCE CLASS #5- How Do Astronauts Weigh Themselves?,"Today we'll be discussing inertia and Newton's 1st law!

Hit me up with your creative interpretations to this class on Insta, Twitter, FB, or TikTok to win some Bose 700s.  Alternatively you could tell your friends about our class here together.  8 winners.  Maybe do one of the demos or a new one or make a video teaching your friends a principle from the class!
 
I stream classes every Wednesday at 1pm!

Check out Dianna's channel where she did 20 experiments around her house in 5 minutes! https"
Make your keyboard SHINE🤩,My favorite in stock Keycaps from my sponsor @DROP #ad #keycaps #customkeyboard #keyboard #mechanicalkeyboard
Creating a card trick in ONE HOUR! | Steven Bridges,"I challenged myself to create a card trick in one hour! It was difficult. 
Follow me on insta for more magic: http://instagram.com/stevenbridges

Support me on Patreon: http://patreon.com/stevenbridges

Original project this was part of: https://www.youtube.com/watch?v=nt7b-...

SOCIALS: 
Instagram: http://instagram.com/StevenBridges
Twitter: http://twitter.com/StevenBridges
Facebook: http://fb.me/StevenBridges
Snapchat: StevenBridgesTV

Second Channel: http://youtube.com/stevenbridgestv2

FIND "
I'M IN STAR WARS! | Steven Bridges,"Talking about my experiences consulting and appearing in Solo: A Star Wars Story. (and yes, I met Donald Glover)
FREE Magician Advice Videos - https://magicmastery.cc/free


Help me reach 10k on insta! - https://instagram.com/StevenBridges
PATREON: http://patreon.com/StevenBridges

SOCIALS: 
Instagram: https://instagram.com/StevenBridges
Twitter: https://twitter.com/StevenBridges
Facebook: https://fb.me/StevenBridges

FOLLOW DEE TAILS:
http://instagram.com/digital_star

LEARN TO BUSK:
http://www"
RAM module build - part 2,"Part 2 of building the RAM module for the 8-bit computer. In this video, we add the memory address register (MAR) and DIP switches for setting the address when programming along with the logic to switch between using the register and using the switches.

Support me on Patreon: https://www.patreon.com/beneater


You can get all the components used in this video from any online electronic components distributor (Jameco, Digikey, Mouser, etc). See https://eater.net/bbcpu8-ram for more.

Complete pa"
MoYu WeiLong WR M 2021 Review | SpeedCubeShop.com,"MoYu reveals their magnet-changing technology and price-dropping technology. Fascinating!

Cube ► MoYu WeiLong WR M 2021: https://speedcubeshop.com/products/moyu-weilong-wr-m-2021-3x3-lite-version

SpeedCubeShop ► https://speedcubeshop.com
Using the code ""JPERM"" supports my channel and also gives you a discount on your order.

Beginner:
2x2 Tutorial ► https://youtu.be/GANnG5a19kg
3x3 Tutorial ► https://www.youtube.com/watch?v=7Ron6MN45LY
4x4 Tutorial ► https://www.youtube.com/watch?v=KWOZHbDdOeo"
Matty Explores the Great White North | Dead Set on Life Season 3 Episode 7,"With its posh ice fishing and frozen lake car races, Chef Hayden Johnston tries to convince Matty that his Thunder Bay home is “The Greatest City in the World.”

This episode of Dead Set on Life first aired on VICE TV in 2017.

Subscribe to MUNCHIES here: http://bit.ly/Subscribe-to-MUNCHIES

Follow MUNCHIES here:
TikTok: https://www.tiktok.com/@munchies
Facebook: http://facebook.com/munchies
Instagram: http://instagram.com/munchies
Twitter: http://twitter.com/munchies
Threads: https://www.thread"
Ranking the Weird Aussie Animals In My Yard!,"Twitter: https://twitter.com/ididathing1
Tiktok: https://www.tiktok.com/@ididathing
Instagram: https://www.instagram.com/ididathing_official
Discord: https://discord.gg/mppfmHW
Patreon: https://www.patreon.com/user?u=13180179"
How a Reddit Post Changed my Life,"🧎#Subscribe🧎

Get exclusive NordVPN deal here ➵ https://NordVPN.com/pewdiepie It’s risk free with Nord’s 30 day money-back guarantee!✌

Stock Up On ➡️🥤Gfuel (affiliate): https://gfuel.ly/pewdiepie-collection
#Code #Pewdiepie

Official ƿ૯ωძɿ૯ƿɿ૯ TikTok: https://www.tiktok.com/@pewdiepie

∞ Official ƿ૯ωძɿ૯ƿɿ૯ Infinity Stream: https://www.twitch.tv/pewdiepie

⚙️ My Setup (affiliate links)⚙️
🖥️  PC: https://howl.me/clHcdRoIePi
🎧 Headphones: https://www.anrdoezrs.net/click-100814745-14330447
🪑 Chair:"
iPhone vs Android (The Real Winner)!,"It's time to answer the question once and for all. For everyone.

Blue Bubbles vs Green Bubbles explained: https://youtu.be/BuaKzm7Kq9Q?si=E58iMqAtITl3gEd4
The 🍎 Ecosystem, Explained:  https://youtu.be/KB4_WIPE7vo?si=0Y7hSvEDXGYae6iS

MKBHD Merch: http://shop.MKBHD.com

Tech I'm using right now: https://www.amazon.com/shop/MKBHD

Playlist of MKBHD Intro music: https://goo.gl/B3AWV5

~
http://twitter.com/MKBHD
http://instagram.com/MKBHD
http://facebook.com/MKBHD

0:00 Intro
0:41 Customization
2:5"
Pushing The Limits Of Extreme Breath-Holding,"He held his breath for 17 minutes. How can you do the same? Check out our sponsor: https://betterhelp.com/veritasium to get matched with a professional therapist who will listen and help.

▀▀▀
A huge thanks to Brandon Birchak for all his help with this video. To learn how to hold your breath for 5 minutes, or see one of Brandon’s performances, visit https://eliteperformancedesign.com and https://Sixfootcreations.com

A special thanks to Juan Valdivia for his expert advice on the science of extre"
MS3-V1 CUBE / GAN SKEWB / COW UNBOXING | SpeedCubeShop.com,"The cube names strike again.

SpeedCubeShop ► https://speedcubeshop.com
Using the code ""JPERM"" supports my channel and also gives you a discount on your order.

Products ►
MsCUBE Ms3-V1 M: https://speedcubeshop.com/products/mscube-ms3-v1-m-3x3-enhanced
X-Man Flare M 2x2: https://speedcubeshop.com/products/x-man-flare-magnetic-2x2
DaYan Megaminx V2 M: https://speedcubeshop.com/products/dayan-megaminx-v2-magnetic
GAN Magnetic Skewb: https://speedcubeshop.com/products/gan-magnetic-skewb-enhanced
Yu"
How is this keyboard SO GOOD? 🪓🌲This wood keyboard sounds amazing 🤩,Sent to me for free by @barrett_creative who just launched his third GB sale - link in my bio on where to find it! #mechanicalkeyboards #mechanicalkeyboard #customkeyboard
the original definition of a gram,
How to Replace a Transmission (Full DIY Guide),"Transmission removal, replacement, and installation. Learn how to remove a transmission so you can replace your clutch or flywheel, or so you can rebuild your transmission and install a new one in your car or truck.

In this video I show you the 10 simple steps on how to replace a transmission. I am doing this on a rear wheel drive 98 Mustang but the process is very similar on other rear wheel drive, front wheel drive, and even automatic cars and trucks.  Each detailed step will allow you to lea"
"Binary to decimal can’t be that hard, right?","More 6502: https://eater.net/6502

Support these videos on Patreon: https://www.patreon.com/beneater or https://eater.net/support for other ways to support.

0:00 Introduction
2:09 Separating digits by dividing by 10
3:24 Dividing numbers in binary by hand
9:26 An algorithm for binary division
19:06 Implementing the algorithm in 6502 assembly
34:14 Running the program
34:45 Reversing the digits
41:38 It works!


------------------

Social media:
Website: https://www.eater.net
Twitter: http"
15 crazy new JS framework features you don’t know yet,"Try Brilliant free for 30 days https://brilliant.org/fireship

Take a look at the latest features in 15 different JavaScript frameworks and the problems they solve for web developers. Take an first look at the React compiler, Angular signals, Svelte runes, and more...

#programming #webdevelopment #thecodereport 

💬 Chat with Me on Discord

https://discord.gg/fireship

🔗 Resources

Next.js Full Course https://fireship.io/courses/nextjs/
21 web features https://youtu.be/q1fsBWLpYW4
They fixed Rea"
Does Adam Savage Build Everything He Draws?,"Does Adam Savage have suggestions for creating creative classroom environments? How does he satisfy his desire to make things while on the road? How often does he sketch without the intention of making? What music does Adam listen to when he needs help staying focused on something he's working on? In this live stream excerpt Adam answers questions from Tested members The INKspired Life, @davedelaney5860, Righteous Robot and charlesm.1638, whom we thank for their support! Do you intend to make ev"
"Survive 100 Days In Circle, Win $500,000","New Merch - https://mrbeast.store

Check out Viewstats! - https://www.viewstats.com/
 
SUBSCRIBE OR I TAKE YOUR DOG
╔═╦╗╔╦╗╔═╦═╦╦╦╦╗╔═╗
║╚╣║║║╚╣╚╣╔╣╔╣║╚╣═╣ 
╠╗║╚╝║║╠╗║╚╣║║║║║═╣
╚═╩══╩═╩═╩═╩╝╚╩═╩═╝

For any questions or inquiries regarding this video please reach out to chucky@mrbeastbusiness.com

----------------------------------------------------------------
follow all of these or i will kick you
• Facebook - https://www.facebook.com/MrBeast6000/
• Twitter - https://twitter.com/MrBeast
•  Inst"
The Controversial Disease with Illegal Symptoms,"Use this link to save $5 at Magic Spoon today!  https://magicspoon.com/wendigoon
Thank you to Magic Spoon for sponsoring the video!

The Internet Investigator Video: https://youtu.be/zS8scGo4zMA


Thank you all so much for watching and please let me know what you think! 

My Links

Gaming Channel/Wendigames: https://www.youtube.com/channel/UCuX9VrqRC3-EUq1eZ0NBbQg

Patreon: https://www.patreon.com/wendigoon

Twitter: https://mobile.twitter.com/wendigoon8

Subreddit: https://www.reddit.com/r/wend"
Crushed By the Offroad Games,"⚖️⚖️⚖️ Do you need a great lawyer?  I can help!  https://legaleagle.link/eagleteam 

Welcome back to LegalEagle.  The most avian legal analysis on the internets. 
🚀 Watch my next video early & ad-free on Nebula! https://legaleagle.link/watchnebula
👔 Suits by Indochino! https://legaleagle.link/indochino

GOT A VIDEO IDEA? TELL ME!
▀▀▀▀▀▀▀▀▀▀▀▀▀▀▀▀▀▀▀▀▀▀▀▀▀▀
Send me an email: devin@legaleagle.show

MY COURSES
▀▀▀▀▀▀▀▀▀▀▀▀▀▀▀▀▀▀▀▀▀▀▀▀▀▀
Interested in LAW SCHOOL?  Get my guide to law school! https:/"
Do Film/TV Prop Makers Consider Fans in Their Builds?,"When props are created for films and TV, do prop masters consider that fans will replicate them later? How much did Adam Savage interact with scripts when he worked in film? Does Adam ever get embarrassed telling people what he's working on? In this live stream excerpt Adam answers these questions from Tested members Ian Rigby, Thomas Esson and Michael Schnell, whom we thank for their support. Do you ever get embarrassed describing your current projects?

Join this channel to support Tested and "
Katie Mack Explains The Big Bang To John Green,"This is a snippet of a larger conversation taking place on Crash Course Pods: The Universe. Over the next 11 episodes, John Green and Katie Mack will walk through the entire history of the universe… even the parts that aren’t written yet. 

Episode 1 is out now and can be streamed on the Crash Course channel and wherever else you get your podcasts. Subscribe at https://complexly.io/theuniverse

----
Subscribe to our newsletter! https://werehere.beehiiv.com/subscribe
Learn more about our project "
This is the world's densest element (Osmium),"Osmium feels abnormally heavy because it's the world's densest element. It's even denser than gold and is almost twice as dense as lead. This small sample weighs around 32g and is worth around $1000. It's so expensive because it's extremely rare to find in nature, and it's one of the rarest elements on earth.

-------------------------------------------------------------------------------
Merch - https://nilered.tv/store
---------------------------------------------------------------------------"
Exploring KrainaGrzybowTV,"A couple of years ago, a Polish webseries took the creepy side of YouTube by storm, and since I haven't yet found a full English explanation on it, I thought I'd take the liberty of walking you all through this incredible series. Welcome to Smile Guide.

🎡Visit Liminal Land: https://www.liminalland.net
📧Submit a mystery: NightmareExpo@gmail.com
📲Follow me: https://www.twitter.com/NexpoYT
🖤Support the channel: https://www.patreon.com/Nexpo

--------------------------------------------------------"
Cuckoo for Cocoa Puffs...but at what cost?,Cuckoo for Cocoa Puffs...but at what cost?
Bizarre travelling flame discovery,"Thanks to Jane Street for sponsoring this video. Take a look at the opportunities they have here: https://bit.ly/3vpLNVW

Excitable Mediums (Media?) are really interesting and you can make one with lighter fluid and a little trough!

JK Brickworks video is here: https://youtu.be/IQhgiL3TqYQ?si=f2sbetGQ3JOjuSOY

You can download the 3D files here: https://www.thingiverse.com/thing:6586043

Oscar's website it here: http://www.oscarmorris-design.com/

You can buy my books here:
https://stevemould.c"
Turning trash into something less useful,"Instagram: https://www.instagram.com/ididathing_officialTiktok: https://www.tiktok.com/@ididathing
Patreon: https://www.patreon.com/user?u=13180179
Twitter: https://twitter.com/ididathing1
Discord: https://discord.gg/mppfmHW

Music: 

Johnny Cash - Ring of fire. 
Burnt to a Crisp"
How a transistor amplifies current | Digital electronics (6 of 10),"Transistors amplify current. What does that even mean and how does it work?

Support me on Patreon: https://www.patreon.com/beneater"
THEY MADE STAR WARS KEYCAPS?!,"STAR WARS KEYBOARD!?! 🤯 
Sponsored by @teamliquid x @starwars 

#ad #starwars #keycaps #customkeyboard #mechanicalkeyboard #shorts"
An Oscars-Inspired Feast | Binging With Babish,"This episode is sponsored by BetterHelp. Join today and get 10% off your first month: https://betterhelp.com/babish

This week, we're celebrating the biggest movies of the year by recreating some of their more memorable food scenes. Whether they're plastic, poison, or actively on fire, they're a deliciously deadly way to celebrate the biggest night in Hollywood.

Music: ""XXV"" by Broke for Free

Get the new Basics with Babish Cookbook on Amazon: https://www.amazon.com/Basics-Babish-Guide-Making-M"
The Project for Awesome is Changing!,"Project For Awesome 2024 is happening February 16-18
How to Make a Good P4A Video: https://www.youtube.com/watch?v=FTVDMharHbI
Join the matching fund: https://www.projectforawesome.com/matching

----
Subscribe to our newsletter! http://eepurl.com/Bgi9b
And join the community at http://nerdfighteria.com  
Help transcribe videos - http://nerdfighteria.info
Learn more about our project to help Partners in Health radically reduce maternal mortality in Sierra Leone: https://www.pih.org/hankandjohn
If"
Was my Dream Camera a Scam? 😳 #Leica,#leica #cameras #unboxing #tech
"I'm Siding With Apple - WAN Show May 10, 2024","Start your day on the right foot with AG1 at http://drinkAG1.com/WANshow

Save 10% and get Free Shipping with Ridge by using the code WAN at https://www.ridge.com/wan

Get a 15-day free trial for unlimited backup at https://www.backblaze.com/landing/podcast-wan.html

Get 20% off Savage Jerky with code WANFOOD20 at: https://savagejerky.com/pages/ltt

Podcast Download: https://pdst.fm/e/chrt.fm/track/C76EG6/traffic.megaphone.fm/LMG4082585763.mp3?updated=1715624184

Timestamps (Courtesy of NoKi1119"
Storm Glass ⛈️ #physics #toy,
The cable car that you pedal by hand,"Through the mountains of Slovenia, there are manual cable cars: some historic, some more modern. There aren't many left. I was able to try one, and to talk to the person who still maintains it.

Just to be clear, there are a few of these in other places in the world, too. There's at least a couple in North America, one in Germany, and one in Turkey! (Or at least, I think they still exist.) But the video of the Cicka got me to beautiful Slovenia, and the story that I found there was worth the tri"
NEW YS3M 3X3 Unboxing / 5-AXIS PENTAHEDRONS / TENGYUN V3 | SpeedCubeShop.com,"I leave for just a few months, and now there's BALL CORES?? Pentahedrons (triangles)??? ShengShou made the greatest 3x3 of all time???? I guess I'll stick around then...

My Main 3x3 Cube ► JPerm WR M MagLev:
https://speedcubeshop.com/products/jperm-weilong-wr-m-2021-3x3-maglev

SpeedCubeShop ► https://speedcubeshop.com
Using the code ""JPERM"" supports my channel and also gives you a discount on your order.

Product List ►
MoYu HuaMeng YS3 M: https://speedcubeshop.com/products/moyu-ys3-m-3x3-magn"
I NEED 1 MORE 𝗦𝗨𝗕𝗦𝗖𝗥𝗜𝗕𝗘𝗥,
Book Club Is A Theatrical Made-For-TV Movie: A Vlog,"Book Club isn't very good, but you probably already guessed that, so instead let's talk about why and how it exists in the first place.

Erin Simms' bio makes it sound like she actually was on the Power Rangers, but she apparently left the show before filming anything.

Written and performed by Dan Olson

Twitter: https://twitter.com/FoldableHuman"
Turning aspirin pills into mint flavor (wintergreen),"A cool thing about aspirin is that you can turn it into wintergreen, which is a common mint flavor.

-------------------------------------------------------------------------------
Merch - https://nilered.tv/store
-------------------------------------------------------------------------------

■ NileRed is now available on Nebula!  https://go.nebula.tv/nilered
(when signing up with this link, a portion of your membership directly supports the channel)

Join the community:
Patreon - https://www.p"
Fun DIY Costumes For YouTubers,"Do you want to win a picture of other peoples' cartoon faces signed by me? LEAVE A COMMENT. 

Least Favorite Roommate: https://www.youtube.com/MichaelReeves

Animators:
Jaiden Animations: https://www.youtube.com/jaidenanimations
TimTom: https://www.youtube.com/timtom
illymation: https://www.youtube.com/illymation
ThePivotsXXD: https://www.youtube.com/ThePivotsXXD
Andrei Terbea: https://www.youtube.com/andrei
BillyButBetter: https://www.youtube.com/billybutbetter
AntiDarkHeart: https://www.youtub"
Rampage,"When you're a tiny ruby lily beetle, a pet hedgehog is basically Godzilla."
Impossible Dovetail Cubes! #brainteasers #puzzle,"MY SHOP: https://www.1st.shop/

***MY OTHER CHANNELS***
AREA52: @area52investigations
My Podcast: @bottomofthebarrel
Gaming Channel: @chrisramsaytv
My Twitch Channel: https://www.twitch.tv/chrisramsay52
____________________________________________________________
Thanks to Apurture for the lighting:
https://glnk.io/73j1x/chris-ramsayaputureaffiliate
____________________________________________________________
Cool Stuff Available here: https://bit.ly/3f8RDm0
1000's of PUZZLES Available here: htt"
The Most Mind Bending Puzzle Game since Portal,"A picture is worth a thousand nerds

WATCH LIVE ► https://www.twitch.tv/atrioc
TWITTER ► https://www.twitter.com/atrioc
DISCORD ►  https://discord.com/invite/Dar3UDx
REDDIT ► https://reddit.com/r/Atrioc/

Edited by Godzhilla || https://twitter.com/thegodzhilla


""The Peak"" by pey - https://youtu.be/FvxZ8Cr75Y4
FULL VOD - https://youtu.be/59A1R7-_BA8
#atrioc  #viewfinder #gaming"
[Unity] Procedural Planets (E01 the sphere),"In this series we'll be creating a system for procedurally generating simple, but diverse planets.

Get the project files for this episode:
http://github.com/SebLague/Procedural-Planets

Please note that this series will not be covering level of detail or collisions, the goal is simply to generate some interesting-looking planets.

Support the creation of more tutorials and get early access to new videos: https://www.patreon.com/SebastianLague"
How to Install a Performance Intake Manifold and Replace Gaskets (Dyno PROOF),"Learn how to replace an intake manifold and intake manifold gaskets in your car or truck. I am upgrading my intake manifold from a non PI intake to a PI performance intake which will hopefully add some Horsepower and Torque! I also show you how to install a water pump, and how to tap the intake port for a coolant temperature sensor. 

Performance Intake: https://amzn.to/2L5klQD
Extendable Ratchet: https://amzn.to/3VbFGwQ
Torque Wrench: https://amzn.to/2IRnTsW
3/8's Tap and 37/64"" Drill Bit set: "
I try EVERY Japanese Snack..(Collab with @PewDiePie ),"🧎#Subscribe🧎

RHINOSHIELD GRIP: https://bit.ly/RS-PDP-GRIP
RHINOSHIELD CASES: https://bit.ly/PDP-Cases-New
Use code: PEWDIEPIE for 20% off in the first week (10% after) #ad

Stock Up On ➡️🥤Gfuel (affiliate): https://gfuel.ly/pewdiepie-collection
#Code #Pewdiepie

👘 Tsuki: https://bit.ly/3xrWsgY
👔 Based: https://www.based.gg

📱Customized Devices: https://rhinoshield.io/pewdiepie

⚙️My Setup (affiliate links)⚙️
🪑 Chair: https://bit.ly/3r51IUS
💻 Browser: https://operagx.gg/Pewds
⌨️ 🖱️ Keyboard & Mo"
How I beat the Hardest (and Dumbest) GTA 5 Challenge Ever Made,"I modded the hardest GTA street race of all time.

Streaming live on Twitch! https://www.twitch.tv/dougdoug
Full stream recording: https://www.youtube.com/watch?v=-j5ZhqmQWsY

You can download my mod here: https://www.dougdoug.com/gta5racemod

Edited by CyVoltage! https://www.youtube.com/c/CyVoltage

My 2nd Channel: http://bit.ly/dougdoug2
Twitter: https://twitter.com/DougDougFood

More DugDug:
Latest Uploads: https://www.youtube.com/watch?v=rp4cH7mb4X4&list=PLzTxt5iYdhziB3Zf03HR_aZWgJ49ffj-d&in"
PRO GEOGUESSR TOURNAMENT (LIVE),"WEEKLY GEOGUESSR TOURNAMENT. THE BEST PLAYERS IN THE WORLD COME TOGETHER TO COMPETE IN A TEAM OF 5 TO SEE WHO WILL PREVAIL THE VICTOROUS.

PRIZE POOL DONO: https://streamelements.com/rainbolt/tip"
Street Magician: A Day In The Life,"TOP 4 BUSKING AMPS: http://www.stevenbridges.co.uk/best-amp

PATREON: 
http://patreon.com/StevenBridges

SOCIALS: 
Instagram: http://instagram.com/StevenBridgesTV
Twitter: http://twitter.com/StevenBridges
Snapchat: StevenBridgesTV
Facebook: http://facebook.com/StevenBridgesMagician
Second Channel: http://youtube.com/stevenbridgestv2

MAGIC:
Cards I use - http://geni.us/cards
Learn card magic - http://geni.us/cardmagicamazon

CAMERA GEAR:
Vlogging Camera - http://geni.us/g7xamazonus (US link), ht"
"""A Red Pill"" Production Vlog 05 - Casting, Locations, and Depression","Production blog for short film ""A Red Pill"" funded by Telus STORYHIVE grant."
The Most Horrible Parasite: Brain Eating Amoeba,"https://kgs.link/shop-160
If you too want to overcome your existential dread, make your life beautiful and support Kurzgesagt, you can get sciency products made with love in our shop. Thanks so much to everyone who's supporting us.

Sources & further reading:
https://sites.google.com/view/sources-brain-eater/

The Brain Eating Amoeba
A war has been going on for billions of years that breeds well armed monsters who struggle with other monsters for survival. Having no particular interest in us, mo"
Persimmon: Nature's Jell-O,"Tristan Kwong's expertise has earned him the title of Fruit Sommelier—and he’s visiting the Bon Appétit Test Kitchen to share some of his rare fruit wisdom.

Want Bon Appétit shirts, hats and more? https://shop.bonappetit.com/?utm_source=youtube&utm_brand=ba&utm_campaign=aud-dev&utm_medium=video&utm_content=merch-shop-promo

Still haven’t subscribed to Bon Appétit on YouTube? ►► http://bit.ly/1TLeyPn

Want more Bon Appétit in your life? Subscribe to the magazine! https://bit.ly/313UWRu

AB"
My First Time Drifting at a New Track,"This was my first time ever drifting at a new track far away from my home track with the DriftStang! I ended up pulling a trailer behind the drift car and drifted 3 different tracks over the weekend. I took passengers, tried out my new carbon fiber racing helmet, and pushed my Mustang and my skills to the limits! 

I went from Raceway Park NJ to Pocono Raceway, over 140 miles each way towing a 1500lb trailer! I got to experience the Tricky Triangle and all of it's glory getting up to 80mph drift"
How Brake Pads are Made,"Brake pad replacement? Ever wonder how to make brake pads? Usually I show you a DIY like how to replace brake pads, but in this video I show you how brake pads are made!
Brake pads from this factory: https://www.NRSbrakes.com/nrs-chrisfix/
To make brake pads, we start out with raw pickled and oiled steel. The steel gets stamped into a brake pad backing plate which gets analyzed to make sure it meets OEM specifications. Next the brake pad backing plate goes to the NRS press to get a mechanical at"
Pranks Destroy Scam Callers- GlitterBomb Payback,"Please share this video and let’s shut them down. 

Jim’s video- https://youtu.be/0dT6jB2Dbmk
Trilogy Media's video- https://www.youtube.com/watch?v=YfQU_Qf_uTI

Get exclusive NordVPN deal here — https://NordVPN.com/markrober It’s risk free with Nord’s 30 day money-back guarantee

If you are with the press or a law enforcement agency and you would like access to all the evidence we've amassed against these 3 centers, please email us at CallCenterEvidencePack@gmail.com
    
How to avoid being sca"
Unbreakable Ice Cream Safe,"I started a company called CrunchLabs where we build a toy together and then I teach you all the juicy physics for how it works. So if you want to learn to think like an engineer and have really fun time doing it, check out the current promotion where you get 2 FREE boxes at https://crunchlabs.com

You should also go subscribe to the CrunchLabs YouTube channel cause we’ve got some bangers in the pipeline- https://www.youtube.com/crunchlabs

Thanks to these folks for providing some of the music i"
literally you rn 🤡🫵🏻,
Gordon Ramsay dunks a hot dog 🌭,"The Hot Dog must've been raw..

@gordonramsay"
THEY CAN'T BELIEVE IT! | Steven Bridges Street Magic,"You wanted more street magic. So here's more street magic!
THIS LOOKS BETTER AT 0.25 SPEED!
Support me on Patreon: http://patreon.com/StevenBridges

| Subscribe: http://bit.do/Steven | Follow: http://twitter.com/StevenBridges |

Snapchat: StevenBridgesTV
Vlogs: http://youtube.com/StevenBridgesTV2
Instagram: http://instagram.com/StevenBridgesTV
Facebook: http://facebook.com/StevenBridgesMagician
Website: http://www.stevenbridges.co.uk

Filmed by Tomek: http://youtube.com/Tomek
Filmed by Jasperi: "
The Rainiest Place On Earth,"The rainiest place on earth isn’t where you might expect. Get exclusive NordVPN deal here ➵ https://NordVPN.com/veritasium. It’s risk free with Nord’s 30 day money-back guarantee!

Special thanks to our Patreon supporters! Join this list to help us keep our videos free, forever: 
https://ve42.co/PatreonDEB

If you’re looking for a molecular modeling kit, try Snatoms – a kit I invented where the atoms snap together magnetically – https://ve42.co/SnatomsV

▀▀▀
Huge thanks to Okouchi-San and Dr. Sa"
The Art of Editing and Suicide Squad,"Clickbait title: This AWFUL EDITING Will Restore Your Faith in Humanity

Suicide Squad's construction is bad in a way that's legitimately unsettling for a movie of this scope and budget. There's serious concerns about what Warner Brothers is up to with how the DC films are being handled in general that makes you wonder if they aren't going to implode entirely.

Comment responses: https://youtu.be/2ALMpIemuIo

Written and performed by Dan Olson

Twitter: https://twitter.com/FoldableHuman
Twitch: "
Really Rare Property of Pumpkin Seed Oil!,"You can buy my books here:
https://stevemould.com/books

You can support me on Patreon and get access to the exclusive Discord:
https://www.patreon.com/stevemould

just like these amazing people:

Glenn Watson
Peter Turner
Joël van der Loo
Matthew Cocke
Mark Brouwer
Deneb

Twitter: http://twitter.com/moulds
Instagram: https://www.instagram.com/stevemouldscience/
Facebook: https://www.facebook.com/stevemouldscience/
TikTok: https://www.tiktok.com/@stevemould
Buy nerdy maths things: http://mathsge"
A.I. Learns To Walk,"Watch AIs learn to walk while avoiding a DEATH LAZER.
Huge thanks to Brilliant.org for supporting this channel, check them out: https://www.brilliant.org/CodeBullet

Twitter: https://twitter.com/code_bullet
Patreon: https://www.patreon.com/CodeBullet
Discord: https://discord.gg/UZDMYx5

Art created by @Dachi.art https://www.instagram.com/dachi.art"
Why Is the Night Sky Black? #shorts,"Assuming the universe is infinite and filled with an infinite numbers of stars, the night sky should be bright and not dark. This phenomenon, also known as Olbers' paradox, kept astronomers confused for a long time.

#kurzgesagt     
#inanutshell #kurzgesagt #kurzgesagt_inanutshell #learnwithshorts #science #astronerds #astronomy #spacefacts #spaceshorts #olbersparadox

Sources & further reading: 
https://sites.google.com/view/kgs-tiktok-sources

Follow us for more sciencey content! 🦆

OUR CHANN"
Dr Phil destroys Gamer boy,"#AD - 🌏 Get exclusive NordVPN deal here ➵  https://NordVPN.com/pewdiepie It’s risk free with Nord’s 30 day money-back guarantee!✌

🧎#Subscribe🧎

Stock Up On ➡️🥤Gfuel (affiliate): https://gfuel.ly/pewdiepie-collection
#Code #Pewdiepie

👘 New Pre-Order for Tsuki: https://bit.ly/3xrWsgY

📱Customized Devices: https://rhinoshield.io/pewdiepie

⛰️NordVPN DOWNLOAD (affiliate link)⛰️
Go to https://NordVPN.com/pewdiepie and use code PEWDIEPIE to get a 2-year plan plus 1 additional month with a huge disco"
How to Find and Repair Exhaust Leaks EASY (Without a Welder),"Learn how to find exhaust leaks in your car or truck and then repair them without a welder using some common, inexpensive exhaust sealer products. To repair the exhaust leak you can use an exhaust putty, tape, or clamp.

Exhaust Putty: https://amzn.to/2FAuYvJ
Exhaust Tape: https://amzn.to/2TXThXH
Exhaust Clamp: https://amzn.to/2n4X9b7
Sandpaper (100 grit): https://amzn.to/2KfXwsw
Shop Vac: https://amzn.to/2AySXdc
Electric Leaf Blower: https://amzn.to/2n5nOoc
Ramps: https://amzn.to/2vaWI3s

→ Bec"
Lithium is dangerous,"This is just a regular energizer lithium battery, and I want to see what's inside of it. 

WARNING: Opening batteries like this is dangerous, and almost always a huge pain. This experiment was performed in a controlled environment. Do not recreate anything you see.

-------------------------------------------------------------------------------
Merch - https://nilered.tv/store
-------------------------------------------------------------------------------

■ NileRed is now available on Nebula!  "
Reviewing EVERY Samsung Galaxy S Ever!,"There have been countless Galaxy S phones in 14 years. Let's take a look at every single one of them!

Get a dbrand grip case for your Galaxy S 24 at https://dbrand.com/samsung-galaxy

0:00 Intro
3:13 Galaxy S 1
6:20 Galaxy S 2
7:35 Galaxy S3
9:45 Galaxy S4
12:40 Galaxy S5
14:47 Galaxy S6/Edge
19:24 Galaxy S7
21:22 Galaxy S8
25:40 Galaxy S9
27:77 Galaxy S10/S10e
30:35 Galaxy S20/FE
33:40 Galaxy S21
34:57 Galaxy S22
36:24 Galaxy S23
37:59 Galaxy S24
39:46 The Graphs!

MKBHD Merch: http://shop.MKB"
When do I get my three wishes? 🧞‍♂️,
We used an ILLEGAL Covid Test from Wish!,"Tiktok: https://www.tiktok.com/@ididathing
Instagram: https://www.instagram.com/ididathing_official
Patreon: https://www.patreon.com/user?u=13180179
Twitter: https://twitter.com/ididathing1
Discord: https://discord.gg/mppfmHW

Sources: https://www.abc.net.au/news/2020-04-01/coronavirus-at-home-test-kits-selling-in-the-chinese-community/12095658"
No Tuna Goes to Waste When Making This Premium Sushi,"Royal Izakaya makes the most of fish when making sushi for their 17-course omakase.

Want Bon Appétit shirts, hats and more? https://shop.bonappetit.com/?utm_source=youtube&utm_brand=ba&utm_campaign=aud-dev&utm_medium=video&utm_content=merch-shop-promo

Still haven’t subscribed to Bon Appétit on YouTube? ►► http://bit.ly/1TLeyPn

Want more Bon Appétit in your life? Subscribe to the magazine! https://bit.ly/313UWRu

ABOUT BON APPÉTIT
Bon Appétit is a highly opinionated food brand that want"
Princess Peach Showtime: The Most Dramatic Mario Game,"Princess Peach has become a theatre actor using her kingdom's tax money. Let's Play All of it

Watch more full playthroughs of Mario games https://www.youtube.com/playlist?list=PLliBvQE3gg9d-g8PAC-Vy3Cy4pO6gL33e

~This video was recorded live on my Twitch Channel: http://www.twitch.tv/rtgame
~Subscribe if you'd like to see more! https://www.youtube.com/@RTGame?sub_confirmation=1
~Become a Youtube Member to support me: https://www.youtube.com/channel/UCRC6cNamj9tYAO6h_RXd5xA/join

~Follow me on T"
My alert sound didn't go off... #willneff #twitch,"Follow me!
TWITCH → https://www.twitch.tv/willneff
TIKTOK → https://www.tiktok.com/@willyneff
TWITTER → https://twitter.com/TheWillNeff
INSTAGRAM → https://www.instagram.com/thewillneff/

Find my podcast here → @FearAndPodcast

Edited by:  https://twitter.com/jookien"
GTA 5 but you ONLY drive by flinging your car,"I replaced all the cars with mind control powers

Streaming live on Twitch! https://www.twitch.tv/dougdoug
Full stream recording: https://www.youtube.com/watch?v=yVbbmPOaumE

Thumbnail Animation by Jeagle! https://www.youtube.com/c/Jeagle_g
Edited by Berry Bebop! https://www.youtube.com/c/berrybebop

My 2nd Channel: http://bit.ly/dougdoug2
Twitter: https://twitter.com/DougDougFood

More DugDug:
Latest Uploads: https://www.youtube.com/watch?v=rp4cH7mb4X4&list=PLzTxt5iYdhziB3Zf03HR_aZWgJ49ffj-d&in"
i won a pro geoguessr tournament,"proud.

zigzags pov: https://youtu.be/qGBPq9Nv6eU
tourney data: https://tinyurl.com/53d54uka
edited by: rawcruz (linktr.ee/rawcruz)"
MILF Manor Somehow Just Got More Insane,"Go to our sponsor https://betterhelp.com/codyko for 10% off your first month of therapy with BetterHelp and get matched with a therapist who will listen and help.

outro song: https://song.link/us/i/1657351351

merch: http://ko-official.com
podcast: https://www.youtube.com/tinymeatgang
2nd channel: https://www.youtube.com/channel/UCy06jHRS_82N2i5v1YL7glQ

instagram: http://instagram.com/codyko
twitter: http://twitter.com/codyko

business: mahzad.babayan@unitedtalent.com

edited by: https://www.y"
This Airless Basketball is 3D Printed!,
Adam Savage Goes Hands-On with Pip-Boy Prop from Fallout TV Show!,"We love the new Fallout TV series, and are thrilled to go hands-on with the actual hero Pip-Boy prop that Lucy wears in the show! Chris Barnardo of The Wand Company brings this prop along with prototypes of the official 1:1 die-cast replica that he and his team have been developing, as Adam goes in-depth with the features, functionality, and finish of this wearable collectible--the newly minted Pip-Boy 3000 Mk V!

Find the Fallout Pip-Boy diecast replica here: 
https://gear.bethesda.net/products"
This Zombie Bulb Will Not Turn Off! But Why?,"You can buy my books here:
https://stevemould.com/books

You can support me on Patreon and get access to the exclusive Discord:
https://www.patreon.com/stevemould

just like these amazing people:

Glenn Watson
Peter Turner
Joël van der Loo
Matthew Cocke
Mark Brouwer
Deneb

Twitter: http://twitter.com/moulds
Instagram: https://www.instagram.com/stevemouldscience/
Facebook: https://www.facebook.com/stevemouldscience/
TikTok: https://www.tiktok.com/@stevemould
Buy nerdy maths things: http://mathsge"
We Put 14 Cameras In A Busy Mexico City-Style Taqueria | Bon Appétit,"Tania Apolinar, owner of Taqueria Ramírez in Brooklyn, takes Bon Appétit behind the scenes for a hidden camera look at what it takes to serve 600 customers on a busy Friday night in the heart of Brooklyn.

Want Bon Appétit shirts, hats and more? https://shop.bonappetit.com/?utm_source=youtube&utm_brand=ba&utm_campaign=aud-dev&utm_medium=video&utm_content=merch-shop-promo

Still haven’t subscribed to Bon Appétit on YouTube? ►► http://bit.ly/1TLeyPn

Want more Bon Appétit in your life? Subscri"
I survived being Alone In The Dark...,"Pre-order Alone in the Dark now: 
Steam: https://thqn.net/49qk8m4
PS5: https://thqn.net/49vJoXV
XBOX: https://thqn.net/49tYw8w 
Watch other creators’ runs:      https://thqn.net/4cbtaWj 

Watch the Behind the Scenes video here: https://load.gg/AitDBTSPewDiePie

Watch THQ Nordic's Hero Piece: https://load.gg/AitDHeroPewDiePie


#AloneInTheDark #ReturnToDerceto #hauntedhouse #ad 

--
🧎#Subscribe🧎

Stock Up On ➡️🥤Gfuel (affiliate): https://gfuel.ly/pewdiepie-collection
#Code #Pewdiepie

Get exclusi"
Can You Trust Google?,"Pixel 8's 7 years of software updates is revolutionary... maybe

https://killedbygoogle.com/

MKBHD Merch: http://shop.MKBHD.com

Tech I'm using right now: https://www.amazon.com/shop/MKBHD

Playlist of MKBHD Intro music: https://goo.gl/B3AWV5

~
http://twitter.com/MKBHD
http://instagram.com/MKBHD
http://facebook.com/MKBHD"
TRASH: Don’t Bother with Delta One Suites *Shocking Experience*,"Don’t waste your money with Delta One Suites…. 

Aware that’s a strong statement. There is reason for in my brashness. 

Currently Delta fly their Delta One new suites product onboard their Airbus A350, Airbus A330 Neo and select retrofitted 767-400ERs. Today I’ll be getting onboard the later. Now before the barrage of disagreement in incorrectly calling the 767 suites… its very similar just without a door. The focus on today’s review is as always the overall experience and should you fly it? Un"
Trump Guilty of Civil Fraud in New York,"Trump must pay over $350 million. 🍲 Use code LEGALEAGLE50 to get 50% OFF at Factor https://legaleagle.link/factor ⚖️⚖️ ⚖️ Do you need a great lawyer?  I can help!  https://legaleagle.link/eagleteam 

Welcome back to LegalEagle.  The most avian legal analysis on the internets. 
🚀 Watch my next video early & ad-free on Nebula! https://legaleagle.link/watchnebula
👔 Suits by Indochino! https://legaleagle.link/indochino

GOT A VIDEO IDEA? TELL ME!
▀▀▀▀▀▀▀▀▀▀▀▀▀▀▀▀▀▀▀▀▀▀▀▀▀▀
Send me an email: devin@le"
major security vulnerability found in rust (over hyped?),"A critical 10/10 vulnerability has been found in Rust, but how important is it really? Check it out in this video.

https://github.com/frostb1ten/CVE-2024-24576-PoC

🏫 COURSES 🏫 Learn to code in C at https://lowlevel.academy
📰 NEWSLETTER 📰  Sign up for our newsletter at https://mailchi.mp/lowlevel/the-low-down

🛒 GREAT BOOKS FOR THE LOWEST LEVEL🛒
Blue Fox: Arm Assembly Internals and Reverse Engineering: https://amzn.to/4394t87
Practical Reverse Engineering: x86, x64, ARM, Windows Kernel, Reversi"
Chomping through metal (Indium),"What I have here is a chunk of indium, and I think it's pretty cool. It's extremely soft and non-toxic, so I should be able to bite through it.

-------------------------------------------------------------------------------
Merch - https://nilered.tv/store
-------------------------------------------------------------------------------

■ NileRed is now available on Nebula!  https://go.nebula.tv/nilered
(when signing up with this link, a portion of your membership directly supports the channel)
"
New York’s Cheapest Burger Is Also Its Best,"Mo’s Burgers in Harlem is a neighborhood staple. Mo Robinson Jr. has been serving the greater Harlem community for over 30 years, whipping up burgers, hot dogs, sausages, and punch right outside the barbershop that he owns. Everyone in the neighborhood knows Mo, and as one customer said, he's like a ""mayor of Harlem.""

#newyork #burger #hotdog #harlem

Subscribe to MUNCHIES here: http://bit.ly/Subscribe-to-MUNCHIES

Follow MUNCHIES here:
TikTok: https://www.tiktok.com/@munchies
Facebook: http://"
The 90-Year-Old Italian Grandma Running an Iconic NYC Restaurant | Bon Appétit,"Today, Bon Appétit spends the day with Nonna Maria, one of the resident grandma chefs at Enoteca Maria on Staten Island. At 90 years old, Maria has been cooking Italian food longer than most bringing a lifetime of experience and flavor to her dishes. “Enoteca Maria is a place where we invite grandmothers from all over the world in to cook their traditional dishes. Nonna Maria has been working here for about 10 years now, and she lights up the place as soon as she walks in the door. She’s 90 year"
revealing the features of the XZ backdoor,"In this video we play with xzbot, the tool developed by @amlweems at Google, and use it to show off the scary functionality of the xz backdoor.

@amlweems: https://twitter.com/amlweems
xzbot: https://github.com/amlweems/xzbot
original story: https://openwall.com/lists/oss-security/2024/03/29/4

🏫 COURSES 🏫 Learn to code in C at https://lowlevel.academy

🛒 GREAT BOOKS FOR THE LOWEST LEVEL🛒
Blue Fox: Arm Assembly Internals and Reverse Engineering: https://amzn.to/4394t87
Practical Reverse Engineer"
Classic Fettuccine Alfredo | Anything With Alvin,"This episode is sponsored by Danish Creamery. Learn more at http://danishcreamery.com and follow at https://www.facebook.com/DanishCreamery/, https://www.instagram.com/danishcreamery, https://www.tiktok.com/@danishcreamery

Today, we make our own classic, buttery, fettuccine alfredo dish, made specially with Danish Creamery.

Inspired by: https://www.youtube.com/watch?v=Sk9HCxfIREo

Follow Alvin Zhou on Instagram:  instagram.com/alvin.zhou  

For recipes and more, visit https://www.Babi.sh

Get "
[Unity] 2D Curve Editor (E05: evenly spaced points),"Source: https://github.com/SebLague/Curve-Editor

Support the creation of more gamedev tutorials:
https://www.patreon.com/SebastianLague
https://www.paypal.me/SebastianLague"
I Turned PACMAN into a VR HORROR GAME,"Head to https://brilliant.org/CodeBullet/ to start your free 30-day trial, and the first 200 people get 20% off an annual premium subscription.
check out my second channel @codebulletsdayoff582 
also check out opensause https://opensauce.live/

Twitter: https://twitter.com/code_bullet
Patreon: https://www.patreon.com/CodeBullet
Discord: https://discord.gg/UZDMYx5

Art created by @Dachi.art https://www.instagram.com/dachi.art"
"Oreos are Healthy, Trust me!","You can buy my books here:
https://stevemould.com/books

You can support me on Patreon and get access to the exclusive Discord:
https://www.patreon.com/stevemould

just like these amazing people:

Glenn Watson
Peter Turner
Joël van der Loo
Matthew Cocke
Mark Brouwer
Deneb

Twitter: http://twitter.com/moulds
Instagram: https://www.instagram.com/stevemouldscience/
Facebook: https://www.facebook.com/stevemouldscience/
TikTok: https://www.tiktok.com/@stevemould
Buy nerdy maths things: http://mathsge"
Top 10 Facts - Overwatch,"[Credits, References, and More]
https://www.lemmi.no/p/t10f-overwatch

Patreon: https://www.patreon.com/lemmino
Subreddit: https://www.reddit.com/r/lemmino
Twitter: https://www.twitter.com/lemmin0
Discord: https://www.discord.gg/lemmino"
"Someone Paid $10,000 to Patent This","Thanks to Google Meet for sponsoring a portion of this video! 
 ► Try Google Meet on Android or install it on your iOS device! https://goo.gle/3Rl9Opw

Open Sauce Tickets: https://opensauce.live/tickets/
Open Sauce Instagram: https://www.instagram.com/opensaucelive
Cat Warehouse: https://www.catwarehouse.com/

Thanks for the help
@TheBackyardScientist 
Ian & Emma & Caretaker"
Ferrofluid vs magnet,"Ferrofluid is a liquid that's attracted to a magnet, and it like to form a lot of small spikes. Ferrofluid was first invented by NASA in 1963, and it's made by suspending super small particles of iron in a solvent.

Watch me make ferrofluid from scratch: https://www.youtube.com/watch?v=6L8yUY-doNc

-------------------------------------------------------------------------------
Merch - https://nilered.tv/store
-------------------------------------------------------------------------------

■ Nile"
My Biggest Accomplishment,"➡️ Get My Chess Courses:  https://www.chessly.com/
➡️ Get my best-selling chess book: https://geni.us/gothamchess

➡️ My book in the UK and Europe: https://bit.ly/3qFqSf7
➡️ Mein Buch auf Deutsch: https://bit.ly/45fKt3R
➡️ Mi libro en Español: https://bit.ly/3Y5xaRx

➡️ Start Playing Chess FOR FREE: http://bit.ly/3Xa3EsB

➡️ Enjoy my videos? Donate Here : https://www.paypal.me/gothamchess

Email me your games: gothamletters@gmail.com
Sponsors, Business, Media: gotham@night.co - [DO NOT SEND GAME"
Introduction to Game Development (E22: trigonometry),"This episode shows how to find a direction from an angle, and vice versa, using trigonometry. It also covers the conversion from degrees to radians, and shows how to use the trig functions in Unity.

Source code:
https://github.com/SebLague/Intro-to-Gamedev

Graph of sin, cos, and tan: https://www.desmos.com/calculator/jckk7avktj

If you'd like to support these videos, you can make a recurring monthly donation (cancellable at any time) through Patreon: http://bit.ly/sebPatreon
Or a once-off dona"
AI just officially took our jobs… I hate you Devin,"Cognition Labs just unveiled a new AI coding tool called Devin that is designed to automate the job of software engineers. Let's take a first look at Devin and see if it is a truly powerful tool or just artificial intelligence hype. 

#ai #programming #thecodereport 

💬 Chat with Me on Discord

https://discord.gg/fireship

🔗 Resources

Devin Announcement https://www.cognition-labs.com/blog
SWE Benchmark https://www.swebench.com
Programming AI Assistants https://youtu.be/7h732qLxtAk
Uncensored AI"
"$1 vs $100,000,000 House!","I can’t believe how expensive the last house is

In case you want to buy the $139,000,000 House... https://www.instagram.com/1200belair/


New Merch - https://mrbeast.store

Check out Viewstats! - https://www.viewstats.com/

SUBSCRIBE OR I TAKE YOUR DOG
╔═╦╗╔╦╗╔═╦═╦╦╦╦╗╔═╗
║╚╣║║║╚╣╚╣╔╣╔╣║╚╣═╣ 
╠╗║╚╝║║╠╗║╚╣║║║║║═╣
╚═╩══╩═╩═╩═╩╝╚╩═╩═╝

For any questions or inquiries regarding this video please reach out to chucky@mrbeastbusiness.com

----------------------------------------------------------------"
YouTube Heroes Explained,"YouTube Heroes, announced September 20th, immediately drew massive pushback, but is it really as awful as people think it is?"
New York City's Oldest Street Vendor,"Mama Jo, the oldest street vendor in New York, is an urban legend. She cooks up the best bagels in the city and never seems to stop. Here is her story…

#newyork #nycfood #nycbreakfast

Subscribe to MUNCHIES here: http://bit.ly/Subscribe-to-MUNCHIES

Follow MUNCHIES here:
TikTok: https://www.tiktok.com/@munchies
Facebook: http://facebook.com/munchies
Instagram: http://instagram.com/munchies
Twitter: http://twitter.com/munchies
Threads: https://www.threads.net/@munchies

More videos from the VICE"
LARGEST RUBIK'S CUBE / METALLIC CUBE / BLUE TORNADO V2 | SpeedCubeShop.com,"It's like Mega Mario and Metal Mario except instead of Mario it's a Rubik's Cube.

SpeedCubeShop ► https://speedcubeshop.com
Using the code ""JPERM"" supports my channel and also gives you a discount on your order.

Products ►
HeShu 18cm Cube (Largest Mass Produced 3x3): https://speedcubeshop.com/products/heshu-18cm-worlds-largest-3x3
Cyclone Boys Metallic 3x3: https://speedcubeshop.com/products/cyclone-boys-metallic-3x3-magnetic
Limited Edition Blue Winter Tornado V2 M: [sold out]

Beginner:
2x2 "
My story with concussions,"If you feel I've earned it  you can support the channel here: https://www.patreon.com/mikeboyd
If you prefer, YouTube's ""Join"" feature, you can support here: https://www.youtube.com/channel/UCIRiWCPZoUyZDbydIqitHtQ/join
Want to give a one-off donation instead? https://www.buymeacoffee.com/mikeboyd
I am so grateful for any support you choose to give, financial or emotional! 🙏 Rubik’s mosaic video: https://youtu.be/vgicYVYft3s
An explanation of why I haven't been active on YouTube lately.

The art"
$5000 Hamburger Puzzle!!,"MY SHOP: https://www.1st.shop/
Puzzle By Akio Kamei
***MY OTHER CHANNELS***
AREA52: @area52investigations
My Podcast: @bottomofthebarrel
Gaming Channel: @chrisramsaytv
My Twitch Channel: https://www.twitch.tv/chrisramsay52
____________________________________________________________
Thanks to Apurture for the lighting:
https://glnk.io/73j1x/chris-ramsayaputureaffiliate
____________________________________________________________
Cool Stuff Available here: https://bit.ly/3f8RDm0
1000's of PUZZLES"
San Francisco's Singaporean Satay Queen 👑,"If you find yourself on the munchies in San Francisco (a common occurrence there, so we're told) there's a good chance you'll meet Elly Suraya Greenfield. Her grandmother's recipes are so good that they earned her the title of 'Singaporean Satay Queen'. 

The business has family roots at its core, with Elly’s husband and daughter working alongside her whilst they sell their granny's peanut sauce by the bucketload. 

#satay #singapore #sanfrancisco #familyfood #food

Subscribe to MUNCHIES here: h"
ONBOARD New ANA First Class to Tokyo *The SUITE 777 Review*,"Head to https://squarespace.com/trektrendy to save 10% off your first purchase of a website or domain using code TREKTRENDY

Today I’m onboard ANA’s brand new First Class, called The Suite; flying from London Heathrow over to Tokyo Haneda airport. I'll explain the process of what it's like to fly onboard The Suite during 2021 to Tokyo, Japan. This product is offered exclusively onboard their Boeing 777-300ER and only on a select few routes to London, Germany and the USA. My flight today is near "
The Vision Pro have a BIG GLITCH,The Apple Vision Pro have a massive glitch
Secrets of Malloc ? #programming #coding #lowcode,"Live on Twitch: https://twitch.tv/lowlevellearning

Check out this informative video about the way the glibc allocator works! 🤔💡 Learn how the arena, bins, and free list play a role in memory allocation. #glibcallocator #memoryallocation #techknowledge #programming #computerscience

🏫 COURSES 🏫 Check out my new courses at https://lowlevel.academy

🙌 SUPPORT THE CHANNEL 🙌 Become a Low Level Associate and support the channel at https://youtube.com/c/LowLevelLearning/join

Why Do Header Files Exist"
Cooking Kangaroo using only the Australian Sun!,"Wanted to prove to myself that i am not a baby for putting sunscreen on when i go outside, by cooking kangaroo using only the Australian sun.

Sorry skippy!

If you like what i am doing! Support me on patreon!
https://www.patreon.com/user?u=13180179
Second channel: https://www.youtube.com/channel/UCpeliX_ewtnn6f467wyM0YA
https://twitter.com/ididathing1"
First Stream In Forever! / Haunted House Reaction / Alone in The Dark / Chatting /,"#ad Alone in the Dark is out now: 
Steam: https://thqn.net/49qk8m4
PS5: https://thqn.net/49vJoXV
XBOX: https://thqn.net/49tYw8w"
I forced an Ai to play a kids adventure game,"Today I created an A.i. to see if it could beat the classic children's game - Pajama Sam. 

Streaming live on Twitch! https://www.twitch.tv/dougdoug
Full stream recording: https://www.youtube.com/watch?v=dIUGsHG2vtc

Edited by Mckl! https://mikeremer.wixsite.com/mysite

My 2nd Channel: http://bit.ly/dougdoug2
Twitter: https://twitter.com/DougDougFood

More DugDug:
Latest Uploads: https://www.youtube.com/watch?v=rp4cH7mb4X4&list=PLzTxt5iYdhziB3Zf03HR_aZWgJ49ffj-d&index=2
DougDoug Challenges: http"
"Am I a magician, or am I really lucky at getting unlucky?? 🥸🍀",
Solving 3 EXPERT LEVEL Zelda Puzzles!!,"Unlocking Hyrule's Secrets: Mastering the Zelda Hanayama Puzzles Challenge 🗝️🧩 | Join me as I embark on a quest to solve the intricate Hanayama puzzles inspired by the legendary world of Zelda. Will these puzzles prove to be as challenging as Ganon's dungeons, or will the Triforce guide my way to victory? Dive into a journey of precision, patience, and puzzle-solving prowess.

MY SHOP: https://www.1st.shop/
Available here: https://www.puzzlemaster.ca/browse/groupspecials/18033-group-special-set-"
How I Almost Ruined MrBeast Squid Game,"This video is sponsored by Skillshare. The first 1,000 people to use the link or my code williamosman will get a 1 month free trial of Skillshare: https://skl.sh/williamosman02221

MrBeast Squid Game: https://youtu.be/0e3GPea1Tyg
Safety Third Podcast: https://www.youtube.com/channel/UC7QE72cxiBkiwnvGoFfqYOg
Merch: https://www.catwarehouse.com/

Colorado PCB Assembly - https://www.coloradopcbassembly.com/
Thanks to @TheBackyardScientist  @allenpan  @NileRed for helping

Patreon: https://www.patre"
How Vlogbrothers Will End,"In which John continues Hank's conversation from last week about YouTuber retirement, metaphors for being a content creator, and asking when and how to walk away.


----
Subscribe to our newsletter! http://eepurl.com/Bgi9b
And join the community at http://nerdfighteria.com  
Help transcribe videos - http://nerdfighteria.info
Learn more about our project to help Partners in Health radically reduce maternal mortality in Sierra Leone: https://www.pih.org/hankandjohn
If you're able to donate $2,000 "
Just Alex Live Stream,"Check out my Instagram - https://www.instagram.com/alex_smith1809/
Support the Just Alex Channel on Patreon - https://www.patreon.com/justalexsmith
TikTok - https://www.tiktok.com/@justalexsmith
Watch me live on Twitch - https://www.twitch.tv/justalexsmith
Business enquiries - alexfordhamsmith@gmail.com"
"I visited a small holding with 300 beehives, cows, pigs, chickens, a goat and a vegetable garden","I visited a small farm in Ireland!
Learn more about Olly's farm - https://www.ollysfarm.ie/
Check out Olly's Instagram - https://www.instagram.com/ollysfarm/
Check out my Instagram - https://www.instagram.com/alex_smith1809/
Support the Just Alex Channel on Patreon - https://www.patreon.com/justalexsmith
TikTok - https://www.tiktok.com/@justalexsmith
Business enquiries - alexfordhamsmith@gmail.com"
SBF Is Losing His Trial,"and other WINS & FAILS from the past week in Marketing & Business!

0:00 Intro
0:09 The SBF Trial continues.
05:25 Unity CEO gets the BOOT
09:13 X's Linda YAPP-arino Press Run
14:50 Interest Rates are getting worse.
17:06 I prefer my coffee like my work: at home.
18:40 Netflix's 1:1 Squid Game
20:05 r/Atrioc opens back up!
21:13 Outro

WATCH LIVE ► https://www.twitch.tv/atrioc
TWITTER ►https://www.twitter.com/atrioc
DISCORD ►  https://discord.com/invite/Dar3UDx
REDDIT ► https://reddit.com/r/Atri"
How NOT to BBQ - Cooking with Alex Ep 3 (in the snow),"Do you want to learn how to cook BBQ? If so... then you're watching the wrong video! lol Honestly though, I hope this teaches you something about learning new skills and about how failing isn't a bad thing! Enjoy :)
Check out my Instagram - https://www.instagram.com/alex_smith1809/
Support the Just Alex Channel on Patreon - https://www.patreon.com/justalexsmith
TikTok - https://www.tiktok.com/@justalexsmith
Watch me live on Twitch - https://www.twitch.tv/justalexsmith
Business enquiries - alexfo"
"Japanese Karaoke, but I cant sing..","#AD - Shop G FUEL Back2School: https://gfuel.ly/pdp-back2school

Stock Up On ➡️🥤Gfuel (affiliate): https://gfuel.ly/pewdiepie-collection
#Code #Pewdiepie

👘 Tsuki: https://bit.ly/3xrWsgY
👔 Based: https://www.based.gg

📱Customized Devices: https://rhinoshield.io/pewdiepie

⚙️My Setup (affiliate links)⚙️
🪑 Chair: https://bit.ly/3r51IUS
💻 Browser: https://operagx.gg/Pewds
⌨️ 🖱️ Keyboard & Mouse: https://ghostkeyboards.com/pages/pewd...

🕹️ Pewdiepie's Pixelings
iOS: https://buff.ly/2pNG0aT
Android:"
Like Apocalyptic Horsemen,"Get your pizzamas planter! Or celebrate the Eras! Or cozy blankets: http://pizzamas.com
In which John comes to you in four parts, discussing the joy of Pizzamas even HAPPENING this year as well as the surprises of Proper Adulthood.

Thanks to @abdullahenani9670 for the Prof/Hank meme!

----
Subscribe to our newsletter! http://eepurl.com/Bgi9b
And join the community at http://nerdfighteria.com  
Help transcribe videos - http://nerdfighteria.info
Learn more about our project to help Partners in He"
Chess Prodigy Outperforms MAGNUS!!,"➡️ Get My Chess Courses:  https://www.chessly.com/
➡️ Get my best-selling chess book: https://geni.us/gothamchess

➡️ My book in the UK and Europe: https://bit.ly/3qFqSf7
➡️ Mein Buch auf Deutsch: https://bit.ly/45fKt3R
➡️ Mi libro en Español: https://bit.ly/3Y5xaRx

➡️ Start Playing Chess FOR FREE: http://bit.ly/3Xa3EsB

➡️ Enjoy my videos? Donate Here : https://www.paypal.me/gothamchess

Email me your games: gothamletters@gmail.com
Sponsors, Business, Media: gotham@night.co - [DO NOT SEND GAME"
I bought every single Gacha Pod.... (Collab with @PewDiePie ),"#AD - My new browser background is live on Opera GX—and it's animated! Get it FREE on desktop and mobile: https://www.operagx.gg/PewDiePie6

00:00 Opera Sponsor
02:00 Buying Gatcha
04:42 Unboxing Gatcha

👘 New Pre-Order for Tsuki: https://bit.ly/3xrWsgY
👔 Based: https://www.based.gg

📱Customized Devices: https://rhinoshield.io/pewdiepie

⛰️NordVPN DOWNLOAD (affiliate link)⛰️
Go to https://NordVPN.com/pewdiepie and use code PEWDIEPIE to get a 2-year plan plus 1 additional month with a huge discou"
Police Detain Card Counter!,"Free Card Counting Guide:  https://stevenbridges.ck.page/free-guide
Subscribe on Nebula: https://nebula.tv/stevenbridges
Learn to count cards: https://www.blackjackapprenticeship.com/?steven (affiliate link)

Thanks to @LegalEagle & Sheriff for their help with this video!

If you think some of my card counting back off stories are harsh, wait until you see this video. This is a police situation involving my friend Sherif. I won't spoil it, but it's absolutely wild. 

FREE: Why you probably shoul"
How deadly is cyanide?,"Sodium cyanide is quite useful in chemistry, but it's probably best known as a poison. When used in chemistry, it can be a bit scary to work with because of its toxicity. However, what I find surprising, is that it still takes a decent amount for it to be dangerous.

WARNING: Cyanide is EXTREMELY toxic and dangerous. It was handled very carefully in this video. DO NOT recreate anything you see.

Safety information about cyanide: https://nile.red/s/Cyanide-Safety-Information.pdf

----------------"
This was hard..,"🧎#Subscribe🧎

Stock Up On ➡️🥤Gfuel (affiliate): https://gfuel.ly/pewdiepie-collection
#Code #Pewdiepie

👘 Tsuki: https://bit.ly/3xrWsgY
👔 Based: https://www.based.gg

📱Customized Devices: https://rhinoshield.io/pewdiepie

⚙️My Setup (affiliate links)⚙️
🪑 Chair: https://bit.ly/3r51IUS
💻 Browser: https://operagx.gg/Pewds
⌨️ 🖱️ Keyboard & Mouse: https://ghostkeyboards.com/pages/pewd...

🕹️ Pewdiepie's Pixelings
iOS: https://buff.ly/2pNG0aT
Android: https://buff.ly/34C68nZ

🕹️Pewdiepie’s Tuber Simul"
Something weird grows from this liquid,"Today I'm going to be doing something, that I think is really cool.

-------------------------------------------------------------------------------
Merch - https://nilered.tv/store
-------------------------------------------------------------------------------

■ NileRed is now available on Nebula!  https://go.nebula.tv/nilered
(when signing up with this link, a portion of your membership directly supports the channel)

Join the community:
Patreon - https://www.patreon.com/nilered
Discord - htt"
When City Planning in Cities Skylines 2 goes wrong,"Welcome to Cities Skylines 2. Nobody knew city planning could be so complicated

Watch more Cities Skylines: https://www.youtube.com/watch?v=V37Au5H0kG0&list=PLliBvQE3gg9dNVEj6v6iXaTqqrZYwFc7e

~This video was recorded live on my Twitch Channel: http://www.twitch.tv/rtgame
~Subscribe if you'd like to see more! https://www.youtube.com/@RTGame?sub_confirmation=1
~Become a Youtube Member to support me: https://www.youtube.com/channel/UCRC6cNamj9tYAO6h_RXd5xA/join

~Follow me on Twitter: https://twi"
I was wrong (and so was everyone),"Did 18th century firefighters really let buildings burn? Sources below. ■ AD: 👨‍💻 NordVPN's best deal is here: https://nordvpn.com/tomscott - with a 30-day money-back guarantee.

Here's the full, thoroughly referenced report: https://www.tomscott.com/corrections/firemarks/

Thanks to historical consultant Paul J Sillitoe: http://www.linkedin.com/in/paul-sillitoe-avi-consultants

Thanks to Afonso Noronha for the email sparking this whole discussion! All the corrections on this channel can be foun"
6lb Pasta Contest vs Juan Neave **Loser Shaves his Head**,"Head to https://keeps.com/mattstonie to get 50% off your first Keeps order.
Thanks to Keeps for sponsoring this video! 

The time has come! After months of anticipation following a bet Juan & I made, the Spaghetti is about to go down! 
The rules are simple, 6lbs of Spaghetti & Sauce, first to finish wins...

And the steaks for a contest have never been higher....

Check out Juan's YouTube Channel! 
- https://www.youtube.com/channel/UCrPYz-6gAfBclXtisJMa-Tg

ENJOY!!!

---Try Stonie Bowls!---

Web"
Binging with Babish: Edible Flower Teacup from Willy Wonka and the Chocolate Factory,"This episode is sponsored by BetterHelp. Join today and get 10% off your first month: https://betterhelp.com/babish

Music: ""Heart Ache"" and ""unna"" by Broke for Free
https://soundcloud.com/broke-for-free

Get the new Basics with Babish Cookbook on Amazon: https://www.amazon.com/Basics-Babish-Guide-Making-Mistakes/dp/198216753X

Babish Cookware on Amazon: http://bit.ly/babishstore

Recipe coming soon!

My playlist of preferred cooking tunes, Bangers with Babish!
https://spoti.fi/2TYXmiY

BCU TikT"
Dragon Balls from Dragon Ball Z | Anime with Alvin,"This episode is sponsored by Bokksu. Go to https://partner.bokksu.com/ALVIN and use code ALVIN to get $15 off your first Bokksu Japanese snack box!

Follow Alvin Zhou on Instagram: https://www.instagram.com/alvin.zhou/

Pre-Order the new Basics with Babish Cookbook: https://www.bingingwithbabish.com/cookbook

Babish Cookware on Amazon: http://bit.ly/babishstore

My playlist of preferred cooking tunes, Bangers with Babish!
https://spoti.fi/2TYXmiY

BCU TikTok: https://bit.ly/2PLtohe
Binging With "
Top 10 Facts - DC Comics,"Twitter: http://lemmi.no/twitter
Facebook: http://lemmi.no/facebook


[Music]
Silent Partner - Hills Behind

Link:
https://www.youtube.com/audiolibrary/music


[References & Further Reading]
https://docs.google.com/spreadsheets/d/1uUFmXkfYhKiq46Hol5o_YoWrrGn2WmoaZAMS8XugkX4/pub?gid=467226363


[Thumbnail]
http://lemmino.deviantart.com/art/DC-Comics-536001639"
The Weird & Dirty Social Experiment - The Acali Raft,"Get 20% off + FREE shipping + 2 FREE gifts @ Manscaped with promo code WENDIGOON at https://MANSCAPED.com #sponsored #manscaped


Timestamps

Intro - 00:00

The Plan - 3:43

Setting Sail - 15:19

Sea Sick - 21:16

I'm the Captain Now - 29:18

Smooth Sailing - 39:21

Aftermath - 43:06


Rat Utopia - https://youtu.be/NgGLFozNM2o


Thank you all so much for watching and please let me know what you think! 

My Links

Gaming Channel/Wendigames: https://www.youtube.com/channel/UCuX9VrqRC3-EUq1eZ0NBbQg"
25 Math explainers you may enjoy | SoME3 results,"Playlist of all entries: https://www.youtube.com/playlist?list=PLnQX-jgAF5pQS2GUFCsatSyZkSH7e8UM8
All non-video entries: https://some.3b1b.co/non-videos
Thank you to Jane Street, both for funding the event, and providing eager and able guest judges to the final stages of the process.

Organization and logistics were handled by James Schloss, aka @LeiosLabs 

Web development by Frédéric Crozatier

0:00 - The event
1:34 - Pixel Art Anti-aliasing
2:26 - The Enola Gay
3:40 - Pitch shifter
4:14 - Cay"
Top Car Tools and Gadgets of 2020 (Christmas Gift Ideas),"Here's my top 5 Christmas Gift Ideas for car guys and girls. These are the coolest gadgets and most helpful tools I could think of for this year. I also included stocking stuffers for even more gift ideas on a budget! These gift ideas are all products I personally use and like enough to share with my fans!

1.) 
DIY Ceramic Coating: https://Avalonking.com (use code ""xmas25"" for $25 off)
Undercarriage Washer: https://amzn.to/2K2tqi4
2.)
Jack Stands: https://www.etamfg.com/shop.html?store-page=Ren"
"When I quit youtube, this is what I will always remember.","We made so many great memories along the way. Here's to another million.

SpeedCubeShop ► https://speedcubeshop.com
Using the code ""JPERM"" supports my channel and also gives you a discount on your order.

My Main Cube ► JPerm RS3 M 2020: https://speedcubeshop.com/products/jperm-rs3-m-2020-3x3

Beginner:
2x2 Tutorial ► https://youtu.be/GANnG5a19kg
3x3 Tutorial ► https://www.youtube.com/watch?v=7Ron6MN45LY
4x4 Tutorial ► https://www.youtube.com/watch?v=KWOZHbDdOeo
5x5 Tutorial ► https://www.youtub"
The Weirdest Barbecue I've Ever Been To,"Hotdogs, hamburgers, and giant robots.
Thanks MegaBots!!

Support us on Patreon: https://www.patreon.com/williamosman
Website: http://www.williamosman.com/
Facebook: https://www.facebook.com/williamosmanscience/
InstaHam: https://www.instagram.com/crabsandscience/
CameraManJohn: http://www.johnwillner.com/"
Exploring An Abandoned Nuclear Power Plant,"Go to https://buyraycon.com/wendigoon for 15% off sitewide! Act now to get your gifts before the holidays! 12/13 - 12/20 Express Shipping on orders over $85!

The boys:

Operator Drewski: https://youtube.com/@OperatorDrewski
Chad: https://instagram.com/chaddphoto?igshid=YmMyMTA2M2Y=

James Choi: https://instagram.com/jaerive?igshid=YmMyMTA2M2Y=
Charles Auberta: https://instagram.com/charlesauberta?igshid=YmMyMTA2M2Y=

My Links

Second channel/ Wendigang: https://www.youtube.com/@Wendigames

Twit"
Contrepreneurs: The Mikkelsen Twins,"Clickbait Title: I'm here to teach you about an unmissable business opportunity!

Thank you to Savy over at Savy Writes Books for helping out with this video - https://www.youtube.com/c/SAVYLEISER 

Emma Thorne - The Mikkelsen Twins' ""Publishing Life"" Scam? - https://www.youtube.com/watch?v=Klu8U5P35a4

I spared everyone the part of the story where I got COVID and spent months recovering. A Skeptic's Guide to Hypnosis is available for you to read for free, the hitch is that it's been distributed"
A Man With No Rhythm Plays Heaven Studio: A Custom Rhythm Heaven Song Maker,"Heaven Studio is a tool that lets you make and play custom Rhythm Heaven levels, using any song you like. This is its first release version.

Check out Heaven Studio here: https://rheavenstudio.itch.io/heaven-studio
Watch more Rhythm Games: https://www.youtube.com/playlist?list=PLliBvQE3gg9drj7A0Acy-ycFKRgofTWmD

~This video was recorded live on my Twitch Channel: http://www.twitch.tv/rtgame
~Subscribe if you'd like to see more! https://www.youtube.com/@RTGame?sub_confirmation=1
~Become a Youtub"
"🔴 AFK JOURNEY VIDEO WITH LILY, ROSS, AND VOLKIN !AFK #sponsored","Download AFK Journey: https://bit.ly/LudwigNewseason and use code: AFKJLUDWIG to get 300 diamonds + 50K Gold coins!

GET THE TRUFFLE.TV EXTENSION FOR EMOTES, CHANNEL POINTS, PREDICTIONS, AND MORE! ► https://truffle.vip/extension 

follow me on twitter ► https://www.twitter.com/ludwigahgren
follow me on tiktok ► https://www.tiktok.com/@ludwig
follow me on instagram ► https://www.instagram.com/ludwigahgren
join my subreddit ► https://old.reddit.com/r/LudwigAhgren/
join my discord ► https://discord"
These Companies Are Stealing Our Merch (So We Bought It),"These Stores stole our Merch Design... so we gave them money? 
🥒 GET THE JOE PIN : http://shirtz.cool/joepin
♿️ GET THE JOE SHIRT: https://shirtz.cool/products/joe-tee

🎬2 HOUR UNCUT VERSION ON PATREON: https://patreon.com/coldones 
_______________________________________________________________
SEND STUFF TO OUR PO BOX: ✉️📬
PO Box 5091
Glenferrie south
VIC 3122
Australia
_______________________________________________________________
SOCIAL MEDIA LINKS
Twitter - https://twitter.com/ColdOnes
Red"
Watch this superconductor hover around in mid-air!,"So today, instead of floating a magnet on top of a superconductor, I'm going to show what happens if I do it the other way around. For this one, I'm using a much bigger superconductor, and I'm again, cooling it with some liquid nitrogen. Now that it's super cold, I can drop it onto a little magnet track that I made. It actually stays on the track, and if I push it, it's able to move without falling off.

-------------------------------------------------------------------------------
Merch - http"
5 crazy new AWS services just launched,"AWS Re:Invent 2023 just wrapped up and Amazon released 5 new services that could change the world. Learn about Amazon One palm scanning, Trainium AI chips, Bedrock, and more. 

#tech #aws #thecodereport 

💬 Chat with Me on Discord

https://discord.gg/fireship

🔗 Resources

AWS Re:Invent Recap https://aws.amazon.com/blogs/aws/top-announcements-of-aws-reinvent-2023/
Generating AI influencers https://youtu.be/ky5ZB-mqZKM?si=--nhdpzGKnmknlx-
AWS for the Haters https://youtu.be/ZzI9JE0i6Lc?si=R-IdmPY"
Sommelier Tries 10 Bourbons From $20-$200 | World of Wine | Bon Appétit,"There are plenty of bourbons on the market at different price points with different attributes—but what are you really getting for your money? Sommelier André Hueston Mack returns to Bon Appétit to give his impressions on 10 bourbons, ranging in price from only $20 all the way up to $199 a bottle.

00:00 Intro
00:39 Jim Beam Kentucky Straight ($20)
03:11 Buffalo Trace White Dog ($16)
05:12 Evan Williams Bottled-In-Bond Kentucky Straight ($21)
06:49 Redemption High Rye Bourbon ($31)
08:32 "
"Did You Know, Lego, Duplo and Quatro Bricks Fit Together?!","You can buy my books here:
https://stevemould.com/books

You can support me on Patreon and get access to the exclusive Discord:
https://www.patreon.com/stevemould

just like these amazing people:

Glenn Watson
Peter Turner
Joël van der Loo
Matthew Cocke
Mark Brouwer
Deneb

Twitter: http://twitter.com/moulds
Instagram: https://www.instagram.com/stevemouldscience/
Facebook: https://www.facebook.com/stevemouldscience/
TikTok: https://www.tiktok.com/@stevemould
Buy nerdy maths things: http://mathsge"
Drunk Australians Attempt Graffiti (ft. Lushsux),"⏰ Buy the Limited Edition Shirt! 24 HOURS ONLY ⇨ http://shirtz.cool/drink
💰 Use code ""COLDONES"" for 10% Off anything ELSE from http://www.shirtz.cool
Follow Lush ⇨ http://instagram.com/lushsux

🅿️ Pledge to our patreon for extended videos and deleted footage : https://www.patreon.com/coldones

SEND STUFF TO OUR PO BOX AND IT MIGHT BE FEATURED IN A VID: ✉️📬
PO Box 5091
Glenferrie south
VIC 3122
Australia
_______________________________________________________________
SOCIAL MEDIA LINKS
Twitter⇨ h"
A New Low on YouTube (Feat. Meatcanyon),"Get Honey for FREE today ▸ http://joinhoney.com/codyko
Honey finds coupons with one click. Thanks to Honey for sponsoring!

Sub to Meatcanyon: https://www.youtube.com/c/PapaMeat

NEW MERCH: http://ko-official.com

podcast: https://www.youtube.com/tinymeatgang
2nd channel: https://www.youtube.com/channel/UCy06jHRS_82N2i5v1YL7glQ
new song: https://song.link/us/i/1533963500

instagram: http://instagram.com/codyko
twitter: http://twitter.com/codyko

business: mahzad.babayan@unitedtalent.com

edited "
"Trump's Worst Lawyer, Alina Habba, May Be Disbarred For This","If true, she's in huge trouble.  🎗 Get your $100 donation matched with Givewell (a LEGITIMATE charity)!  https://legaleagle.link/givewell ⚖️⚖️⚖️ Need a lawyer? Get a FREE CONSULTATION with my firm! https://legaleagle.link/eagleteam 

Welcome back to LegalEagle.  The most avian legal analysis on the internets. 
🚀 Watch my next video early & ad-free on Nebula! https://legaleagle.link/watchnebula
👔 Suits by Indochino! https://legaleagle.link/indochino

GOT A VIDEO IDEA? TELL ME!
▀▀▀▀▀▀▀▀▀▀▀▀▀▀▀▀▀▀▀"
Why Trump Is Guilty of 34 Felony Counts ft. Liz Dye,"But it's just a ""paper crime,"" right? 📰 Get 40% off of Ground News: https://legaleagle.link/groundnews ⚖️⚖️⚖️ Do you need a great lawyer?  I can help!  https://legaleagle.link/eagleteam 

Welcome back to LegalEagle.  The most avian legal analysis on the internets. 
🚀 Watch my next video early & ad-free on Nebula! https://legaleagle.link/watchnebula
👔 Suits by Indochino! https://legaleagle.link/indochino

GOT A VIDEO IDEA? TELL ME!
▀▀▀▀▀▀▀▀▀▀▀▀▀▀▀▀▀▀▀▀▀▀▀▀▀▀
Send me an email: devin@legaleagle.sho"
3 things i learned from 800 days of vlogging,music from - https://www.youtube.com/channel/UCs_H7Ry5XKs4wjYhYGI8rzw
How Much Sawdust Can You Put In A Rice Crispy?,"The answer will surprise you. ""I Can't Believe It's Not Rice Crispies!""
Thank you to Audible for sponsoring this video! Choose 1 audiobook and 2 Audible Originals absolutely free. Visit https://www.audible.com/william or text william to 500-500.
Featuring:
@iDubbbzTV 
@Allen Pan - Sufficiently Advanced 
@Simone Giertz 
@PeterSripol 
@illymation 

Consider supporting me on Patreon: https://www.patreon.com/williamosman
InstaHam: https://www.instagram.com/crabsandscience/
Twitter: https://twitter"
"Discovering Hungary, One Bite at a Time | MUNCHIES Guide to Budapest","You can taste the history of Hungary through their modern take on classic dishes, and there’s no better place to do so than its capital. In this MUNCHIES Guide to Budapest, host Jesse Burgess of TopJaw investigates the city’s recent cultural revolution. 

Jesse begins his journey at Rustico, a restaurant devoted to bringing traditional dishes from the Hungarian countryside to the city center sustainably. He then visits My Choccy to experience Hungarian dedication and experimentation in chocolate"
Pouring liquid oxygen onto steel wool,"Earlier today, I made some liquid oxygen, and I used to destroy a match, but I still had some of it left over, so I decided to use the rest of it to burn some steel wool. I thought a lot of the wool was going to disappear, but a lot of it didn't react. The reaction was also apparently hot enough to melt some of the iron.

WARNING: Liquid oxygen is extremely dangerous. It's an extremely strong oxidizer and can react explosively. 

------------------------------------------------------------------"
The Star Wars Sculptor Who Shaped Grogu!,"Adam visits the workshop of master sculptor Tony McVey, the concept artist behind characters like Star Wars' Salacious Crumb and who sculpted Grogu's concept maquette during the production of The Mandalorian. Tony gives Adam a tour of his shop, filled with both current projects and artifacts from his storied career working on some of our favorite films. 

Shot and edited by Josh Self
Music by Jinglepunks

Subscribe for more videos (and click the bell for notifications):  http://www.youtube.com/s"
Reacting,"#ad - Shop G FUEL’s Halloween BOGO: https://gfuel.ly/bogo-pewdiepie + 15-serving Mini Tubs: https://gfuel.ly/pewds-mini-tubs 

#ad - 🌏 Get exclusive NordVPN deal here ➵ https://NordVPN.com/pewdiepie It’s risk free with Nord’s 30 day money-back guarantee!✌

Toasty ken: https://www.youtube.com/channel/UCepq9z9ovYGxhNrvf6VMSjg

Shop my OFFICIAL merch collection: https://bit.ly/pdpstore

Official ƿ૯ωძɿ૯ƿɿ૯ TikTok: https://www.tiktok.com/@pewdiepie

∞ Official ƿ૯ωძɿ૯ƿɿ૯ Infinity Stream: https://www.t"
Making an Axe Leg Kicker,"#shorts 

Made a leg kicking axe thing. Yes i am still making long videos just giving shorts inbetween."
Why Adam Savage Is Embarrassed of His Musical Taste,"What movie has the most underrated soundtrack? Does Adam draw inspiration from music for his work? In this live stream excerpt Adam Savage answers these questions from @johnosbornmusic and @wimkoens5823, whom we thank for their support. What soundtrack do YOU love? Which musicians do YOU find inspirational?

(0:00:00) What movie has the most underrated banger of a soundtrack?  
(0:04:03) Do you draw inspiration from music for your work? 

Until the End of the World soundtrack: https://amzn.to/3J"
The Billionaire's Dream - Turning Mars Into Paradise,"Sources & further reading:
https://sites.google.com/view/sources-mars-terraforming

Mars is a disappointing hellhole lacking practically everything we need to stay alive. It looks like we’ll only ever have small crews spend a miserable time hidden underground. Except, we could terraform it into a green new world. But to solve the planet’s problems, we first need to make it worse and turn it into oceans of lava with gigantic lasers.

This video was animated with help from our friends at Thought C"
Can I get into Oxford University? || Oxford Interview,"If you feel I've earned it  you can support the channel here: https://www.patreon.com/mikeboyd
If you prefer, YouTube's ""Join"" feature, you can support here: https://www.youtube.com/channel/UCIRiWCPZoUyZDbydIqitHtQ/join
Want to give a one-off donation instead? https://www.buymeacoffee.com/mikeboyd
I am so grateful for any support you choose to give, financial or emotional! 🙏 Sign up for Morning Brew for free: https://bit.ly/mbmikeboyd

After JUST scoring 62% in the written entrance exam to study"
London to New York by Luxury Ship | Queen Mary 2,"Holiday season offer! Protect your online privacy with PIA VPN and get 82% OFF + 4 EXTRA months for free! Only using my link!
https://www.piavpn.com/Trektrendy

Join me today on the Queen Mary 2 luxury ocean liner, as we travel from London to New York across the Atlantic. We're retracing the historic route, many would have taken between Europe and the USA. I'll share with you exactly what it's like to live onboard this ship for the 7 day voyage, from my Princess Grill Suite, to the various resta"
How Artificial intelligence learns | Genetic Algorithm explained,"Evolution has crafted the most intelligent beings on earth. In this video I explain how computer scientists simulate evolution to train or evolve AI.

Become a patreon to support my future content as well as sneak peaks of whats to come.
https://www.patreon.com/CodeBullet

Check out my Discord server
https://discord.gg/UZDMYx5
live QnA at 8:30 - 9:00pm every Sunday AEST"
Twitch Chat wants to buy my milk,"I am not a grocery store

Streaming live on Twitch! https://www.twitch.tv/dougdoug
Youtube video: https://youtu.be/MRNXPCxtmdc
Full stream recording: 
Pt. 1 - https://www.youtube.com/watch?v=LCTc96mGsto
Pt. 2 - https://www.youtube.com/watch?v=sPjxHO5zAq8

Edited by Luka! https://youtube.com/@dougdougclips 
Mod is created by Waikuteru, found here! https://youtube.com/@waikuteru 

My 2nd Channel: http://bit.ly/dougdoug2
Twitter: https://twitter.com/DougDougFood

More DugDug:
Latest Uploads: https:"
Which trick was MESSIEST?? 🌪️🧽🪣,
10 Winter Car TIPS & TRICKS you NEED to Know,"If you live somewhere that gets snow, this video will teach you some helpful tips and tricks I have learned over the years to prepare your car for the snow! Learn how to remove ice from your windshield and how to remove snow from your car quickly without scratching the paint. I also show you how to prevent your door and lock from getting frozen shut and many more tips and tricks! I even show you how to use a car detailing spray to prevent the snow from sticking!

Windshield Snow/Ice Shield: http"
Tinder Nightmares 8,"Use code CODYKO10 for 10% off any SeatGeek order. 
https://seatgeek.onelink.me/RrnK/CODYKO10



merch: ko-official.com
podcast: https://www.youtube.com/tinymeatgang
2nd channel: https://www.youtube.com/channel/UCy06jHRS_82N2i5v1YL7glQ


instagram: http://instagram.com/codyko
twitter: http://twitter.com/codyko

business: mahzad.babayan@unitedtalent.com

edited by: https://www.youtube.com/goofyjuice"
Lachlan Explains in Fortnite Terms | Cold Ones,"The Talk Show Returns featuring Lachlan from Fortnite!
🌈 Get 10% OFF OUR DRIP with code ""COLDONES""  👉🏻 https://bit.ly/coolshirtzz
🥤 FOR 10% OFF YOUR GAMERSUPPS use code ""COLDONES"" 👉 https://bit.ly/coldonesGG
🅿️ Pledge to our patreon for extended videos: https://www.patreon.com/coldones

Lachlan: https://www.youtube.com/c/lachlan

SEND STUFF TO OUR PO BOX AND IT MIGHT BE FEATURED IN A VID: ✉️📬
PO Box 5091
Glenferrie south
VIC 3122
Australia
________________________________________________________"
I NEED 1 MORE SUB!,"I need 1 more subscriber, love all of you!"
"GTA 5 Speedrun, but everything's launched every 10 seconds","Can you beat the game if everything is violently flung around?

Streaming live on Twitch! https://www.twitch.tv/dougdoug
Full stream recording: https://www.youtube.com/watch?v=nWIhdz2_Qig

Edited by CyVoltage! https://www.youtube.com/c/CyVoltage

My 2nd Channel: http://bit.ly/dougdoug2
Twitter: https://twitter.com/DougDougFood

More DugDug:
Latest Uploads: https://www.youtube.com/watch?v=rp4cH7mb4X4&list=PLzTxt5iYdhziB3Zf03HR_aZWgJ49ffj-d&index=2
Explained with Food: https://www.youtube.com/play"
How Traditional Korean Tofu Gets Made,"Chef Steve Joo demonstrates how he makes traditional Korean tofu at his restaurant Joodooboo in Oakland, California.

Want Bon Appétit shirts, hats and more? https://shop.bonappetit.com/?utm_source=youtube&utm_brand=ba&utm_campaign=aud-dev&utm_medium=video&utm_content=merch-shop-promo

Still haven’t subscribed to Bon Appétit on YouTube? ►► http://bit.ly/1TLeyPn

Want more Bon Appétit in your life? Subscribe to the magazine! https://bit.ly/313UWRu

ABOUT BON APPÉTIT
Bon Appétit is a highly"
X-MAN TORNADO V2 M / 13x13 CUBE / GAN SMART TIMER + SKIN Unboxing | SpeedCubeShop.com,"Are unboxings usually this chaotic?

SpeedCubeShop ► https://speedcubeshop.com
Using the code ""JPERM"" supports my channel and also gives you a discount on your order.

Products ►
X-Man Tornado V2 M: https://speedcubeshop.com/products/x-man-tornado-v2-magnetic-3x3
GAN Smart Timer: https://speedcubeshop.com/products/gan-smart-timer-bluetooth
Timer Skins: https://speedcubeshop.com/search?type=product&q=timer+skin
MeiLong 13x13: https://speedcubeshop.com/products/mofang-jiaoshi-meilong-13x13

Beginn"
Does Earth’s Spin Change Airplane Speed?,
How to PROPERLY Install a Quick Release Steering Wheel (with Working Horn),"Learn how to change your steering wheel so you can remove your old steering wheel and replace it with a quick release steering wheel. In this video I show you how to remove the airbag and steering wheel and install a Momo steering hub, an NRG quick release hub and a racing steering wheel with push buttons for the horn and radio.

Thanks @ThatDudeinBlue  for sharing your dangerous steering wheel footage!

NEW ChrisFix swag: https://www.bunkerbranding.com/pages/chrisfix

Extendable Ratchet Set: ht"
The Best of RTGame 2023,"It has been a wild 2023. Thank you for the incredible support this year. I started this year thinking I might have to quit Youtube altogether - it has since been my favourite year of making content. Here is the Best of RTGame 2023, featuring over 750 hours of livestreams - thank you.

Watch all of my previous Best of RTGame videos: https://www.youtube.com/playlist?list=PLliBvQE3gg9cgyd1l11zvSQ5wsSEyFEPE

~This video was recorded live on my Twitch Channel: http://www.twitch.tv/rtgame
~Subscribe i"
pro geoguessr tournament but a wheel decides your fate,"wheel decides all. trying new formats! hope u like : )

edited by: rawcruz (linktr.ee/rawcruz)"
You’ll NEVER GUESS what mops are made of 😱,
How to Remove Spray Paint from a VANDALIZED Car,"Learn how to remove spray paint and overspray from your car's paint, plastic headlights, glass windows and windshield. If you get spray paint on your car, whether accidental overspray or because it was vandalized, this video will show you how to easily remove it using simple tools and products. I bought this vandalized car for a huge discount because it has spray paint all over the body, headlights, windshield, and windows so let me show you how to clean it off! And after this car is cleaned up,"
Robot Skeleton Replaces YouTube CEO,"Barnaby Dixon: https://www.youtube.com/user/barnabydixon
Tommy Callaway: https://www.youtube.com/tommycallaway
Louis Weisz: https://www.youtube.com/user/WeiszCracks

Support us on Patreon: https://www.patreon.com/williamosman
Website: http://www.williamosman.com/
InstaHam: https://www.instagram.com/crabsandscience/
Twitter: https://twitter.com/CrabsAndScience
Facebook: https://www.facebook.com/williamosmanscience/
CameraManJohn: http://www.johnwillner.com/"
frogs keep drowning themselves in my pool,"Twitter: https://twitter.com/ididathing1
Tiktok: https://www.tiktok.com/@ididathing
Instagram: https://www.instagram.com/ididathing_official
Discord: https://discord.gg/mppfmHW
Patreon: https://www.patreon.com/user?u=13180179"
INSIDE ANA The Room *New World's Best Business Class*,"Get 2 months free if you sign up to Readly, then thereafter it's only £7.99 a month. Sign up here: https://readly.me/trek_trendy , thanks to Readly for sponsoring this video. 

Today I'm flying from Tokyo's Haneda airport all the way over to Frankfurt, Germany onboard ANA's Boeing 777-300ER. This is quite a rare opportunity to try a product flown on just a handful of routes worldwide, made especially difficult by Japan’s boarder being closed for the last 18 months. 

As usual I’ll give you a ful"
I rode the world's fastest train.,"I thought maglev trains were a dead-end technology: but it looks like I was wrong. At JR Central's Yamanashi Maglev Test Track, I rode Japan's new maglev. ■ The maglev: https://scmaglev.jr-central-global.com/ ■ The exhibition centre: https://www.linear-museum.pref.yamanashi.jp/english/index.html

Local producer: Yasuharu Matsuno at Mind Architect
Camera and edit: Julian Domanski

(This video has an English dub and limited audio description available. These are experimental and use AI-generated v"
New York to Los Angeles by Amtrak Sleeper Train,"Get PayPal Honey for FREE today ▸ https://joinhoney.com/trektrendy
Honey finds coupons with one click. Thanks to Honey for sponsoring!

Today I’m taking this Amtrak sleeper train across the USA from New York to Los Angeles. The journey will take around 62 hours, passing through 12 states and 3,000 miles. I’m actually taking my Dad along with me today so let’s see how we get on in a roomette, and then for the longer stage of the journey the Amtrak Bedroom. I’ll show you what the dining options ar"
The Bodybuilder Who Drinks Chicken Smoothies,"Bodybuilder Rene Campbell eats the same high-calorie meal every three hours, seven days a week: a blended chicken shake. 🤢

This smoothie blends chicken, rice, cabbage and eggs for one ""delicious"" (?) protein-heavy shake.

Could you keep this drink down?

#bodybuilder #gymtok #girlwithmuscle #diet #gym #fitness 

Subscribe to MUNCHIES here: http://bit.ly/Subscribe-to-MUNCHIES

Follow MUNCHIES here:
TikTok: https://www.tiktok.com/@munchies
Facebook: http://facebook.com/munchies
Instagram: http://"
I BUILT the Worlds Biggest Gaming TV,"Thanks trainwell (formerly CoPilot Fitness) for sponsoring today’s video! Click my trainwell link https://go.trainwell.net/Linustechtips-cp and get 14 days FREE with your own expert personal trainer!

It's here—the biggest gaming display! It's not by Hisense, it's not Samsung's The Wall, and it utterly embarrasses my 115"" TCL TV. By area, this is bigger than most IMAX screens and WAY better to game on. It's a 2000"" inch tv!

Thanks Clark's AV! - check them out at https://clarksav.com/

Discuss o"
Ranking Every Frozen Trader Joe's Pasta | Ranked with Babish,"With the endless frozen options available at your local Trader Joe's, it's easy to get overwhelmed. That's why we're here to help determine: Which of these frozen pastas is the best?

Get the new Basics with Babish Cookbook on Amazon: https://www.amazon.com/Basics-Babish-Guide-Making-Mistakes/dp/198216753X

Babish Cookware on Amazon: http://bit.ly/babishstore

My playlist of preferred cooking tunes, Bangers with Babish!
https://spoti.fi/2TYXmiY

BCU TikTok: https://bit.ly/2PLtohe
Binging With Ba"
Card Counting Team’s Highest Risk Casino Hit!,"Grab that free guide: https://stevenbridges.ck.page/free-guide
Click my trainwell (formerly CoPilot) link https://go.trainwell.net/StevenBridges-cp to get 14 days FREE with your own personal trainer!

This is part one of my new series on our latest card counting trip as Team Strike. We started off by card counting in the Bahamas, in one of our most high risk trips to date. 

FREE: Why you probably shouldn't learn to count cards: https://stevenbridges.ck.page/free-guide
Learn to count: https://bl"
5 Days on Royal Scotsman First Class Train,"Skip the waitlist and invest in blue-chip art for the very first time by signing up for Masterworks: https://masterworks.art/trektrendy
Purchase shares in great masterpieces from artists like Pablo Picasso, Banksy, Andy Warhol, and more.
See important Masterworks disclosures: http://masterworks.io/cd

Today i'm taking one of the world’s most luxurious trains, the famous Royal Scotsman in First Class. Millie & I will spend five days onboard in a private ensuite bedroom, as we explore the beautifu"
10 Min MrBeast Burger Challenge DESTROYED!,"NEW MERCH Drop - http://www.mattstoniemerch.com

10 Minutes of as many MrBeast Beast Style Burgers as I can eat! Even MrBeast himself took a guess, and apparently left a secret message for me to uncover... by eating...

Enjoy!!

---Socials & Stuff----
FACEBOOK - https://www.facebook.com/mattmegatoadstonie
INSTAGRAM - https://www.instagram.com/matt_stonie
TWITCH - https://www.twitch.tv/mattstonie
TIKTOK - https://vm.tiktok.com/ZMRheEAwc/
TWITTER - https://www.twitter.com/mattstonie
WEBSITE - http"
Starts a fire even when wet 🔥,
World's Most Dangerous Trap!,"I can’t believe how crazy the last room is
Grab my FREE Jail Time Jimmy skin when you download Stumble Guys! Jump into the MrBeast event and play our new MrBeast’s Dangerous Traps level today! https://stumbleguys.onelink.me/Zh4x/MrBeastYT

Original music by: Laurentia Editha for Bleeding Fingers Music

Score producer: Russell Emanuel for Bleeding Fingers Music

Music Provided by https://www.extrememusic.com/

New Merch - https://mrbeast.store

Check out Viewstats! - https://www.viewstats.com/

S"
There’s a fast new code editor in town,"Take a first look at Zed - a fast new code editor written in Rust with AI built in. Learn the pros and cons of this promising new developer tool and compare Zed to VS Code. 

#programming #tech #thecodereport 

💬 Chat with Me on Discord

https://discord.gg/fireship

🔗 Resources

Zed Editor https://zed.dev/
Magic Code Coworker https://magic.dev/
AI coding assistants https://youtu.be/7h732qLxtAk


🔥 Get More Content - Upgrade to PRO

Upgrade at https://fireship.io/pro
Use code YT25 for 25% off PRO"
Can Twitch Chat beat the HARDEST CPU in Smash Bros? (ANIME STYLE),"Can Twitch Chat beat a Lvl 9 Kazuya?

Streaming live on Twitch! https://www.twitch.tv/dougdoug
Full stream recording: https://www.youtube.com/watch?v=L__xZM8QcLA 

My 2nd Channel: http://bit.ly/dougdoug2
Twitter: https://twitter.com/DougDougFood

Edited by Berry Bebop! https://www.youtube.com/c/berrybebop

More DugDug:
Latest Uploads: https://www.youtube.com/watch?v=rp4cH7mb4X4&list=PLzTxt5iYdhziB3Zf03HR_aZWgJ49ffj-d&index=2
Explained with Food: https://www.youtube.com/playlist?list=PLzTxt5iYdhz"
A.I. Learns to play Flappy Bird,"AI teaches itself to play flappy bird
huge thanks to Brilliant.org for sponsoring this video 
check them out: https://www.brilliant.org/codebullet

Twitter: https://twitter.com/code_bullet
Patreon: https://www.patreon.com/CodeBullet
Discord: https://discord.gg/UZDMYx5"
Hogwarts Playing Cards,"MY SHOP: https://www.1st.shop/
Available here: https://www.theory11.com/

***MY OTHER CHANNELS***
AREA52: @area52investigations
My Podcast: @bottomofthebarrel
Gaming Channel: @chrisramsaytv
My Twitch Channel: https://www.twitch.tv/chrisramsay52
____________________________________________________________
Thanks to Apurture for the lighting:
https://glnk.io/73j1x/chris-ramsayaputureaffiliate
____________________________________________________________
Cool Stuff Available here: https://bit.ly/3f8"
Why build a diving board twice the Olympic height?,"The Montreal Olympic Sports Centre has a 20m (65ft) diving board. That's twice the Olympic height. Why would anyone need that? ◾ The Centre: https://parcolympique.qc.ca/centresportif/en/ ◾ Thanks to @Lysanne_Richard 

Edited by Michelle Martin https://twitter.com/mrsmmartin

🟥 MORE FROM TOM: https://www.tomscott.com/
(you can find contact details and social links there too)

📰 WEEKLY NEWSLETTER with good stuff from the rest of the internet: https://www.tomscott.com/newsletter/
❓ LATERAL, free we"
Recreating Maangchi's Seafood Kimchi Fried Rice From Taste | Reverse Engineering | Bon Appétit,"We challenged Chris Morocco to recreate Maangchi's seafood kimchi fried rice in the Bon Appétit Test Kitchen. The catch? He’s doing it blindfolded with with only his other senses to guide him.

Want Bon Appétit shirts, hats and more? https://shop.bonappetit.com/?utm_source=youtube&utm_brand=ba&utm_campaign=aud-dev&utm_medium=video&utm_content=merch-shop-promo

Still haven’t subscribed to Bon Appétit on YouTube? ►► http://bit.ly/1TLeyPn

Want more Bon Appétit in your life? Subscribe to the ma"
CNC Router vs Aluminium,"My cat shirts https://www.catwarehouse.com/

Support us on Patreon: https://www.patreon.com/williamosman
Website: http://www.williamosman.com/
InstaHam: https://www.instagram.com/crabsandscience/
Twitter: https://twitter.com/CrabsAndScience
Facebook: https://www.facebook.com/williamosmanscience/
CameraManJohn: http://www.johnwillner.com/"
PRO GEOGUESSR TOURNAMENT (LIVE),"WEEKLY GEOGUESSR TOURNAMENT. THE BEST PLAYERS IN THE WORLD COME TOGETHER TO COMPETE IN A TEAM OF 5 TO SEE WHO WILL PREVAIL THE VICTOROUS.

PRIZE POOL DONO: https://streamelements.com/rainbolt/tip"
Falling ladders - why does this happen?,What happens when a chain ladder lands on a table? Great video and concept by Andy Ruina. Let me know if you want me to post a follow up explaining the answer.
Top 10 Facts - Sex,"Twitter: http://lemmi.no/twitter
Facebook: http://lemmi.no/facebook


[Music]
Topher Mohr and Alex Elena - Let's Do It

Link:
https://www.youtube.com/audiolibrary/music


[References & Further Reading]
https://docs.google.com/spreadsheets/d/1uUFmXkfYhKiq46Hol5o_YoWrrGn2WmoaZAMS8XugkX4/pub?gid=220255255


[Thumbnail]
http://lemmino.deviantart.com/art/Sex-541812887"
Reuniting With my Dad,"music from these talented artists;
https://www.youtube.com/isaintjames
https://soundcloud.com/prodbyponder
https://open.spotify.com/track/0KLy8FhoIWjPwfcjQSJSZ9"
When a 12 Year Old Plays BASS Better Than You,"Reacting to some of the BEST Bass battles. omg.
EPIC Merch: https://davie504merch.com/

Videos I reacted to:
on YouTube:
https://www.youtube.com/watch?v=woByxvFsVt4
https://www.youtube.com/shorts/sqWnQezbtVA
https://www.youtube.com/shorts/0roKN1O02NE
https://www.youtube.com/watch?v=YrCkVmcDCYk
https://www.youtube.com/watch?v=NPZmyCJ7XVA
https://www.youtube.com/watch?v=0il3NHp7CzA
https://www.youtube.com/watch?v=Pr9Zz3AENm8
https://www.youtube.com/shorts/HPvZBMRHZQo
https://www.youtube.com/shorts"
I put a ballista on my car,"Let’s Clash for Nature! Click the link to join my team and contribute to the environment by getting gold from multiplayer battles!  https://wehy.pe/y/1/Ididathing
#clashofclans #ad

Twitter: https://twitter.com/ididathing1
Tiktok: https://www.tiktok.com/@ididathing
Instagram: https://www.instagram.com/ididathing_official
Discord: https://discord.gg/mppfmHW
Patreon: https://www.patreon.com/user?u=13180179

My mate that helped with the build  @NoEngineerHere"
Wirtz pumps are really clever,"The first 100 people to use code SCIENCE at the link below will get 60% off of Incogni: https://incogni.com/science

This spiral pump uses air lock to push water to great hights.

Here's Johnathan Deane's paper on the subject: https://openresearch.surrey.ac.uk/esploro/outputs/journalArticle/A-hydrostatic-model-of-the-Wirtz/99515507702346

Here's my water solving mazes video: https://youtu.be/81ebWToAnvA

Additional filming by Geronimo James

You can buy my books here:
https://stevemould.com/book"
The Jar Jar storyline we all want #willneff #starwars #movies,"Follow me!
TWITCH → https://www.twitch.tv/willneff
TIKTOK → https://www.tiktok.com/@willyneff
TWITTER → https://twitter.com/TheWillNeff
INSTAGRAM → https://www.instagram.com/thewillneff/

Find my podcast here → @FearAndPodcast

Edited by:  https://twitter.com/jookien"
How I Wrote a Script that Cracks Code Automatically,"Reverse engineering is a great way to learn about how computers work. Whether its malware analysis or just solving some problems, reverse engineering is a fun way to enhance your knowledge of computers. In today's video, we reverse engineer a problem from crackmes.one and use an interesting technique.

🏫 COURSES 🏫 Learn to code in C at https://lowlevel.academy

🛒 GREAT BOOKS FOR THE LOWEST LEVEL🛒
Blue Fox: Arm Assembly Internals and Reverse Engineering: https://amzn.to/4394t87
Practical Reverse "
These Greedy Pythagorus Cups Are Fascinating!,"You can buy my books here:
https://stevemould.com/books

You can support me on Patreon and get access to the exclusive Discord:
https://www.patreon.com/stevemould

just like these amazing people:

Glenn Watson
Peter Turner
Joël van der Loo
Matthew Cocke
Mark Brouwer
Deneb

Twitter: http://twitter.com/moulds
Instagram: https://www.instagram.com/stevemouldscience/
Facebook: https://www.facebook.com/stevemouldscience/
TikTok: https://www.tiktok.com/@stevemould
Buy nerdy maths things: http://mathsge"
I Tipped A Pizza Delivery Driver A Car,
Beating 5 Scam Arcade Games with Science,"I built 5 robots to beat the 5 most popular arcade games.  If you want to unlock the magic of engineering in your life, go to http://Studio.com/Markrober (for teenagers and older) OR http://Crunchlabs.com/MarkRober (for teenagers and younger).

I started a company called CrunchLabs where we build a toy together and then I teach you all the juicy physics for how it works. So if you want to learn to think like an engineer and have really fun time doing it, check out the current promotion where you"
Break the Rubik's Cube WR... or Read Minds? | Q&A,"Apparently 600k subscribers comes with all sorts of superpowers.

My Main Cube ► JPerm RS3 M 2020: https://speedcubeshop.com/products/jperm-rs3-m-2020-3x3

SpeedCubeShop ► https://speedcubeshop.com
Using the code ""JPERM"" supports my channel and also gives you a discount on your order.

Beginner:
2x2 Tutorial ► https://youtu.be/GANnG5a19kg
3x3 Tutorial ► https://www.youtube.com/watch?v=7Ron6MN45LY
4x4 Tutorial ► https://www.youtube.com/watch?v=KWOZHbDdOeo
5x5 Tutorial ► https://www.youtube.com/wa"
What is a Breakpoint (ITS A TRAP?) #programming #lowcode #tech #codinglessons #security,"Live on Twitch: https://twitch.tv/lowlevellearning

Unlock the secrets of breakpoint handling in assembly language! Learn about int3, trap flags, and more #AssemblyLanguage #CodingTips #TechTutorials 🤯💻

🏫 COURSES 🏫 Check out my new courses at https://lowlevel.academy

🙌 SUPPORT THE CHANNEL 🙌 Become a Low Level Associate and support the channel at https://youtube.com/c/LowLevelLearning/join

Why Do Header Files Exist? https://youtu.be/tOQZlD-0Scc
How Does Return Work?  https://youtu.be/e46wHUjND"
Who watches GothamChess?,"➡️ Get My Chess Courses:  https://www.chessly.com/
➡️ Get my best-selling chess book: https://geni.us/gothamchess

➡️ My book in the UK and Europe: https://bit.ly/3qFqSf7
➡️ Mein Buch auf Deutsch: https://bit.ly/45fKt3R
➡️ Mi libro en Español: https://bit.ly/3Y5xaRx

➡️ Start Playing Chess FOR FREE: http://bit.ly/3Xa3EsB

➡️ Enjoy my videos? Donate Here : https://www.paypal.me/gothamchess

Email me your games: gothamletters@gmail.com
Sponsors, Business, Media: gotham@night.co - [DO NOT SEND GAME"
The Whisky Puzzle,The whisky puzzle. I don't even know what I did to complete it.
Nobody Can Figure This Out!,"MY SHOP: https://www.1st.shop/
Cool Stuff Available here: https://bit.ly/3f8RDm0
Gaming Channel: https://www.youtube.com/chrisramsaytv
My Twitch Channel: https://www.twitch.tv/chrisramsay52
My Lighting setup: https://glnk.io/73j1x/chris-ramsayaputureaffiliate
____________________________________________________________
1000's of PUZZLES Available here: http://www.puzzlemaster.ca/?a=681162
The Split Flap: https://www.instagram.com/oatfoundrybuilds/
________________________________________________"
How to Repair Rust on Your Car Without Welding (No Special Tools Needed),"Rust removal and repair. Repairing rust on your car is something that should be done quickly to prevent it from spreading. It can be easily done without welding, by using strong but inexpensive body filler. You can even paint the car yourself. Rust repair is common at the wheel wells and rocker panels of cars and in this video I show the proper and most thorough way to remove and repair rust.

Products:
Glass Filler: http://amzn.to/2zdSA6o
Gold Filler: http://amzn.to/2xtzWTx
Adhesive Remover: ht"
I modded Unethical Weapons into GTA 5,"Can you beat the Assassination mission with VERY hard mods?

Streaming live on Twitch! https://www.twitch.tv/dougdoug
Full stream recording: https://www.youtube.com/watch?v=b8xwIikXgrA

My 2nd Channel: http://bit.ly/dougdoug2
Twitter: https://twitter.com/DougDougFood

Edited by Berry Bebop! https://www.youtube.com/channel/UC7qD5Q5OmAFEo8mmjhac3GA

More DugDug:
Latest Uploads: https://www.youtube.com/watch?v=rp4cH7mb4X4&list=PLzTxt5iYdhziB3Zf03HR_aZWgJ49ffj-d&index=2
Explained with Food: https://"
This Keyboard Sounds Poppy?,#customkeyboard #mechanicalkeyboard #shorts
I Made My Giant Beyblade Way Too Powerful!,"🕹 Get a browser that’s literally better at everything: https://operagx.gg/Ididathing2  Sponsored by Opera GX!

Check out my mates channel @NoEngineerHere 

and thanks to hamilton for letting me us his land https://www.instagram.com/thepostcardsmusic/

Twitter: https://twitter.com/ididathing1
Tiktok: https://www.tiktok.com/@ididathing
Instagram: https://www.instagram.com/ididathing_official
Discord: https://discord.gg/mppfmHW
Patreon: https://www.patreon.com/user?u=13180179"
"$1 vs $500,000 Plane Ticket!","Check out ALL of MrBeast’s awesome jobs or discover a new opportunity at https://bit.ly/MrBeast_ZipRecruiter

New Merch - https://mrbeast.store

Check out Viewstats! - https://www.viewstats.com/

SUBSCRIBE OR I TAKE YOUR DOG
╔═╦╗╔╦╗╔═╦═╦╦╦╦╗╔═╗
║╚╣║║║╚╣╚╣╔╣╔╣║╚╣═╣ 
╠╗║╚╝║║╠╗║╚╣║║║║║═╣
╚═╩══╩═╩═╩═╩╝╚╩═╩═╝

For any questions or inquiries regarding this video please reach out to chucky@mrbeastbusiness.com

----------------------------------------------------------------
follow all of these or i wil"
When City Planning in Cities Skylines 2 is One Giant Grid,"Welcome to Grid City. In this city we use the worst means possible to design your home

Watch more Cities Skylines: https://www.youtube.com/watch?v=V37Au5H0kG0&list=PLliBvQE3gg9dNVEj6v6iXaTqqrZYwFc7e

~This video was recorded live on my Twitch Channel: http://www.twitch.tv/rtgame
~Subscribe if you'd like to see more! https://www.youtube.com/@RTGame?sub_confirmation=1
~Become a Youtube Member to support me: https://www.youtube.com/channel/UCRC6cNamj9tYAO6h_RXd5xA/join

~Follow me on Twitter: http"
Adam Savage's Favorite Novel-to-Movie Adaptation,"Which ""unfilmmable"" story would Adam Savage most like to see hit the screen? Which novel-to-movie adaptation is Adam's favorite? In this live stream excerpt, Adam answers questions from Tested members @Andrew Montgomery and @ianrigby7395, whom we thank for their support. Join this channel to support Tested and get access to perks, like asking Adam questions during live streams:
https://www.youtube.com/channel/UCiDJtJKMICpb9B1qf7qjEOA/join

Stories of Your Life by Ted Chiang: https://amzn.to/4aqG"
Should Airships Make A Comeback?,"Blimps and airships might be relics of the past, but could they help save the future? Head to https://www.odoo.com/r/veritasium to start building your own website for free.

If you’re looking for a molecular modeling kit, try Snatoms – a kit I invented where the atoms snap together magnetically – https://ve42.co/SnatomsV 

▀▀▀
Thank you to Eli Dourado for letting us explore the argument he describes in his article: https://ve42.co/Dourado 

A huge thank you to Dan Grossman and Nick Allman for th"
Procedural Landmass Generation (E19: refactoring 1/2),"In this episode we shift blocks of code around.

The full source code for this episode can be found here:
https://github.com/SebLague/Procedural-Landmass-Generation

If you'd like to support these videos, you can do so with a recurring pledge on Patreon, or a one-time donation through PayPal. https://www.patreon.com/SebastianLague
https://www.paypal.me/SebastianLague"
Top 10 Facts - Nintendo,"Twitter: http://lemmi.no/twitter
Facebook: http://lemmi.no/facebook


[Music]
RoccoW - Play Nicely

Creative Commons Attribution:
http://creativecommons.org/licenses/by-sa/4.0/

Link:
https://soundcloud.com/roccow/weeklybeats-2014-3-play-nicely


[References & Further Reading]
https://docs.google.com/spreadsheets/d/1uUFmXkfYhKiq46Hol5o_YoWrrGn2WmoaZAMS8XugkX4/pub?gid=279220461


[Thumbnail]
http://lemmino.deviantart.com/art/Nintendo-486522598"
Suicide Squad VLOG: The Editing Was Shockingly Awful,"For real, the editing was almost inexcusably bad. We're talking approaching 'The Last Airbender' bad."
Hi I'm Mary Mary: Explained,"HiImMaryMary is a very obscure webseries that's been ongoing for over a year now. Tonight, we're going to explore the major themes surrounding each upload.

🎡Visit Liminal Land: https://www.liminalland.net
📧Submit a mystery: NightmareExpo@gmail.com
📲Follow me: https://www.twitter.com/NexpoYT
🖤Support the channel: https://www.patreon.com/Nexpo

-----------------------------------------------------------------------------------------------
hiimmarymary: https://www.youtube.com/channel/UC_b4VvmzIVw"
"Primitive Technology: Grass thatch, Mud hut","Primitive Technology: Grass thatch, Mud hut - Creating a grass thatch, mud hut from scratch.
Subscribe: http://bit.ly/subPT | Never miss a video! Enable ‘ALL’ Notifications!
More videos, watch me make stone yam planters: https://youtube.com/watch?v=1Ph_ORewpE0&list=PLGnWLXjIDnpBR4xqf3FO-xFFwE-ucq4Fj

Follow Primitive Technology:
Wordpress: https://primitivetechnology.wordpress.com/
Patreon: https://patreon.com/user?u=2945881

Watch More Primitive Technology:
Latest Uploads: https://youtube.com/p"
Cooking a Gourmet Feast out of my Car! (Wagyu A5 Experience + Car Camping in the Forest),"This has been a DREAM of mine for years! Finally I cooked up a Wagyu A5 steak and it blew my MIND! 
Check out my Instagram - https://www.instagram.com/alex_smith1809/
Support the Just Alex Channel on Patreon - https://www.patreon.com/justalexsmith
Business enquiries - alexfordhamsmith@gmail.com"
a fan told me i couldn’t find his flight,"easy

edited by: vidmok"
This rock is from outer space (pallasite),"It might look just like a generic rock, but this rock is special because it doesn't even come from this planet. It's a chunk of a meteorite that came from space and it's magnetic because it's mostly made of iron and nickel.

-------------------------------------------------------------------------------
Merch - https://nilered.tv/store
-------------------------------------------------------------------------------

■ NileRed is now available on Nebula!  https://go.nebula.tv/nilered
(when signing"
100 Layer Lasagna | Anything With Alvin,"This episode is sponsored by Squarespace. Head to http://bit.ly/squarespacebabish to save 10% off your first purchase of a website or domain using code BABISH.

This week on Anything with Alvin: 100 whole layers of cheesy, delicious lasagna.

Follow Alvin Zhou on Instagram:  instagram.com/alvin.zhou  

Order the new Basics with Babish Cookbook: https://www.bingingwithbabish.com/coo...

Babish Cookware on Amazon: http://bit.ly/babishstore

My playlist of preferred cooking tunes, Bangers with Babi"
I Forced My Friends to 𝓚𝓲𝓵𝓵 Each Other,"Check out the trailer for Assassin's Creed Shadows https://gsght.com/c/y929ne and pre-order your copy now https://gsght.com/c/6n6ix7 Also, be sure to check out the Ubisoft store for deals on any legacy Assassin's Creed titles! #sponsored

follow me on twitter ► https://www.twitter.com/ludwigahgren
follow me on tiktok ► https://www.tiktok.com/@ludwig
follow me on instagram ► https://www.instagram.com/ludwigahgren
join my subreddit ► https://old.reddit.com/r/LudwigAhgren/
join my discord ► https:/"
Can A Rocket Scientist Beat me in a Puzzle Race?!,"Today I'm testing out whether a rocket scientist can solve a series of puzzles faster than I can. For every puzzle he solves within the time limit, he will be given $100! Leave a comment and let us know which profession you would like to see tackle some of my puzzles!

Oronos: https://oronospolytechnique.com/
Get My Puzzle Here: https://www.1st.shop/


***MY OTHER CHANNELS***
AREA52: @area52investigations
My Podcast: @bottomofthebarrel
Gaming Channel: @chrisramsaytv
My Twitch Channel: https://ww"
"We Put ""As Seen On TV"" Cleaning Products TO THE TEST","⚠️ 3 DAYS ONLY TO GET OUR NEW  TEE 👉 http://shirtz.cool/problem
🌈 GET ANYTHING ELSE FROM SHIRTZ.COOL WITH CODE ""COLDONES"" FOR 10% OFF 
🥤 FOR 10% OFF YOUR GAMERSUPPS use code ""COLDONES"" 👉 https://bit.ly/coldonesGG

🅿️ Pledge to our patreon for extended videos: https://www.patreon.com/coldones

SEND STUFF TO OUR PO BOX AND IT MIGHT BE FEATURED IN A VID: ✉️📬
PO Box 5091
Glenferrie south
VIC 3122
Australia
_______________________________________________________
SOCIAL MEDIA LINKS
Twitter⇨ https://tw"
Max Park's 4.86 Rubik's Cube World Record should not be real.,"Max Park TIES the 3x3 Rubik's Cube World Record Average with Tymon Kolasinski. Max is too kind!

Solve reconstructions are in part thanks to Stewy and speedcubedb.com

My Main Cube ► JPerm WR M MagLev: https://speedcubeshop.com/products/jperm-weilong-wr-m-2021-3x3-maglev

SpeedCubeShop ► https://speedcubeshop.com
Using the code ""JPERM"" supports my channel and also gives you a discount on your order.

Buying anything here helps to support my channel! ► https://speedcubeshop.com/collections/jperm-"
SHAQ's Restaurant FULL MENU Challenge!,"Download the Fetch app now → https://fetch.thld.co/stonie_0123 and use the code STONIE to get 5000 points on your first receipt! 
#ad #sponsored 

Shaq just opened a brand new Big Chicken restaurant and we ordered EVERY FOOD ITEM on the Menu!!
The Shaq Attack, Uncle Jerome, Big Aristotle, The Big & Sloppy, The M.D.E., Crispy Chicken Grilled Cheese, The Chicago, Popcorn Chicken, & Chicken Tenders.
Sides were Sweet Potato Waffle Fries, B.C.'s Fries, Jalapeno Slaw, & Cheeze-it Mac & Cheese, & a GIA"
I Turned MrBeast Into A Car,"Go to https://expressvpn.com/willosman, to take back your Internet privacy TODAY and find out how you can get 3 months free.

Building the car: https://youtu.be/1IK7DQ-XyqU

Support us on Patreon: https://www.patreon.com/williamosman
Website: http://www.williamosman.com/
InstaHam: https://www.instagram.com/crabsandscience/
Twitter: https://twitter.com/CrabsAndScience
Facebook: https://www.facebook.com/williamosmanscience/
CameraManJohn: http://www.johnwillner.com/"
We Tried the WEIRDEST Alcohols in the World,"We Found Strange Bottles of Liquid, then drank them!
🌈 Get 10% OFF OUR CLOTHES with code ""COLDONES""  👉🏻 https://bit.ly/coolshirtzz
🥤 FOR 10% OFF YOUR GAMERSUPPS use code ""COLDONES"" 👉 https://bit.ly/coldonesGG
🅿️ Pledge to our patreon for extended videos: https://www.patreon.com/coldones

SEND STUFF TO OUR PO BOX AND IT MIGHT BE FEATURED IN A VID: ✉️📬
PO Box 5091
Glenferrie south
VIC 3122
Australia
_____________________________________________________________
SOCIAL MEDIA LINKS
Twitter⇨ https://t"
Tymon's 5.09 Rubik's Cube World Record Blows My Mind,"Tymon Kolasiński breaks the 3x3 Rubik's Cube WR average, with a 5.09 second (nearly sub-5) average. The pseudo slotting god is now the fastest 3x3 solver in the world!

World Record ► https://www.youtube.com/watch?v=BxWbYB4kI8M

Cube ► GAN 11 12 M Pro MagLev: https://www.youtube.com/watch?v=I3091K49RXc

SpeedCubeShop ► https://speedcubeshop.com
Using the code ""JPERM"" supports my channel and also gives you a discount on your order.

Beginner:
2x2 Tutorial ► https://youtu.be/GANnG5a19kg
3x3 Tutori"
35hrs on Amtrak Pacific Sleeper Train from LA to Seattle *The Coast Starlight*,"Head to https://squarespace.com/trektrendy to save 10% off your first purchase of a website or domain using code TREKTRENDY

Join me today on the Amtrak Coast Starlight up America. We’ll go from Los Angeles Union station all the way up to Seattle. Enjoy stunning ocean views out over the pacific coastline to lush forests and the mountains of Oregon. Encompassing three states and nearly 2,000 miles, this is one epic sleeper train trip. 

I’ll be showing you exactly what it’s like with a tour of my"
How a Japanese Chef Turns a Whole Fish Into 6 Dishes | Handcrafted | Bon Appétit,"Japanese chef Yuji Haraguchi, owner of OKONOMI // YUJI Ramen in New York, demonstrates how he butchers an entire kampachi and transforms it into six varied dishes.

Director of Content: Ali Inglese
Director of Culinary Production: Kelly Janke
Director: Chris Principe
Producer: Isabel Alcantara
Associate Producer: Amanda Broll
Director of Photography: Brandon Yoon
Camera Op: Jake Robbins
Audio: Lily Van Leeuwen
Production Assistant: Samantha Cadi
Editor: Kris Knight
Post Production Su"
Primitive Technology: Wood Ash Cement,"Primitive Technology: Wood Ash Cement - Creating wood ash cement from scratch
Subscribe: http://bit.ly/subPT | Never miss a video! Enable ‘ALL’ Notifications!
More videos, watch me cultivate and cook yams from scratch: http://bit.ly/2L5HmqY

Follow Primitive Technology:
Wordpress: https://primitivetechnology.wordpress.com/
Patreon: https://patreon.com/user?u=2945881

Watch More Primitive Technology:
Latest Uploads: https://youtube.com/playlist?list=PLGnWLXjIDnpBR4xqf3FO-xFFwE-ucq4Fj
Pyrotechnolo"
"Super Mario RPG: A Final Fantasy Mario Game, Remade","Super Mario RPG originally released in 1996, made by Square Enix of Final Fantasy fame. This is a Final Fantasy game starring Mario, now remastered for Switch.

Watch more of my Mario game playthroughs: https://www.youtube.com/watch?v=zPv5fnDQUro

~This video was recorded live on my Twitch Channel: http://www.twitch.tv/rtgame
~Subscribe if you'd like to see more! https://www.youtube.com/@RTGame?sub_confirmation=1
~Become a Youtube Member to support me: https://www.youtube.com/channel/UCRC6cNamj9"
"The First ""Just Chatting"" Streamer?","Tiffy from Raw Time was a real one but things haven't changed in 25 years...

Find me on:
Twitch | https://www.twitch.tv/willneff
Twitter | https://twitter.com/TheWillNeff
Discord | https://discord.gg/neff
Instagram | https://www.instagram.com/thewillneff

Channel edited and managed by https://twitter.com/NeauxArt
#willneff #stream  #twitch"
Contact Your Representatives,"Contact your representatives!

US: http://www.house.gov/representatives/find/
Canada: http://www.lop.parl.gc.ca/ParlInfo/compilations/houseofcommons/memberbypostalcode.aspx?Menu=HOC
Australia: http://www.aph.gov.au/Senators_and_Members/Members
UK: http://www.parliament.uk/mps-lords-and-offices/mps/

Written and performed by Dan Olson

Thanks to Emily Ellsworth"
Making hydrogen bubbles,"A while ago I made some bubbles filled with propane, and they were  pretty fun to light on fire. What I've really been wanting to try though, is light it on fire.

WARNING: Hydrogen gas is flammable and extremely dangerous. This experiment was performed in a controlled environment. Please don't recreate what I do!

-------------------------------------------------------------------------------
Merch - https://nilered.tv/store
----------------------------------------------------------------------"
Linus Reads Really Mean Comments,"Get your Laifen Wave electric toothbrush below and save 10%!
Laifen Website: https://bit.ly/48GQxUC
Amazon ABS $69.99: https://amzn.to/3wKq4bl
Amazon Aluminum Alloy $79.99: https://amzn.to/3Ihpogn
Amazon Stainless Steel $99.99: https://amzn.to/3TffVfE

Back at it with the mean comments eh? Perfect! We sat down several members of our staff to read and react to some of your YouTube comments. Some are nice, some are mean…. So join us for the ride! Be sure to leave more down below in case we ever wa"
I opened a restaurant and Twitch Chat are my customers,"This will be the greatest restaurant ever opened.

Streaming live on Twitch! https://www.twitch.tv/dougdoug
Full stream recording: https://www.youtube.com/watch?v=hMOUmOqx0jw

Edited by Keke! https://twitter.com/CozyKeke
Assistant Edited by Tolekk! https://twitter.com/_tolekk

My 2nd Channel: http://bit.ly/dougdoug2
Twitter: https://twitter.com/DougDougFood

More DugDug:
Latest Uploads: https://www.youtube.com/watch?v=rp4cH7mb4X4&list=PLzTxt5iYdhziB3Zf03HR_aZWgJ49ffj-d&index=2
DougDoug Challenge"
How to Remove Locking Lug-Bolts without the Key,"Tool to remove locking lug nuts: https://ctatools.com/products/1775

Learn how to remove locking lug studs so you can remove your wheels."
Pokemon vs Palworld,"Some people love it and some are really angry on Twitter.

Find me on:
Twitch | https://www.twitch.tv/willneff
Twitter | https://twitter.com/TheWillNeff
Discord | https://discord.gg/neff
Instagram | https://www.instagram.com/thewillneff

Channel edited and managed by https://twitter.com/NeauxArt
#willneff #palworld #pokemon"
A.I. Learns to FLY,"Video Sponsored by Ridge Wallet: https://www.ridge.com/CODEBULLET10
Use Code “CODEBULLET10 ” for 10% off your order

Check out my merch: https://www.codebulletshop.com

Twitch: https://www.twitch.tv/codebullet
Twitter: https://twitter.com/code_bullet
Patreon: https://www.patreon.com/CodeBullet
Discord: https://discord.gg/UZDMYx5

Art created by @Dachi.art https://www.instagram.com/dachi.art"
Saddle shaped mirrors are really weird to look in,"Get an exclusive Surfshark deal: enter promo code STEVEMOULD for an extra 3 months free at https://surfshark.deals/stevemould

A saddle point is a point that is concave and convex at the same time, so what's it like to look into a mirror like that?

A huge thank you to Brian at AlphaPhoenix for the first mirror. Check out his brilliant video showing how it was made: https://youtu.be/fyD1yv-6sTc and be sure to subscribe!

And a huge thank you to Andrew Draminski and Michael Barson for the second "
The Different Levels Of Anejo Tequila,"Anejo is not just a number when it comes to good tequila! 

Want Bon Appétit shirts, hats and more? https://shop.bonappetit.com/?utm_source=youtube&utm_brand=ba&utm_campaign=aud-dev&utm_medium=video&utm_content=merch-shop-promo

Still haven’t subscribed to Bon Appétit on YouTube? ►► http://bit.ly/1TLeyPn

Want more Bon Appétit in your life? Subscribe to the magazine! https://bit.ly/313UWRu

ABOUT BON APPÉTIT
Bon Appétit is a highly opinionated food brand that wants everyone to love cookin"
when your serverless computing bill goes parabolic...,"Recently, a Vercel customer was surprised to get a $96K serverless bill after their app went viral.  Learn how cloud pricing works and explore strategies for self-hosting on your own Linux server. 

#tech #programming #thecodereport 

💬 Chat with Me on Discord

https://discord.gg/fireship

🔗 Resources

Original Tweet https://x.com/zemotion/status/1798558292681343039
Coolify on GitHub https://github.com/coollabsio/coolify
AWS says serverless was a mistake https://youtu.be/qQk94CjRvIs?si=r8N3DfC0x"
The Serial Killer Iceberg Explained,"Try Dashlane for free on your first device head to https://www.dashlane.com/wendigoon and if you decide to upgrade to premium use my code Wendigoon for 50% off

Wendigoon Plush: https://makeship.com/collections/featured/products/wendigoon-plush

Thank you all so much for watching and please let me know what you think! Also thank you all so much for 300k!!!


Links

Patreon: https://www.patreon.com/wendigoon

Twitter: https://mobile.twitter.com/wendigoon8

Subreddit: https://www.reddit.com/r/wend"
Kids are very dumb.,"Shop G FUEL’s Flavor Buddiez!! https://gfuel.ly/pewds-flavor-buddiez-box

Stock Up On ➡️🥤Gfuel (affiliate): https://gfuel.ly/pewdiepie-collection
#Code #Pewdiepie

👘 New Pre-Order for Tsuki: https://bit.ly/3xrWsgY

📱Customized Devices: https://rhinoshield.io/pewdiepie

⛰️NordVPN DOWNLOAD (affiliate link)⛰️
Go to https://NordVPN.com/pewdiepie and use code PEWDIEPIE to get a 2-year plan plus 1 additional month with a huge discount. It’s risk free with Nord’s 30 day money-back guarantee!

⚙️My Setu"
Celebrity Lookalikes on CAMEO will say ANYTHING!,"🍑 DRINK GROG SOON 👉 http://grog.shop
🌈BUY THE SHIRTS WE'RE WEARING with code ""COLDONES""  👉🏻 https://bit.ly/coolshirtzz
🥤 FOR 10% OFF YOUR GAMERSUPPS use code ""COLDONES"" 👉 https://bit.ly/coldonesGG

Zoidberg Animation by @RobYulfo 

Donate to Crohn's 👉 https://c-c-cure.org/



🅿️ Pledge to our patreon for extended videos: https://www.patreon.com/coldones

SEND STUFF TO OUR PO BOX AND IT MIGHT BE FEATURED IN A VID: ✉️📬
PO Box 5091
Glenferrie south
VIC 3122
Australia
_______________________________"
Does 14th Amendment Bar Trump From the Presidency?,"Republicans hate this one weird trick ✍️ Supercharge your writing with Grammarly's AI technology! It's FREE to use and get 20% off Grammarly Premium: https://legaleagle.link/grammarly ⚖️⚖️⚖️ Get a great lawyer with EagleTeam!  https://legaleagle.link/eagleteam 

⚖️⚖️⚖️ Do you need a great lawyer?  I can help!  https://legaleagle.link/eagleteam 

Welcome back to LegalEagle.  The most avian legal analysis on the internets. 
🚀 Watch my next video early & ad-free on Nebula! https://legaleagle.link/w"
The ONLY First Class In The USA | American Airlines Flagship,"Head to https://squarespace.com/trektrendy to save 10% off your first purchase of a website or domain using code TREKTRENDY

Today I’m flying on the only First Class within the United States of America. American Airlines Flagship First. Yes there are plenty of flights named “first class” yet there is really only one true first class product stateside. 

With pricing in excess of $2500 each way, it’s an expensive affair but appears to offer what you’d expect internationally when flying First. Kru"
Annihilation and Decoding Metaphor,"Clickbait Title: The Ending of Annihilation Actually Explained For Real

There was a lot of anxiety in the final stretch of this one, I got really worried that the front half was too mean. I wondered what Mikey would think of me. I always admire his commitment to optimism, but I also envy it, because I am an envious person. So you'll have to forgive me for my weakness.

Written and performed by Dan Olson

Twitter: https://twitter.com/FoldableHuman"
Audio deepfakes are scary good,"If you feel I've earned it  you can support the channel here: https://www.patreon.com/mikeboyd
If you prefer, YouTube's ""Join"" feature, you can support here: https://www.youtube.com/channel/UCIRiWCPZoUyZDbydIqitHtQ/join
Want to give a one-off donation instead? https://www.buymeacoffee.com/mikeboyd
I am so grateful for any support you choose to give, financial or emotional! 🙏 Voice changing, or voice deepfaking is getting very good. 
Here's what I used (not sponsored): https://voice.ai/"
How to Make Popplers from Futurama | Binging with Babish,"Can I make something as addictive as the popplers from Futurama? Can I make them look the part? Can I make them come alive after a period of gestation? Stay tuned to find out!

Music: ""Juparo"" by Broke for Free
https://soundcloud.com/broke-for-free

Get the new Basics with Babish Cookbook on Amazon: https://www.amazon.com/Basics-Babish-Guide-Making-Mistakes/dp/198216753X

Babish Cookware on Amazon: http://bit.ly/babishstore

Recipe coming soon!

My playlist of preferred cooking tunes, Bangers wi"
Showing my girlfriend magic! | Steven Bridges,"Use my link to get two months skillshare premium free! https://skl.sh/stevenbridges2
FREE Magician Advice Videos - https://magicmastery.cc/free

Video on Jas' channel: https://youtu.be/7___-WAVpDw
Showing my girlfriend magic ep 1: https://www.youtube.com/watch?v=ZdquaxYpj9E
Showing my girlfriend magic ep 2: https://www.youtube.com/watch?v=ChhfYNxNcPk

PATREON: http://patreon.com/StevenBridges

SOCIALS: 
Insta/Twitter @StevenBridges

Thanks to magicians Tom Elderfield, Ben Williams, Gregory Wilso"
How To Setup & Customize a Rubik's Cube,"A full guide to achieving the feel you want in your speedcube using the screws, spring tension, magnets, and lube!

My Main Cube ► JPerm RS3 M 2020: https://speedcubeshop.com/products/jperm-rs3-m-2020-3x3

SpeedCubeShop ► https://speedcubeshop.com
Using the code ""JPERM"" supports my channel and also gives you a discount on your order.

Beginner:
2x2 Tutorial ► https://youtu.be/GANnG5a19kg
3x3 Tutorial ► https://www.youtube.com/watch?v=7Ron6MN45LY
4x4 Tutorial ► https://www.youtube.com/watch?v=KWO"
Making a Man Catcher Spear,
Stacking dice is easy #shorts,"If you feel I've earned it  you can support the channel here: https://www.patreon.com/mikeboyd
If you prefer, YouTube's ""Join"" feature, you can support here: https://www.youtube.com/channel/UCIRiWCPZoUyZDbydIqitHtQ/join
Want to give a one-off donation instead? https://www.buymeacoffee.com/mikeboyd
I am so grateful for any support you choose to give, financial or emotional! 🙏"
"$100,000,000 Bathroom",
Ride Along in my Drift Car (Virtual Reality),"Come for a ride the ChrisFix DriftStang, a Mustang project car that was won for $1000 at a charity auction and turned into a drift car. I will take you out on the race track as you sit in the passenger seat! This was filmed with a Virtual Reality 180° so you can look at me clutch kicking and pulling the ebrake or you can look out the passenger side window to see us getting really close to the edge of the track!

Cardboard VR Googles: https://amzn.to/2zL4ymh
Inexpensive VR Googles: https://amzn.t"
ROAD TO GM: EPISODE 1!,"➡️ JOIN ROAD TO GM: https://www.patreon.com/gothamchess

➡️ Get My Chess Courses:  https://www.chessly.com/
➡️ Get my best-selling chess book: https://geni.us/gothamchess

➡️ My book in the UK and Europe: https://bit.ly/3qFqSf7
➡️ Mein Buch auf Deutsch: https://bit.ly/45fKt3R
➡️ Mi libro en Español: https://bit.ly/3Y5xaRx

➡️ Start Playing Chess FOR FREE: http://bit.ly/3Xa3EsB

➡️ Enjoy my videos? Donate Here : https://www.paypal.me/gothamchess

Email me your games: gothamletters@gmail.com
Spons"
50 Egg scramble,"Breakfast is the most important meal of the day.


ENJOY!!!

---Socials & Stuff----
FACEBOOK - https://www.facebook.com/mattmegatoadstonie
INSTAGRAM - https://www.instagram.com/matt_stonie
TWITCH - https://www.twitch.tv/mattstonie
TIKTOK - https://vm.tiktok.com/ZMRheEAwc/
TWITTER - https://www.twitter.com/mattstonie
WEBSITE - http://www.mattstonie.com
STONIE BOWLS - https://stoniebowls.com/

Mailing Address:
P.O. Box 28519
Las Vegas, NV 89102

Credits:
Royalty Free Music by http://audiomicro.com"
The Clam That Looks Like a 🍆,"Geoduck is a giant clam known for its...er...interesting appearance. But what does it taste like?

(Bonus point for pronouncing Geoduck correctly.)

#seafood #foodtok #seattle #clam #wtf #weird

Subscribe to MUNCHIES here: http://bit.ly/Subscribe-to-MUNCHIES

Follow MUNCHIES here:
TikTok: https://www.tiktok.com/@munchies
Facebook: http://facebook.com/munchies
Instagram: http://instagram.com/munchies
Twitter: http://twitter.com/munchies
Threads: https://www.threads.net/@munchies

More videos from"
Top 10 Facts - Illuminati,"Twitter: http://lemmi.no/twitter
Facebook: http://lemmi.no/facebook


[Collaborator]
Alltime Conspiracies:
https://www.youtube.com/user/AlltimeConspiracies

Does The Illuminati Control The Music Industry?:
https://www.youtube.com/watch?v=ANlPZO12nQw


[Music]
Jingle Punks - Voyeur

Link:
https://www.youtube.com/audiolibrary/music


[References & Further Reading]
https://docs.google.com/spreadsheets/d/1uUFmXkfYhKiq46Hol5o_YoWrrGn2WmoaZAMS8XugkX4/pub?gid=1356527277


[Thumbnail]
http://lemmino.dev"
How to Fix a FREE CAR that Cranks but Won't Start,"Car wont start but cranks? Learn how to fix a car that turns over but wont start. I also show how to fix a car that has been sitting for a long time! I go though 5 quick steps on how to find the reason your car doesn't start! 
Every engine needs Fuel, Air, Spark, Compression and Timing.

Tools and Products I used:
Battery Charger: https://amzn.to/2pEs8ft
Spray Fogging Oil: https://amzn.to/2pGSkpL
Mechanic's Stethoscope: https://amzn.to/2C0ugW4
Spark Tester: https://amzn.to/2y4k0t8
Good Compressi"
How to Find Pieces WITHOUT Looking At Them | Rubik's Cube F2L Look Ahead,"Ever wonder why pro speedcubers seem to know where every piece is, without even looking or rotating? This is how.

In this video I talk about back slot deduction for corners and edges, which helps to reduce cube rotations and pauses in your F2L.

Cube ► JPerm RS3 M 2020: https://speedcubeshop.com/products/jperm-rs3-m-2020-3x3

SpeedCubeShop ► https://speedcubeshop.com
Using the code ""JPERM"" supports my channel and also gives you a discount on your order.

Beginner:
2x2 Tutorial ► https://youtu.b"
MrBeast Pranked By Mark Rober At CrunchLabs,Big thanks to ​⁠@MrBeast for visiting CrunchLabs and stealing my boxes!
9 to 5 Girl Is Way Too Hated,"bro everyone wants to walk to work

WATCH LIVE ► https://www.twitch.tv/atrioc
TWITTER ►https://www.twitter.com/atrioc
DISCORD ►  https://discord.com/invite/Dar3UDx
REDDIT ► https://reddit.com/r/Atrioc/

Edited by eriksenchee | https://twitter.com/eriksenchee

FULL VOD: https://www.twitch.tv/videos/1961308927
#atrioc #stream #gaming"
The Golf Ball Paradox,"The first 100 people to use code SCIENCE at the link below will get 60% off of Incogni: https://incogni.com/science

Sometimes a golf ball with pop back out of the hole. The physics behind it is quite surprising. Watch it happening in slow motion.

Here's a great analysis from Daniel Walsh: https://youtu.be/4er2buINHF0?si=TpIe4k8GfKlWoERj

Check out the Turntable Paradox video here: https://youtu.be/3oM7hX3UUEU
Check out the Motion Amplification video here: https://youtu.be/rEoc0YoALt0
Check out"
7 Days Stranded At Sea,"🚀 Launch a store on Shopify right now 👉 https://shopify.com/mrbeast

Go get your free box of Feastables while supplies lasts https://go.shop.app/feastables

New Merch - https://mrbeast.store

Check out Viewstats! - https://www.viewstats.com/

SUBSCRIBE OR I TAKE YOUR DOG
╔═╦╗╔╦╗╔═╦═╦╦╦╦╗╔═╗
║╚╣║║║╚╣╚╣╔╣╔╣║╚╣═╣ 
╠╗║╚╝║║╠╗║╚╣║║║║║═╣
╚═╩══╩═╩═╩═╩╝╚╩═╩═╝

For any questions or inquiries regarding this video please reach out to chucky@mrbeastbusiness.com

Music Provided by https://www.extrememusic.com"
Cooking a Chicken in a Particle Accelerator #kurzgesagt #shorts,"Who needs an oven when you can just use a particle accelerator?

#kurzgesagt #kurzgesagt_inanutshell #kurzgesagt_discover #inanutshell #cookingwithshorts #learnwithshorts #particleaccelerator #largehadroncollider #physicsshort #particlephysics #science

Sources & further reading: 
https://sites.google.com/view/kgs-tiktok-sources

Follow us for more sciencey content! 🦆

OUR CHANNELS
▀▀▀▀▀▀▀▀▀▀▀▀▀▀▀▀▀▀▀▀▀▀▀▀▀▀
German:        https://kgs.link/youtubeDE
Spanish:        https://kgs.link/youtubeES
Fre"
HE BEAT HIM!!! HE BEAT HIM!!!!!!!!!!!!!,"➡️ BONUS CONTENT HERE: https://www.patreon.com/gothamchess

➡️ Get My Chess Courses:  https://www.chessly.com/
➡️ Get my best-selling chess book: https://geni.us/gothamchess

➡️ My book in the UK and Europe: https://bit.ly/3qFqSf7
➡️ Mein Buch auf Deutsch: https://bit.ly/45fKt3R
➡️ Mi libro en Español: https://bit.ly/3Y5xaRx

➡️ Start Playing Chess FOR FREE: http://bit.ly/3Xa3EsB

➡️ Enjoy my videos? Donate Here : https://www.paypal.me/gothamchess

Email me your games: gothamletters@gmail.com
Sp"
Will Smelling Elden Ring Make Me A God Gamer?,"I review Game Scent.  Definitely not an Ad. lol

Find me on:
Twitch | https://www.twitch.tv/willneff
Twitter | https://twitter.com/TheWillNeff
Discord | https://discord.gg/neff
Instagram | https://www.instagram.com/thewillneff

Channel edited and managed by https://twitter.com/NeauxArt
#willneff #eldenring   #twitch"
Will this toy engine work at full size? (yes),"Visit https://www.janestreet.com/internships/?utm_source=youtube&utm_medium=sponsormessage&utm_campaign=stevemould923&utm_id=Steve+Mould+September to find out more about Jane Street's 2024 summer internship programme.

Pop pop boats, or putt putt boats are great little toys. But could a life sized one actually work?

Here's a video about the square cube law (sort of): https://www.youtube.com/watch?v=f7KSfjv4Oq0

Check out the AHHAA science centre here: https://ahhaa.ee

You can buy my books here"
I Paid A Real Assassin To Try To Kill Me,"File with TurboTax today to get your biggest refund possible 🤑
 http://bit.ly/MrBeastxTurboTax

New Merch - https://mrbeast.store

Check out Viewstats! - https://www.viewstats.com/

SUBSCRIBE OR I TAKE YOUR DOG
╔═╦╗╔╦╗╔═╦═╦╦╦╦╗╔═╗
║╚╣║║║╚╣╚╣╔╣╔╣║╚╣═╣ 
╠╗║╚╝║║╠╗║╚╣║║║║║═╣
╚═╩══╩═╩═╩═╩╝╚╩═╩═╝

For any questions or inquiries regarding this video please reach out to chucky@mrbeastbusiness.com

----------------------------------------------------------------
follow all of these or i will kick you
• F"
This is how I RUINED my first live performance EVER,"Reacting to some secret live performances I did many many years ago...
Have I improved since then?  slap like now to pay respect

Subscribe for more videos: https://goo.gl/G9As1e
Reddit: https://www.reddit.com/r/Davie504/
Patreon: https://www.patreon.com/davie504
Merch: https://represent.com/store/davie504-official-merch
Twitter: https://twitter.com/Davie504bass
Instagram: https://www.instagram.com/davie504/
Facebook: http://www.facebook.com/Davie504
Discord: https://discord.gg/davie504

My NEW "
Quadruple Stacked Ham Sandwich from Final Fantasy XV | Arcade with Alvin,"This episode is sponsored by Squarespace. Head to http://bit.ly/squarespacebabish to save 10% off your first purchase of a website or domain using code BABISH.

On this episode of Arcade with Alvin, Alvin makes the gravity-defying Stacked Ham Sandwich from Final Fantasy XV.

Follow Alvin Zhou on Instagram: https://www.instagram.com/alvin.zhou/

Pre-Order the new Basics with Babish Cookbook: https://www.bingingwithbabish.com/cookbook

Babish Cookware on Amazon: http://bit.ly/babishstore

My playl"
Shark Tank in 2023 Is Insane,"jerome powell needs to raise rates again 

WATCH LIVE ► https://www.twitch.tv/atrioc
TWITTER ►https://www.twitter.com/atrioc
DISCORD ►  https://discord.com/invite/Dar3UDx
REDDIT ► https://reddit.com/r/Atrioc/

Edited by BryGuy | https://twitter.com/BryGuyEdits

FULL VOD: https://www.twitch.tv/videos/1907819328

0:00 Intro
0:16 Pitch 1: Stoage Scholars
4:24 Pitch 2: Ghia
9:16 Pitch 3: Woosh

#atrioc #sharktank  #react"
The Mario Kart Version of Fromsoftware's Bloodborne - Nightmare Kart,"We got a Bloodborne Mario Kart game before we got Bloodborne on PC, thank you Nightmare Kart

Watch my Bloodborne playthrough: https://www.youtube.com/watch?v=2Fpv00hfOhY

~This video was recorded live on my Twitch Channel: http://www.twitch.tv/rtgame
~Subscribe if you'd like to see more! https://www.youtube.com/@RTGame?sub_confirmation=1
~Become a Youtube Member to support me: https://www.youtube.com/channel/UCRC6cNamj9tYAO6h_RXd5xA/join

~Follow me on Twitter: https://twitter.com/RTGameCrowd
~"
You Are The Center of The Universe (Literally),"This video was sponsored by GiveWell. 
First-time donors will have their donation matched up to $100 at https://www.givewell.org/Kurzgesagt

Sources & further reading: https://sites.google.com/view/sources-middle-of-scale/

You are in the middle of everything in the Universe.
Let us go on a fantastical journey together  - to the impossibly small and the incomprehensibly large!


OUR CHANNELS
▀▀▀▀▀▀▀▀▀▀▀▀▀▀▀▀▀▀▀▀▀▀▀▀▀▀
German:        https://kgs.link/youtubeDE
Spanish:        https://kgs.link/you"
Drone Darts are Silent and Deadly!,"Twitter: https://twitter.com/ididathing1
Tiktok: https://www.tiktok.com/@ididathing
Instagram: https://www.instagram.com/ididathing_official
Discord: https://discord.gg/mppfmHW
Patreon: https://www.patreon.com/user?u=13180179"
Tri-state logic: Connecting multiple outputs together - 8 bit register - Part 2,"With tri-state logic, a logic gate can be effectively disconnected from the circuit rather than assuming the normal 0 and 1 logic levels.

This video goes into more detail on what it means to output a 0 or 1 and then describes how and why we'd want to output neither. This detail is essential to how a bus works.

Support me on Patreon: https://www.patreon.com/beneater

See https://eater.net/bbcpu8-registers for more."
"Ages 1 - 100 Fight For $500,000","Claim a piece of MrBeast history — buy a prop in the Shop app for $0.01 https://go.shop.app/mrbeast

Thanks to Lickd for providing the music for this video! Discover tracks for your YouTube videos here: https://go.lickd.co/mb1
Track: Whisper by The Dear Hunter, License ID: B0yLW6gQwQ4  
https://lickd.lnk.to/EAnwiV

Also thank you Concept Pixel for the LED Wall,it looked great!
 www.conceptpixels.com

New Merch - https://mrbeast.store

Check out Viewstats! - https://www.viewstats.com/

SUBSCRIBE "
Detective Pikachu Returns: An Absolute Garbage Pokemon Game,"Please do not buy or play Detective Pikachu Returns. I played the full game here so you never have to. It has no reason to exist, no rewards or payoff for gameplay. This is a genuinely awful Pokemon experience that took 14 hours to complete - just watch the Detective Pikachu movie instead.

Watch more Minecraft Storymode: https://www.youtube.com/playlist?list=PLliBvQE3gg9e3RQjYbp1cjbXkf2bP9UIy

~This video was recorded live on my Twitch Channel: http://www.twitch.tv/rtgame
~Subscribe if you'd li"
I Miss The Old Atrioc,"kill the past, replace with ""BONER DAWNING"" 

WATCH LIVE ► https://www.twitch.tv/atrioc
TWITTER ►https://www.twitter.com/atrioc
DISCORD ►  https://discord.com/invite/Dar3UDx
REDDIT ► https://reddit.com/r/Atrioc/

Edited by Zinjo | https://twitter.com/notzinjo

FULL VOD: https://youtu.be/DJNTRewm_JM
#atrioc #stream #gaming"
Twitter rebrands to X in latest 5D chess move,"In a surprising move, Twitter has rebranded to X and removed the bird logo. Let's look at recent developments with Twitter and Meta's threads and what this means for the future of the Internet. 

#tech #internet #thecodereport 

💬 Chat with Me on Discord

https://discord.gg/fireship

🔗 Resources

Follow me on Twitter or X https://twitter.com/fireship_dev
WorldCoin Launch https://youtu.be/V4qrvoFodmo
Twitter Rate Limit https://youtu.be/3AS5x05XIyg


🔥 Get More Content - Upgrade to PRO

Upgrade at"
14 science fiction stories in under 6 minutes,"I can't make science fiction any more. So, to get the ideas I have out of my head, I went to a Standard BBC Quarry, and put all of them one video. Pull down the description for a list of the books that inspired these!

FICTION RECOMMENDATIONS, all FREELY AVAILABLE ONLINE:

ACCELERANDO by Charles Stross (2010): novel created from short stories. https://www.antipope.org/charlie/blog-static/fiction/accelerando/accelerando-intro.html
Arguably the peak of late-noughties singularity fiction, a fad for"
How The Moscow Mule Was Born,"The Moscow Mule was a coming together of Smirnoff, Ginger Beer, and copper mugs.

Want Bon Appétit shirts, hats and more? https://shop.bonappetit.com/?utm_source=youtube&utm_brand=ba&utm_campaign=aud-dev&utm_medium=video&utm_content=merch-shop-promo

Still haven’t subscribed to Bon Appétit on YouTube? ►► http://bit.ly/1TLeyPn

Want more Bon Appétit in your life? Subscribe to the magazine! https://bit.ly/313UWRu

ABOUT BON APPÉTIT
Bon Appétit is a highly opinionated food brand that wants e"
PSA: The Best Breakfast Sandwich is NOT from McDonald’s,"PSA: McDonald’s does NOT do the best breakfast sandwich. Someone had to tell you, it may as well have been us. 

Alvin Cailan, from the mega-popular chain Eggslut, shows us how to whip up the best breakfast sandwich you'll ever have, using common items found in your pantry. 

#mcdonalds #breakfast #fastfood #munchies #breakfastfood #eggrecipes

Subscribe to MUNCHIES here: http://bit.ly/Subscribe-to-MUNCHIES

Follow MUNCHIES here:
TikTok: https://www.tiktok.com/@munchies
Facebook: http://facebook"
MrBeast Illegally Hired an Assassin?,"⚖️ Do you need a great lawyer?  I can help!  https://legaleagle.link/eagleteam ⚖️
Don't hire an assassin. 🌲 Visit https://legaleagle.link/wren to start offsetting your carbon emissions with Wren and get your first month for free!

Welcome back to LegalEagle.  The most avian legal analysis on the internets. 
🚀 Watch my next video early & ad-free on Nebula! https://legaleagle.link/watchnebula
👔 Suits by Indochino! https://legaleagle.link/indochino

GOT A VIDEO IDEA? TELL ME!
▀▀▀▀▀▀▀▀▀▀▀▀▀▀▀▀▀▀▀▀▀▀"
geoguessr but in 0.1 seconds,i challenged myself to see how many good games on 0.1s i could get in 15 minutes. this was the result. 90% seed hunting 10% skill
🔴 NEW TMNT STUMBLE GUYS WITH @QTCinderella #stumblepartner,"DONATE FOR TTS HERE ► https://streamelements.com/ludwig/tip
AI TTS GUIDE (ONLY WORKS WITH ABOVE LINK) ► https://tts.monster/yt/ucrpseylgpnygvi34qpgnqpa

GET THE TRUFFLE.TV EXTENSION FOR EMOTES, CHANNEL POINTS, PREDICTIONS, AND MORE! ► https://truffle.vip/extension 

follow me on twitter ► https://www.twitter.com/ludwigahgren
follow me on tiktok ► https://www.tiktok.com/@ludwig
follow me on instagram ► https://www.instagram.com/ludwigahgren
join my subreddit ► https://old.reddit.com/r/LudwigAhgre"
$300 A5 Wagyu Sandwich from Final Fantasy XV | Arcade with Alvin,"This episode is sponsored by Squarespace. Head to http://bit.ly/squarespacebabish to save 10% off your first purchase of a website or domain using code BABISH.

On this episode of Arcade with Alvin, Alvin is making the insane $300 A5 wagyu sandwich from Final Fantasy XV

Follow Alvin Zhou on Instagram: https://www.instagram.com/alvin.zhou/

Pre-Order the new Basics with Babish Cookbook: https://www.bingingwithbabish.com/cookbook

Babish Cookware on Amazon: http://bit.ly/babishstore

My playlist "
These chickens save lives.,"""Sentinel chickens"" are an early-warning system against some nasty mosquito-borne diseases. I visited a flock in New South Wales, Australia. ▪ More about NSW Health's surveillance: https://www.health.nsw.gov.au/Infectious/mosquito-borne/Pages/surveillance.aspx

MVE was actually found in the area I filmed, just a couple of days later, although in that case it was direct mosquito detection, not via chickens. https://www.health.nsw.gov.au/news/Pages/20230111_00.aspx

🟥 MORE FROM TOM: https://www.to"
"I’m Giving My 250M Subscriber $25,000",
"Attention in transformers, visually explained | Chapter 6, Deep Learning","Demystifying attention, the key mechanism inside transformers and LLMs.
Instead of sponsored ad reads, these lessons are funded directly by viewers: https://3b1b.co/support
Special thanks to these supporters: https://www.3blue1brown.com/lessons/attention#thanks
An equally valuable form of support is to simply share the videos.

Demystifying self-attention, multiple heads, and cross-attention.
Instead of sponsored ad reads, these lessons are funded directly by viewers: https://3b1b.co/support

Th"
I think the magic’s gone to their head… @savanahmoss,
Elon Musk's Six Rules for Tesla Employees,music - www.ketxl.com
This new AI is powerful and uncensored… Let’s run it,"Learn how to run Mistral's 8x7B model and its uncensored varieties using open-source tools. Let's find out if Mixtral is a good alternative to GPT-4, and learn how to fine tune it with your own data.

#ai #programming #thecodereport 

💬 Chat with Me on Discord

https://discord.gg/fireship

🔗 Resources

Mixtral 8x7b https://mistral.ai/news/mixtral-of-experts/
Uncensored AI models https://erichartford.com/uncensored-models
Ollama Github https://github.com/jmorganca/ollama
Grok AI breakdown https:/"
What NOT to Ask Your Hero,"What tips does Adam Savage have for mentees? Who does Adam love to listen to? Does Adam work in his home kitchen like he does in the cave, and does he and Mrs. Donttrythis bake at all? In this live stream excerpt Adam answers these questions from Tested members @claytations, @crispychrissy, @Chef Tiny and @Robert Standen, whom we thank for their support.

Ologies: https://www.alieward.com/ologies

Join this channel to support Tested and get access to perks, like asking Adam a question during liv"
My bees survived the winter! - First hive inspection of the year,"I'm so happy that both my bee hives have survived the winter. In this video I open up the bee hives and take a look inside.
Check out my Instagram - https://www.instagram.com/alex_smith1809/
Support the Just Alex Channel on Patreon - https://www.patreon.com/justalexsmith
TikTok - https://www.tiktok.com/@justalexsmith
Watch me live on Twitch - https://www.twitch.tv/justalexsmith
Business enquiries - alexfordhamsmith@gmail.com"
Thanksgiving Turkey...Matty Matheson Style,"Happy Thanksgiving! Right, listen: Don't stuff the bird! Don't deep-fry the bird, don't stuff a duck up its 🍑, don't even brine the bird. What you're gonna do is put some fresh herbs in the cavity and cover it in salt, that’s it - it’s that easy! Enjoy. 🦃👌

Thanks Matty Matheson for the tips. 

#thanksgiving #turkey #food

Subscribe to MUNCHIES here: http://bit.ly/Subscribe-to-MUNCHIES

Follow MUNCHIES here:
TikTok: https://www.tiktok.com/@munchies
Facebook: http://facebook.com/munchies
Instagra"
This BLEW me away! - Meshless AIO SFF by Meshless Design,"Check out Paperlike at: https://paperlike.com/linustech

NexiGo is hosting product giveaways every month! Enter for your chance to win here: https://viralnation.link/LTTXNexiGoGiveaway. (Contest is open to anyone 13+ in the United States)

Small Form Factor cases are pushing the boundaries of how much computing power can fit in a tiny chassis. From enclosures like the Formd T1, SSUPD Meshlicious, DanCase C4-SFX, and Fractal Terra, there is no shortage of small cases that can accommodate big powe"
Starfield is a Flawless Masterpiece with no flaws whatsoever,"Welcome to Space Skyrim, Starfield is a perfect game that works just as Todd Howard intended

Watch more Skyrim: https://www.youtube.com/watch?v=YyeS7y2LyFU&list=PLliBvQE3gg9eZLXlydeNSc4Ez8sSHSsGy

~This video was recorded live on my Twitch Channel: http://www.twitch.tv/rtgame
~Subscribe if you'd like to see more! https://www.youtube.com/@RTGame?sub_confirmation=1
~Become a Youtube Member to support me: https://www.youtube.com/channel/UCRC6cNamj9tYAO6h_RXd5xA/join

~Follow me on Twitter: https:/"
Gamedev Maths: distance from point to line,"In this video we determine an equation for the shortest distance between some point C, and the line passing through points A and B.
The equation is: dst = abs((C.x-A.x) * (-B.y+A.y) + (C.y-A.y) * (B.x-A.x)) / sqrt((-B.y+A.y)^2 + (B.x-A.x)^2)

We also see how this equation can be modified to determine if two points lie on the same side of a line.
C# code for the equations can be found here: https://github.com/SebLague/Gamedev-Maths/blob/master/DistanceToLine.cs

If you'd like to support these vid"
This Tik Tok Trend is Dystopian,"no the hat is not an ironic gift i'm a real fan i even pronounce the X 

WATCH LIVE ► https://www.twitch.tv/atrioc
TWITTER ►https://www.twitter.com/atrioc
DISCORD ►  https://discord.com/invite/Dar3UDx
REDDIT ► https://reddit.com/r/Atrioc/

Edited by Aedish | https://twitter.com/aedishedits

FULL VOD: https://www.twitch.tv/videos/1973321033
#atrioc #tiktok #corecore"
Update and PODCAST ANNOUNCEMENT!,"Podcast!
https://www.benbenandblue.com/
https://www.youtube.com/c/benbenandblue

Check out Grant's channel, 3Blue1Brown: https://www.youtube.com/c/3blue1brown
His latest series on neural networks will be of interest to anyone who enjoys my channel: https://youtu.be/aircAruvnKk

I started a podcast! In the latest episode (Episode 6: https://youtu.be/WLMbiM2nxzI) my co-hosts ask me about what I'm working on next for my YouTube channel.

------------------

Social media:
Website: https://www.eater."
Ruby on Rails in 100 Seconds,"Try Brilliant free for 30 days https://brilliant.org/fireship You’ll also get 20% off an annual premium subscription

Ruby on Rails is a web application framework that has build many unicorn startups like Airbnb, Shopify, and GitHub. Learn the basics of Rails in this quick video. 

#programming #webdevelopment #100secondsofcode 

💬 Chat with Me on Discord

https://discord.gg/fireship

🔗 Resources

Rails Doctrine https://rubyonrails.org/doctrine
Ruby in 100 Seconds https://youtu.be/UYm0kfnRTJk
I "
Real Asian Food in Los Angeles,"Welcome to Zam Zam Market, the legendary Pakistani food spot hidden in the back of an LA convenience store. 

This family business – comprised of Fozia, Fahim, and their son Talha – serves curries, kebabs, barbecue, biriyani, and more authentic Pakistani fare that you can’t really find done well anywhere else.

#food #indianfood #LA

Subscribe to MUNCHIES here: http://bit.ly/Subscribe-to-MUNCHIES

Follow MUNCHIES here:
TikTok: https://www.tiktok.com/@munchies
Facebook: http://facebook.com/munchi"
Astable 555 timer - 8-bit computer clock - part 1,"Our computer's clock is built using several 555 timers. The first is configured as an astable oscillator. See https://eater.net/bbcpu8-clock-module for more.

Part 2: https://youtu.be/81BgFhm2vz8
Part 3: https://youtu.be/WCwJNnx36Rk
Part 4: https://youtu.be/SmQ5K7UQPMM

Support me on Patreon: https://www.patreon.com/beneater

You can get all the components used in this video from any online electronic components distributor for a few dollars.

Complete parts list (everything in this video):
1x 5"
Cutting Ice With Diamond,"You can buy my books here:
https://stevemould.com/books

You can support me on Patreon and get access to the exclusive Discord:
https://www.patreon.com/stevemould

just like these amazing people:

Glenn Watson
Peter Turner
Joël van der Loo
Matthew Cocke
Mark Brouwer
Deneb

Twitter: http://twitter.com/moulds
Instagram: https://www.instagram.com/stevemouldscience/
Facebook: https://www.facebook.com/stevemouldscience/
TikTok: https://www.tiktok.com/@stevemould
Buy nerdy maths things: http://mathsge"
Your new go-to late-night recipe. 🍝,Your new go-to late-night recipe. 🍝
What Happens If You Destroy A Black Hole?,"Go ‘beyond the nutshell’ at https://brilliant.org/nutshell/ and dive deeper into these topics and more with a free 30-day trial!
This video was sponsored by Brilliant. Thanks a lot for the support!

Grab your Limited Edition Wheel of Fear Pin before the pre-order ends!: https://shop.kgs.link/fear-pin

Sources & further reading:
https://sites.google.com/view/sources-destroyablackhole/

Black holes can destroy everything – but can they be destroyed? What happens if we push physics to the absolute "
How To Measure The Tiniest Forces In The Universe,"This lab measures the tiniest forces in the universe. This video is sponsored by Brilliant. You can get started for free, or the first 200 people to sign up via https://brilliant.org/veritasium get 20% off a yearly subscription. 

▀▀▀
Thanks to Rich Press and NIST for the great visit. 
Thanks to Dr. Gordon Shaw for showing us around his lab and teaching us about measuring tiny forces.
You can check out all the cool work going on at NIST here: https://www.nist.gov/

▀▀▀
References:

Lee, J. (2016"
This ice cube is too heavy,"Ice normally floats on water because as water freezes it expands, and the density of the solid becomes less than the liquid. This on the other hand is an ice cube that I made, but this one's kind of special, because it's able to sink.

-------------------------------------------------------------------------------
Merch - https://nilered.tv/store
-------------------------------------------------------------------------------

■ NileRed is now available on Nebula!  https://go.nebula.tv/nilered
(w"
What Jumping Spiders Teach Us About Color,"How jumping spiders reveal an entire secret world of colors. Let BetterHelp connect you to a therapist who can support you - all from the comfort of your own home. Visit https://betterhelp.com/veritasium and enjoy a special discount on your first month.

A massive thank you to everyone at Day’s Edge Productions for making this documentary happen. Check them out at https://daysedge.com/.

You can watch the full-length documentary “Spider Vision: Decoding Color” on Curiosity Stream - coming soon.
"
Skinamarink Explained - A Forgotten Nightmare,"Use this link to save $5 at Magic Spoon today!  https://magicspoon.com/wendigoon
Thank you to Magic Spoon for sponsoring the video!

Kyle's Channel (fr tho, watch it, it's so good) - https://www.youtube.com/@BitesizedNightmares

Heck - https://www.youtube.com/watch?v=HVQzEzW4faA

My Links

Second channel/ Wendigang: https://www.youtube.com/@UCuX9VrqRC3-EUq1eZ0NBbQg 

Twitter: https://mobile.twitter.com/wendigoon8

Subreddit: https://www.reddit.com/r/wendigoon/

Business email: Wendigoon@streamwo"
"$1 vs $1,000,000,000 Yacht!","Buy Feastables anywhere to get a secret MrBeast video: https://bit.ly/_feastables

Go watch Pete Davidson's new show ""Bupkis"" now live on Peacock!""
https://youtu.be/2x6h2VJ_m-c

Check out the all new ""Icon of the Seas"" coming 2024: https://bit.ly/Icon_OfThe_Seas

Also, check out the ship Harmony of the Seas which is actually 18 floors, not 17! https://bit.ly/Harmony_OfThe_Seas

New Merch - https://mrbeast.store

Check out Viewstats! - https://www.viewstats.com/

SUBSCRIBE OR I TAKE YOUR DOG
╔═╦╗"
Elon Musk's Thermonuclear Defamation Suit Is a Dud,"Free speech warrior. Some restrictions apply. 👨‍💻 Remove personal information off the web with Incogni with code LEGALEAGLE https://legaleagle.link/incogni  ⚖️⚖️⚖️ Get a great lawyer, fast!  https://legaleagle.link/eagleteam 

Welcome back to LegalEagle.  The most avian legal analysis on the internets. 
🚀 Watch my next video early & ad-free on Nebula! https://legaleagle.link/watchnebula
👔 Suits by Indochino! https://legaleagle.link/indochino

GOT A VIDEO IDEA? TELL ME!
▀▀▀▀▀▀▀▀▀▀▀▀▀▀▀▀▀▀▀▀▀▀▀▀▀▀"
How To Fix A Leaking Rear Axle (Replace Axle Seals),Learn how to replace axle seals on a solid rear axle that is leaking gear oil. You will know the axle seals are bad because gear oil will drip down the tires and sling everywhere. Luckily with this video you can see the process of replacing the axle seals. First you need to drain the differential. Next you need to unscrew the 4 nuts holding in the axle. Then you need to use a slide hammer to pop the axle out and now you have access to the seal. Use a seal puller tool to pop the seal out and then
Top 10 Facts [Part 4],"[Credits, References, and More]
https://www.lemmi.no/p/t10f-part-4

Patreon: https://www.patreon.com/lemmino
Subreddit: https://www.reddit.com/r/lemmino
Twitter: https://www.twitter.com/lemmin0
Discord: https://www.discord.gg/lemmino"
I Taught YouTubers How to Speed Eat | Copy That!,"Rosanna. Preston. Lisette. Sofie. As experts in their own fields, they’ve each challenged one another to step out of their comfort zones and try to copy what each of them does best. In the series finale, it’s all come down to Sofie versus Rosanna in the most difficult task yet - and they’ve asked me to design it! So with the help of Preston and Lisette, I’ve set the final challenge as a speed-eating contest (what else?!). May the fastest mouth win!

0:00 Intro/Recap
1:50 Special Guest Matt Stoni"
The History of Bass Players on YouTube (Bass Battle),"Who was the first bassist on youtube EVER? Let's discover together the secrets of OG bass players on YouTube.

@ViaceslavSvedov 
https://www.youtube.com/watch?v=p4-BXdG0bsQ
https://www.youtube.com/watch?v=BXPQaXAmNyQ 

@MikiSantamaria 
https://www.youtube.com/watch?v=NimnGpBEEvY

@DavidCaraccio 
https://youtube.com/watch?v=u37N5kPJEu0
https://youtu.be/FN9K2rzTjRw?si=9gukOh61kVRi2p0D&t=155

Music used:
OMICRON - Surfer
We're Finally Speedrunning - Post Elvis
The Sewers - Chris Doerksen
HOME - Cap"
Get started with the Rubik’s in 57 seconds,"If you feel I've earned it  you can support the channel here: https://www.patreon.com/mikeboyd
If you prefer, YouTube's ""Join"" feature, you can support here: https://www.youtube.com/channel/UCIRiWCPZoUyZDbydIqitHtQ/join
Want to give a one-off donation instead? https://www.buymeacoffee.com/mikeboyd
I am so grateful for any support you choose to give, financial or emotional! 🙏 A good resource for progression: https://ruwix.com/the-rubiks-cube/how-to-solve-the-rubiks-cube-beginners-method/"
The Wiiiiiiiiiiiiiiide Gaming Setup,"Join us in War Thunder for FREE at https://playwt.link/joinltt Get an exclusive bonus using our link - thanks for supporting the channel!

The 86"" LG Ultra Stretch Digital Signage Display has an aspect ratio of 58:9, making it relatively wider than just about any other display we've tried to game on. How well does it game? The answer is more interesting than you might think, and depends much more on how the game was made than when.

Discuss on the forum: https://linustechtips.com/topic/1569697-t"
AI regulation is coming...,"AI leaders met with U.S congress yesterday to discuss the risks that artificial intelligence pose to society and recommended that the government create a regulatory body for oversight. What does regulation mean for the future of GPT-4, Bard, and other popular AI products. 

#ai #tech #thecodereport 

💬 Chat with Me on Discord

https://discord.gg/fireship

🔗 Resources

Full AI Regulation Meeting https://www.youtube.com/live/xS6rGBpytVY
Watch the full Raiden video by @ULTRATERM https://youtu.be/-g"
Mail Gun. I hate junk mail.,"Are you sick of Package Thief's. Boy do i have the device for you!
Second channel: https://www.youtube.com/channel/UCpeliX_ewtnn6f467wyM0YA
If you want to give me your money. https://www.patreon.com/user?u=13180179
https://twitter.com/ididathing1"
We're having a baby!,"🧎#Subscribe🧎

Stock Up On ➡️🥤Gfuel (affiliate): https://gfuel.ly/pewdiepie-collection
#Code #Pewdiepie

👘 New Pre-Order for Tsuki: https://bit.ly/3xrWsgY

📱Customized Devices: https://rhinoshield.io/pewdiepie

⛰️NordVPN DOWNLOAD (affiliate link)⛰️
Go to https://NordVPN.com/pewdiepie and use code PEWDIEPIE to get a 2-year plan plus 1 additional month with a huge discount. It’s risk free with Nord’s 30 day money-back guarantee!

⚙️My Setup (affiliate links)⚙️
🪑 Chair: https://bit.ly/3r51IUS
💻 Brow"
Do try this at home 🧹,
48 hrs on Luxury Rocky Mountaineer Train - Banff to Vancouver,"Head to https://squarespace.com/trektrendy to save 10% off your first purchase of a website or domain using code TREKTRENDY

Join me on one of the world's most luxurious and exciting train journeys. The Rocky Mountaineer train across the Canadian Rockies, from Banff to Vancouver. I'll show you exactly what it's like to travel on this private train, from the dining to where I sleep and even the outside viewing deck! It's a trip like none other, and is widely regarded as Canada's most luxurious tr"
First Class on a Ritz Carlton Luxury Cruise | Evrima,"Check out Carl Friedrik's “The Luggage Set” here: https://friedrik.com/0m2

Today I’m taking one of the world’s most luxurious cruises for 5 days across the Caribbean. This is the long awaited Ritz Carlton Yacht, Evrima. Scheduled to launch in 2020, this was pushed back around 8 times until finally last October she was launched. I’ve experienced a few luxury cruises now, but this was different. With far fewer passengers, the level of staffing should be an unparalleled experience onboard.

I'll s"
Incredible These Things Used to Be Illegal in America,"Lots of fun things used to be illegal in America.  🍋 Get HelloFresh with a free breakfast item for life (CODE: LEGALEAGLEFREE )* https://legaleagle.link/hellofresh  ⚖️⚖️⚖️ Do you need a great lawyer?  I can help!  https://legaleagle.link/eagleteam 
*One breakfast item per box while subscription is active.

Welcome back to LegalEagle.  The most avian legal analysis on the internets. 
🚀 Watch my next video early & ad-free on Nebula! https://legaleagle.link/watchnebula
👔 Suits by Indochino! https:/"
Adam Savage Unboxes a Mechanical Marble Run!,"Adam unboxes and tests this mechanical marble run that was sent to him from Marbolous, and ends up having to tweak and fix the track on the machine to get the marbles flowing through it smoothly. Tuning a marble run is a delicate task, but Adam enjoys the mental challenge of figuring out how every adjustment affects its operation. Can he get it to run smoothly or will Adam lose his marbles?

Learn more about the Marbolous marble mazes here: https://www.marbolous.com/pages/shop

Shot by Josh Self"
A Blast From Adam Savage's Past,"Join Adam in this walk down memory lane as he reconnects with a piece of costuming that was part of his early jobs working behind the scenes of San Francisco's famed Beach Blanket Babylon musical revue!

Shot by Josh Self and edited by Norman Chan
Music by Jinglepunks

Subscribe for more videos (and click the bell for notifications):  http://www.youtube.com/subscription_center?add_user=testedcom

Join this channel to support Tested and get access to perks:
https://www.youtube.com/channel/UCiDJtJ"
Twitch Chat and I ranked the greatest Fidget Toys,"These are THE BEST fidget toys. 

Streaming live on Twitch! https://www.twitch.tv/dougdoug

Edited by Berry Bebop! https://www.youtube.com/c/berrybebop

My 2nd Channel: http://bit.ly/dougdoug2
Twitter: https://twitter.com/DougDougFood

More DugDug:
Latest Uploads: https://www.youtube.com/watch?v=rp4cH7mb4X4&list=PLzTxt5iYdhziB3Zf03HR_aZWgJ49ffj-d&index=2
DougDoug Challenges: https://www.youtube.com/playlist?list=PLzTxt5iYdhzh_SW60_g3HPVjBupwUZOFA
Popular Videos: https://www.youtube.com/playlist?"
This $1M Air Purifier is a SCAM 🤯,I thought the claims the Moss Air made were bad but wow it's even worse in person... #mossair #kickstarter #tech #viral #fyp #airpurifier #shorts
#GreatAmericanTakeout,"#GreatAmericanTakeout
#TakeoutTuesday

I didn't have any part of coming up with this whole idea, but saw it last night and thought it was pretty cool. Definitely don't want to see my local pho houses and taco shops go out!!

Hoping all this won't last long, but until then...

Stay healthy & ENJOY!!!

---Try Stonie Bowls!---

Website - https://www.stoniebowls.com/
INSTAGRAM - https://www.instagram.com/stoniebowls/

---Socials & Stuff----
FACEBOOK  - https://www.facebook.com/mattmegatoad
INSTAG"
The Spiciest Challenge I've ever attempted (Hellfire Wings),"Good Video? Smash that Like button!

Revisiting the Spiciest Challenge I've ever attempted from over 10 years ago!! The Hellfire (formerly The 911) Challenge, from Smokeeater in San Jose. 12 SUPER HOT Wings, with no liquids, no napkins, and a 5 minute 'afterburn'

Can I conquer the spice?? 

ENJOY!!!

---Try Stonie Bowls!---

Website - https://www.stoniebowls.com/
INSTAGRAM - https://www.instagram.com/stoniebowls/

---Socials & Stuff----
FACEBOOK  - https://www.facebook.com/mattmegatoad
INSTAGRA"
Eating 100 Layers of Cheese Challenge,"#ad Watch The Daily Show with Trevor Noah and more on DIRECTV STREAM. Learn more at https://direc.tv/mattstonie

A portion of this video was sponsored by DIRECTV Stream

@DIRECTV
@ComedyCentral
#GetYourTVTogether
#TheDailyShow

Why eat 50 slices of cheese when you can eat 100 slices of cheese!!! Over 4lbs and 5,000 calories of 'plastic' cheese, piled high atop each other! Can I conquer the cheese mountain? Or will it conquer me?

ENJOY!!!

---Try Stonie Bowls!---

Website - https://www.stoniebow"
So I Tried Solving a Virtual Rubik's Cube...,"I could not beat my PB so I tried using technology. CsTimer's virtual 3x3 simulator is quite easy to learn!

My Main Cube ► JPerm RS3 M 2020: https://speedcubeshop.com/products/jperm-rs3-m-2020-3x3

SpeedCubeShop ► https://speedcubeshop.com
Using the code ""JPERM"" supports my channel and also gives you a discount on your order.

Beginner:
2x2 Tutorial ► https://youtu.be/GANnG5a19kg
3x3 Tutorial ► https://www.youtube.com/watch?v=7Ron6MN45LY
4x4 Tutorial ► https://www.youtube.com/watch?v=KWOZHbDdOe"
How to PERFECTLY Maintain your First Car,"What's the best first car? Today I will show you what I think the best first car is and how to COMPLETELY maintain your first car perfectly. From how to change the oil, transmission fluid, and flush the coolant to hard wiring a dash camera and do a complete brake job. 

Where to find an inexpensive first car: http://www.autotempest.com/s/CarsFS

PLEASE DONATE to help other families if you can: https://help.buildinghomesforheroes.org/campaign/chrisfix-2023/c481763

Car Maintenance Checklist: http"
A.I. Learns to DRIVE,"Using a brand new algorithm, QLearning, I teach an AI to drive. 
Huge thanks to Brilliant for sponsoring this video, check them out at https://brilliant.org/codebullet
Art created by @Dachi.art https://www.instagram.com/dachi.art

Twitter: https://twitter.com/code_bullet
Patreon: https://www.patreon.com/CodeBullet
Discord: https://discord.gg/UZDMYx5"
Why does this Rubik’s cube cost $100?,"If you feel I've earned it  you can support the channel here: https://www.patreon.com/mikeboyd
If you prefer, YouTube's ""Join"" feature, you can support here: https://www.youtube.com/channel/UCIRiWCPZoUyZDbydIqitHtQ/join
Want to give a one-off donation instead? https://www.buymeacoffee.com/mikeboyd
I am so grateful for any support you choose to give, financial or emotional! 🙏 A smart Rubik’s cube that connects via Bluetooth to your phone to show you its permutation and solution etc. NOT sponsored"
Can I Beat Brooklyn's Best Meatball Sub? (Blind Taste Test),"This video is sponsored by Trade Coffee. Thank you to Trade for sponsoring. Visit http://drinktrade.com/babish to subscribe and enjoy 30% off your first order.

Today, we're tasked with the challenge of making a meatball sub more delicious than the two highest-rated renditions Brooklyn has to offer. Can the Babish Culinary Universe employees figure out which sub is which? And which sub will rank supreme?

For recipes and more, visit https://www.babi.sh

Get the new Basics with Babish Cookbook on"
Top 10 Facts - Family Guy,"Twitter: http://lemmi.no/twitter
Facebook: http://lemmi.no/facebook


[Music]
Silent Partner - Weekend In The City

Link:
https://www.youtube.com/audiolibrary/music


[References & Further Reading]
https://docs.google.com/spreadsheets/d/1uUFmXkfYhKiq46Hol5o_YoWrrGn2WmoaZAMS8XugkX4/pub?gid=2045710441


[Thumbnail]
http://lemmino.deviantart.com/art/Family-Guy-500308227"
Indestructible coating?!,The coating is a polymer sold under the brand name Line-X. More about how it works in the full video here: https://youtu.be/DWkYRh6OXy8
This wasn’t my cup of tea…,
He can finally sleep because of this keyboard 😂,I've got a link to this keyboard in my bio - #mechanicalkeyboard #silentkeyboard #quietkeyboard #customkeyboard #gamingkeyboard
Google Pixel 8A Impressions: Just Get The 8!,"Google drops Pixel 8A. But Pixel 8 is still goated.

Get a dbrand Hydrodip skin at https://dbrand.com/shop/hydrodip

Google Pixel 8A: https://geni.us/6qWo
Google Pixel 8: https://geni.us/WK2y
MKBHD Merch: http://shop.MKBHD.com

Tech I'm using right now: https://www.amazon.com/shop/MKBHD

Playlist of MKBHD Intro music: https://goo.gl/B3AWV5

~
http://twitter.com/MKBHD
http://instagram.com/MKBHD
http://facebook.com/MKBHD"
Couple's Cringe: DONUT DADDY,"Go to https://expressvpn.com/CODYKO to get 3 extra months of ExpressVPN FREE!


merch: ko-official.com
podcast: https://www.youtube.com/tinymeatgang
2nd channel: https://www.youtube.com/channel/UCy06jHRS_82N2i5v1YL7glQ

instagram: http://instagram.com/codyko
twitter: http://twitter.com/codyko

business: mahzad.babayan@unitedtalent.com

edited by: https://www.youtube.com/goofyjuice"
Can you really drive while facing backwards?,"The team at Sparkmate (https://Spkm.co/Build) asked if I had any ideas for things to build. And I realised that, yes, I had a question to answer: and it all goes back to an old kids' television show called ""Captain Scarlet and the Mysterons""...

This isn't an advert for Sparkmate. I've not been paid, and they had no control over the edit, the story, or whether it was published at all. However, they've obviously given a large amount of time, money and effort to put this together, and hopefully th"
"LTT Released 3rd Party Investigation Summary - WAN Show May 24, 2024","Check out Ridge’s Father’s Day sale at https://www.ridge.com/wan and enjoy up to 40% off!

Stay protected against cyberthreats and get immutable backup, rapid recovery and anti-ransomware technologies with Acronis! Check them out at https://go.acronis.com/WANshow

Reach and engage with your audience! Get a moooove on and check out Moosend free for 30 days and save 10% at https://lmg.gg/moosendltt

Check out the Titan Evo Ergonomic Gaming chair and more at https://lmg.gg/secretlabwan

Podcast Dow"
We Delivered FREE GIFTS to Strangers!,"🍑 Grog Giveaway on Our IG 👉 https://instagram.com/drinkgrog
🍋 Order Lemon Ice Now 🥶 http://grog.shop/shop
🌈BUY THE SHIRTS WE'RE WEARING with code ""COLDONES""  👉🏻 https://bit.ly/coolshirtzz
🥤 FOR 10% OFF YOUR GAMERSUPPS use code ""COLDONES"" 👉 https://bit.ly/coldonesGG

🅿️ Pledge to our patreon for extended videos: https://www.patreon.com/coldones

SEND STUFF TO OUR PO BOX AND IT MIGHT BE FEATURED IN A VID: ✉️📬
PO BOX 403
Abbotsford
VIC 3067
Australia
________________________________________________"
Delivering mail by jumping from a moving boat,"On Lake Geneva, Wisconsin, there's a summer tradition: ""mail jumping"". It's a bit dangerous, a bit ridiculous, and would never be allowed to start today. But it's a tradition. ■ Thanks to the Lake Geneva Cruise Line: https://www.cruiselakegeneva.com/

Edited by Michelle Martin https://twitter.com/mrsmmartin

🟥 MORE FROM TOM: https://www.tomscott.com/
(you can find contact details and social links there too)

📰 WEEKLY NEWSLETTER with good stuff from the rest of the internet: https://www.tomscott."
D latch,"Building on the SR latch from the previous video (https://youtu.be/KM0DdEaY5sY), the D latch  makes it easier to store a single bit of data.

Support me on Patreon: https://www.patreon.com/beneater

You can get all the components used in this video from any online electronic components distributor for a few dollars.

Complete parts list (everything in this video):
4x 74LS02 (Quad two-input NOR gate)
2x 74LS08 (Quad two-input AND gate)
8x 330Ω resistor
1x 1kΩ resistor
8x Momentary ""Microtivity 6m"
The Monsters Beneath Us: The Monument Mythos,"Video sponsored by Ridge Wallet. Check them out here: https://ridge.com/WENDIGOON Use code “WENDIGOON” for 10% off your order

Monument Mythos channel: https://youtube.com/c/MISTERMANTICORE

Support the Monument Mythos: https://ko-fi.com/mistermanticore

Expanded timeline from Lucid# 3479: https://docs.google.com/document/d/1HOOxZrfvz689xIZoCkQfYVO4w0xsR-GbDkd9NovV6BU/edit?usp=sharing

Makeship Plush: https://www.makeship.com/products/wendigoon-gitd-plush


Timestamps 

00:00 - I may have gone a"
i shouldn't have done this,#shorts
USA to Japan by Luxury Cruise Ship | Silversea Royal Suite,"Download TEMU App to get 50% off for your first purchase on app https://temu.to/m/ukigrweuuoz !  Use my code ""dkc7644"" and only $0.83 to buy a Travel Passport Wallet (reg $20.49) or click here to claim the offer: https://temu.to/m/u480olnjjzi
Temu offers:
-FREE Shipping/Returns Up to 90 days
-Hundreds of items UNDER $5
-Same Products/Cheaper on TEMU
-After Pay and Secure Payment on APP

Join me as I cross from America to Japan by luxury cruise ship, onboard Silversea’s Silver Whisper. This is an"
"I Created A $1,500 HITMAN Challenge to Find The World's Best Player.","5 Kills. $1,500 Dollars. Only 7 Days To Attempt. Which of the world's best killers will come up with the best route? 

GIVE OUR CONTRACT ORGANIZER SOME LOVE @davidredsox WITH HUGE HELP FROM @AgentKOats 

THANKS TO @BluntsNBeatz, @ThatObserver, @ConnorisseurYT(Acaicia) for all their work getting footage and 3D Models for the other angles shown in the video. Really made the video a lot better. 

ALSO THANKS TO @TierZoo for advice on the intro. 

WATCH LIVE ► https://www.twitch.tv/atrioc
TWITTER ►h"
Duck Keyboard SURPRISE 🦆,I love these duck keycaps!! Sent to me for free by @Duckeys - save 15% with code HIPYO at the link in my bio. #customkeyboard #mechanicalkeyboard #keycaps #duckeys
Astonishing Corruption at The Supreme Court?,"Ethics? Never heard of it 👨‍💻 Remove personal information off the web with Incogni with code LEGALEAGLE https://legaleagle.link/incogni  ⚖️ Do you need a great lawyer?  Get the EagleTeam!  https://legaleagle.link/eagleteam 

Welcome back to LegalEagle.  The most avian legal analysis on the internets. 
🚀 Watch my next video early & ad-free on Nebula! https://legaleagle.link/watchnebula
👔 Suits by Indochino! https://legaleagle.link/indochino

GOT A VIDEO IDEA? TELL ME!
▀▀▀▀▀▀▀▀▀▀▀▀▀▀▀▀▀▀▀▀▀▀▀▀▀▀
S"
Space Black M3 Max MacBook Pro Review: We Can Game Now?!,"The new matte black MacBook Pro is more capable than ever, and it's surprisingly good at playing super high quality games that I don't actually care about 😅

That free phone you're signing up for? It might not be as “free” as you think. Learn more at https://visible.com

MKBHD Merch: http://shop.MKBHD.com

Tech I'm using right now: https://www.amazon.com/shop/MKBHD

Intro Track: http://youtube.com/20syl
Playlist of MKBHD Intro music: https://goo.gl/B3AWV5

Laptop provided by Apple for review.

~"
How I learned to forage wild mushrooms without dying,"If you feel I've earned it  you can support the channel here: https://www.patreon.com/mikeboyd
If you prefer, YouTube's ""Join"" feature, you can support here: https://www.youtube.com/channel/UCIRiWCPZoUyZDbydIqitHtQ/join
Want to give a one-off donation instead? https://www.buymeacoffee.com/mikeboyd
I am so grateful for any support you choose to give, financial or emotional! 🙏 This week's episode is about foraging for wild mushrooms and how I learned not to die by eating them. I studied a book and"
This Jacket Trick is The Perfect Parent Hack,"You can buy my books here:
https://stevemould.com/books

You can support me on Patreon and get access to the exclusive Discord:
https://www.patreon.com/stevemould

just like these amazing people:

Glenn Watson
Peter Turner
Joël van der Loo
Matthew Cocke
Mark Brouwer
Deneb

Twitter: http://twitter.com/moulds
Instagram: https://www.instagram.com/stevemouldscience/
Facebook: https://www.facebook.com/stevemouldscience/
TikTok: https://www.tiktok.com/@stevemould
Buy nerdy maths things: http://mathsge"
Coding Adventure: Making a Better Chess Bot,"Trying to improve an old chess bot by experimenting with various interesting techniques.
You can play (or watch) the bot on lichess: https://lichess.org/@/CodingAdventureBot/playing
This is a sequel to: https://youtu.be/U4ogK0MIzqk

If you'd like to support my work (and get early access to new videos and projects) you can become a patron of the channel over here: https://www.patreon.com/SebastianLague

Source code: https://github.com/SebLague/Chess-Coding-Adventure

A really fun video about vari"
Million Dollar Antique Puzzle Desks From The 1800's,"Follow me on VERO: https://vero.co/chrisramsay
MY SHOP: https://www.1st.shop/
Cool Stuff Available here: https://bit.ly/3f8RDm0
Gaming Channel: https://www.youtube.com/chrisramsaytv
My Twitch Channel: https://www.twitch.tv/chrisramsay52
My Lighting setup: https://glnk.io/73j1x/chris-ramsayaputureaffiliate
____________________________________________________________
1000's of PUZZLES Available here: http://www.puzzlemaster.ca/?a=681162
The Split Flap: https://www.instagram.com/oatfoundrybuilds/
_"
[Unity] 2D Curve Editor (E03: closed path and auto-controls),"Source: https://github.com/SebLague/Curve-Editor

Support the creation of more gamedev tutorials:
https://www.patreon.com/SebastianLague
https://www.paypal.me/SebastianLague"
How They Work: Self-Driving Robot Lawn Mowers!,"This video is sponsored by Husqvarna. Learn more about Husqvarna chainsaws and tools at https://www.husqvarna.com/

While Adam was recently at Husqvarna’s Research and Development labs, he met Chris Price, the robotics engineer in charge of North American development for Husqvarna’s Automower robotic lawn mower. Chris gives us a look under the hood of an Automower to show how the technology for these machines has evolved in the nearly 30 years Husquvarna has been making them, and to share his st"
i played the exact same game 1 year later,"never give up
sign up for geoguessr: https://www.geoguessr.com/signup?p=rainbolt
patreon for more: https://www.patreon.com/professionalgeoguessr
edited by: rawcruz (linktr.ee/rawcruz)"
What is Interface?,"A YouTuber by the name of Umami has created a surreal and obscure webseries by the name of Interface. In this, we follow the adventures of Henryk and Mischief as they go about their lives in a world that isn't quite what it seems. Tonight, we're going to dive fully into this apocalyptic universe in order to figure out what exactly is going on.

🎡Visit Liminal Land: https://www.liminalland.net
📧Submit a mystery: NightmareExpo@gmail.com
📲Follow me: https://www.twitter.com/NexpoYT
🖤Support the chan"
12 hrs on Air France First Class - From Paris to Mexico City,"Head to https://squarespace.com/trektrendy to save 10% off your first purchase of a website or domain using code TREKTRENDY

Today I'm flying on one of the world's most exclusive First Class flights, Air France First Class, otherwise known as La Premiere! I'm going to be reviewing one of their longest routes, at 12.5 hours, so there will be ample time to experience the bed, fine dining and famed first class ground service. 

Air France La Premiere is notoriously hard to book economically, with p"
LEVY BEATS A GM!!!,"➡️ Get My Chess Courses:  https://www.chessly.com/
➡️ Get my best-selling chess book: https://geni.us/gothamchess

➡️ My book in the UK and Europe: https://bit.ly/3qFqSf7
➡️ Mein Buch auf Deutsch: https://bit.ly/45fKt3R
➡️ Mi libro en Español: https://bit.ly/3Y5xaRx

➡️ Start Playing Chess FOR FREE: http://bit.ly/3Xa3EsB

➡️ Enjoy my videos? Donate Here : https://www.paypal.me/gothamchess

Email me your games: gothamletters@gmail.com
Sponsors, Business, Media: gotham@night.co - [DO NOT SEND GAME"
Testing FLAMMABLE TikTok Life Hacks,"DONT TRY THIS AT HOME!!!
🌈 Buy The Clothes we're Wearing for 10% Off with code ""COLDONES"" : http://bit.ly/coldcool

SEND STUFF TO OUR PO BOX: ✉️📬
PO Box 5091
Glenferrie south
VIC 3122
Australia

🅿️ Pledge to our patreon for extended videos and deleted footage : https://www.patreon.com/coldones
_______________________________________________________________
SOCIAL MEDIA LINKS
Twitter⇨ https://twitter.com/ColdOnes​​
Reddit⇨ https://www.reddit.com/r/coldones​​
Discord⇨ https://discord.gg/nTHhPpc​​
"
Do You Like C or C++ More ? #programming #coding #lowcode,"Live on Twitch: https://twitch.tv/lowlevellearning

👨‍💻💬 Do you prefer C or C++? 🤔#C #programming #coding #developers #tech

🏫 COURSES 🏫 Check out my new courses at https://lowlevel.academy

🙌 SUPPORT THE CHANNEL 🙌 Become a Low Level Associate and support the channel at https://youtube.com/c/LowLevelLearning/join

Why Do Header Files Exist? https://youtu.be/tOQZlD-0Scc
How Does Return Work?  https://youtu.be/e46wHUjNDjE

🔥🔥🔥 SOCIALS 🔥🔥🔥
Low Level Merch!: https://lowlevel.store/
Follow me on Twit"
How I Developed The Perfect Chocolatey Red Velvet Cake | Bon Appétit,"Shilpa Uskokovic spent days in the Bon Appétit Test Kitchen making tray after tray of red velvet cake to develop her perfect recipe. Watch as she experiments with every variable to arrive at the ultimate red velvet—from the rich chocolatey taste to the fluffiest cream frosting—before publishing it for Bon Appétit.

Get the entire recipe, plus access to over 50,000 more from Bon Appetit and Epicurious: https://bit.ly/3uLqs8D

Director: Gunsel Pehlivan
Director of Photography: Jeremy Harris
"
How To Play Bass (according to wikiHow),"I (pro bassist) am gonna be reviewing some sus Bass guitar tutorials online. 
Will I learn something EPIC? Let's see..
SLAP LIKE

Patreon: https://www.patreon.com/davie504
TABS: https://paidtabs.com/u/Davie504
Subscribe for more videos: https://goo.gl/G9As1e
Reddit: https://www.reddit.com/r/Davie504/
Merch: https://represent.com/store/davie504-official-merch
Twitter: https://twitter.com/Davie504bass
Instagram: https://www.instagram.com/davie504/
Facebook: http://www.facebook.com/Davie504
Discord"
"Permission to ""huh"" sir #willneff #survivor #twitch","Follow me!
TWITCH → https://www.twitch.tv/willneff
TIKTOK → https://www.tiktok.com/@willyneff
TWITTER → https://twitter.com/TheWillNeff
INSTAGRAM → https://www.instagram.com/thewillneff/

Find my podcast here → @FearAndPodcast

Edited by:  https://twitter.com/jookien"
100+ Docker Concepts you Need to Know,"Learn everything you ever wanted to know about containerization is the ultimate Docker tutorial. Build Docker images, run containers, and scale your infrastructure in the cloud  with Docker 101. 

#computerscience #programming #101 

💬 Chat with Me on Discord

https://discord.gg/fireship

🔗 Resources

Download Docker Desktop: https://dockr.ly/4c9PYp9
Check out Docker Scout: https://dockr.ly/3Vd2U7H

Related Videos: 

Docker in 100 Seconds https://youtu.be/Gjnup-PuquQ
Computer Science 101 https:/"
INSIDE Royal Jordanian BUSINESS CLASS *Boeing 787 Dreamliner*,"Head to https://squarespace.com/trektrendy to save 10% off your first purchase of a website or domain using code TREKTRENDY

Join me today in Royal Jordanian’s Crown Business Class, onboard their flagship aircraft, the Boeing Dreamliner 787. I’ll be comprehensively reviewing what their premium cabin is like, their lounge offers & ground service… and importantly whether you should fly them? I’ll be starting my journey in Jordan’s capital Amman, at Queen Alia International Airport after transferri"
The Worst Day Of The Year,"Every May 22nd is ""Paper Mario Day"". My endless toil continues. 

WATCH LIVE ► https://www.twitch.tv/atrioc
TWITTER ►https://www.twitter.com/atrioc
DISCORD ►  https://discord.com/invite/Dar3UDx
REDDIT ► https://reddit.com/r/Atrioc/

Edited by Godzhilla || https://twitter.com/thegodzhilla

FULL VOD: https://www.youtube.com/watch?v=aUK9baXyf1M

#atrioc #stream #gaming"
The giant archive hidden under the British countryside,"Deepstore doesn't let many people film in their massive facilities. So when the team at Laura Ashley invited me down into the mine to look at their archives, I jumped at the chance. Thanks to Deepstore https://www.deepstore.com/ and Laura Ashley https://www.lauraashley.com/ !

Camera by Ryan Priestnall https://ryanpriestnall.com
Edited by Michelle Martin https://twitter.com/mrsmmartin

🟥 MORE FROM TOM: https://www.tomscott.com/
(you can find contact details and social links there too)

📰 WEEKLY "
Top Car Tools and Gadgets of 2023 (Christmas Gift Ideas),"ChrisFix Children’s Books: https://amzn.to/471bngK
ChrisFix Ratchet Set: https://amzn.to/474LxrY
1. 
ChrisFix Neck Lights: https://bit.ly/ChrisFixNeckLight
Stick Light w/ Wireless Charger: https://amzn.to/3GG5JpA

2. 
Wilton Hitch Vise: https://amzn.to/41p1Ui3
Cheap Hitch Vise: https://amzn.to/3RIXT3J
Overdrive Wrenches: https://low.es/3tfmF39

3.
FLIR One Edge: https://amzn.to/3GLe1wc
Long Wrench Extender: https://amzn.to/48iXMCy
Ratchet Wrench Extender: https://bit.ly/WrenchExtender

4.
Vacuum"
The World of Agave: From Mezcal to Tequila,"The mezcal boom has made sustainability a crucial part of Mexico’s recipe, and actor/entrepreneur Eva Longoria explains why business is a key ingredient. Sophia makes ceviche with tequila and we meet the man who’s dedicated his life to saving the animal behind agave - bats.

This episode of Counter Space was created in 2022. 

Subscribe to MUNCHIES here: http://bit.ly/Subscribe-to-MUNCHIES

Follow MUNCHIES here:
TikTok: https://www.tiktok.com/@munchies
Facebook: http://facebook.com/munchies
Inst"
Attempting to Solve the RUBIK'S CUBE (With NO Help),"Millions have tried and failed. Today I try to figure out and explain the elusive solution to the 3x3x3 Rubik's Cube.

My Main 3x3 Speedcube ► https://speedcubeshop.com/products/jperm-rs3-m-2020-3x3

SpeedCubeShop ► https://speedcubeshop.com
Using the code ""JPERM"" supports my channel and also gives you a discount on your order.

Beginner:
2x2 Tutorial ► https://youtu.be/GANnG5a19kg
3x3 Tutorial ► https://www.youtube.com/watch?v=7Ron6MN45LY
4x4 Tutorial ► https://www.youtube.com/watch?v=KWOZHbDdO"
"Furthest Away From Me Wins $10,000",
I had to kiss Toast’s feet #willneff #otv #disguisedtoast,
We Were Tricked into Eating This...,"48 HOURS LEFT TO GRAB LITTLE FELLA MERCH BEFORE IT'S GONE FOREVER 🔥 HTTP://SHIRTZ.COOL/FELLA

🌈 BUY WHAT WE'RE WEARING FOR 10% OFF 👉 https://bit.ly/codecoldones
🅿️ Pledge to our patreon for extended videos: https://www.patreon.com/coldones

SEND STUFF TO OUR PO BOX AND IT MIGHT BE FEATURED IN A VID: ✉️📬
PO Box 5091
Glenferrie south
VIC 3122
Australia
_______________________________________________________________
SOCIAL MEDIA LINKS
Twitter⇨ https://twitter.com/ColdOnes
Reddit⇨ https://www.reddit"
Dessert Pasta from Elf | Botched by Babish,"On this, a very special holiday retrospective, I'm attempting to make a palatable version of Buddy's breakfast-dessert-pasta from the seasonal American classic film (celebrating its 20th anniversary this year), Elf.

Order the new Basics with Babish Cookbook: https://www.bingingwithbabish.com/cookbook

Babish Cookware on Amazon: http://bit.ly/babishstore

My playlist of preferred cooking tunes, Bangers with Babish!
https://spoti.fi/2TYXmiY

BCU TikTok: https://bit.ly/2PLtohe
Binging With Babish "
The Worst Kept Secret,"Everyone knew it was coming.

The official announcement video: https://www.youtube.com/watch?v=04S-2N10mGo

Find me on:
Twitch | https://www.twitch.tv/willneff
Twitter | https://twitter.com/TheWillNeff
Discord | https://discord.gg/neff
Instagram | https://www.instagram.com/thewillneff

Channel edited and managed by https://twitter.com/NeauxArt
#willneff #stream #otk"
I Play the MANDOLIN For The First Time EVER,"I play the most iconic italian instrument: the mandolin

Subscribe for more videos: https://goo.gl/G9As1e
Reddit: https://www.reddit.com/r/Davie504/
Patreon: https://www.patreon.com/davie504
Merch: https://represent.com/store/davie504-official-merch
Twitter: https://twitter.com/Davie504bass
Instagram: https://www.instagram.com/davie504/
Facebook: http://www.facebook.com/Davie504
Discord: https://discord.gg/davie504

My NEW ALBUM! 
Spotify: https://open.spotify.com/album/5m7SFVMTfNvv7dyqfa00G3
iT"
"If I turn the yellow side, the video ends | Rubik's Cube","Too many times throughout history has the yellow side been turned. I am here to balance the universe.

Cube ► MoYu WeiLong WR M 2021 MagLev: https://speedcubeshop.com/products/moyu-weilong-wr-m-2021-3x3-maglev

SpeedCubeShop ► https://speedcubeshop.com
Using the code ""JPERM"" supports my channel and also gives you a discount on your order.

0:00 The challenge
0:58 Level 1
1:16 Level 2
2:01 Level 3 (very hard)
6:34 Level 4
9:56 Level 5 (should be hard, but I'm just too good)

Beginner:
2x2 Tutoria"
What If You’re in Space without a Spacesuit? #kurzgesagt #shorts,"How horrible of a scenario do you want to be? Being in Space without a spacesuit: yes. 🙂 #kurzgesagt #inanutshell #universe #space #learnwithyoutube #spacefacts #science #sciencefacts #weirdfacts #outerspace

Sources & further reading: 
https://sites.google.com/view/kgs-tiktok-sources

Follow us for more sciencey content! 🦆

OUR CHANNELS
▀▀▀▀▀▀▀▀▀▀▀▀▀▀▀▀▀▀▀▀▀▀▀▀▀▀
German:        https://kgs.link/youtubeDE
Spanish:        https://kgs.link/youtubeES
French:          https://kgs.link/youtubeFR
Port"
YouTube's Scariest Videos - Charity Challenge w/ Mista GG,"They are now running an early Black Friday Sale. Go to https://establishedtitles.com/WENDIGOON and get an additional 10% off on any purchase with code WENDIGOON. Thanks to Established Titles for sponsoring this video!


Mista GG’s video (with my way cooler videos): https://youtu.be/9wJI0JaFXps


My Links

Second channel/ Wendigang: https://www.youtube.com/channel/UCuX9...

Twitter: https://mobile.twitter.com/wendigoon8

Subreddit: https://www.reddit.com/r/wendigoon/

Email: Wendigoon@streamworks"
There Are Thousands of Alien Empires in The Milky Way,"Go to https://ground.news/nutshell to get 40% off unlimited access to Ground News so you can compare coverage and think critically about the news you read. 

Get a very special piece of kurzgesagt you can take home (and support our channel in the process!) directly from the kurzgesagt shop here: https://shop.kgs.link/shop-191

Sources & further reading:
https://sites.google.com/view/sources-alien-empire-ocean

We often assume that advanced technology will make it easy for aliens to colonize spac"
A Messy and Unhinged Introduction to Geoengineering,"Follow Miriam and Adam:
Miriam:  @zentouro 
Adam: @ClimateAdam 

Adam's video about my video: https://www.youtube.com/watch?v=71jlEyIc1Pk

And here's a Radiolab episode that I did with those good folks! 
https://www.youtube.com/watch?v=htuBkxUvLbE
https://radiolab.org/podcast/smog-cloud-silver-lining

And here's Today's Pizzamas Special!
https://pizzamas.com/products/it-is-false-to-suggest-bundle
  


----
Subscribe to our newsletter! http://eepurl.com/Bgi9b
And join the community at http://nerd"
The Worst Hot Takes in Tech,"You all should be sorry

Previous hot takes: https://youtu.be/JzpUfRv45yY?si=ybFyUEG0SgMD6-zj

Jimmy: @JxmyHighroller 

MKBHD Merch: http://shop.MKBHD.com
Tech I'm using right now:
https://www.amazon.com/shop/MKBHD
Intro Track:
Playlist of MKBHD Intro music: https://goo.gl/B3AWV5
X Provided by X for review.

~
http://twitter.com/MKBHD
http://instagram.com/MKBHD
http://facebook.com/MKBHD"
The Future of Fake Meat in China | Counter Space,"China is one of the world’s largest meat consumers, with items like pork found in almost every meal. But with sustainability on the minds of many, some are refining a centuries-old tradition of making fake meat from vegetables to try and sway people’s habits.

This episode of Counter Space aired in 2022. 

Subscribe to MUNCHIES here: http://bit.ly/Subscribe-to-MUNCHIES

Follow MUNCHIES here:
TikTok: https://www.tiktok.com/@munchies
Facebook: http://facebook.com/munchies
Instagram: http://instagr"
The Best Beats Ever?,"Best Beats ever, or too far?"
I Got A Nose Job,"Sorry for the influx of awesome vlog content. ""Exciting"" projects coming soon.

Mariachiando by Doug Maxwell and Jimmy Fontanez

Support us on Patreon: https://www.patreon.com/williamosman
Website: http://www.williamosman.com/
Facebook: https://www.facebook.com/williamosmanscience/
InstaHam: https://www.instagram.com/crabsandscience/
CameraManJohn: http://www.johnwillner.com/"
critically ranking every city i've been to,"dub 

edited by: rawcruz (linktr.ee/rawcruz)"
Rabbit R1: Barely Reviewable,"AI in a Box. But a different box.

Get a dbrand skin and screen protector at https://dbrand.com/rabbit

MKBHD Merch: http://shop.MKBHD.com

Tech I'm using right now: https://www.amazon.com/shop/MKBHD

Intro Track: http://youtube.com/20syl
Playlist of MKBHD Intro music: https://goo.gl/B3AWV5

R1 provided by Rabbit for review.

~
http://twitter.com/MKBHD
http://instagram.com/MKBHD
http://facebook.com/MKBHD

0:00 Intro
0:26 AI In A Box
3:40 It’s Also Bad
7:07 $200
9:56 Large Action Model
14:06 What"
Balatro: An Increasingly Illegal Game of Poker,"Welcome to Balatro, this is an illegal Poker roguelike. Your job is to break the rules as much as possible and win with a stacked deck

Watch more card games: https://www.youtube.com/watch?v=e4CtdaIEW0A

~This video was recorded live on my Twitch Channel: http://www.twitch.tv/rtgame
~Subscribe if you'd like to see more! https://www.youtube.com/@RTGame?sub_confirmation=1
~Become a Youtube Member to support me: https://www.youtube.com/channel/UCRC6cNamj9tYAO6h_RXd5xA/join

~Follow me on Twitter: h"
A.I. Deepfakes of Taylor Swift Are Illegal,"⚖️⚖️⚖️ Do you need a great lawyer?  I can help!  https://legaleagle.link/eagleteam 

Welcome back to LegalEagle.  The most avian legal analysis on the internets. 
🚀 Watch my next video early & ad-free on Nebula! https://legaleagle.link/watchnebula
👔 Suits by Indochino! https://legaleagle.link/indochino

GOT A VIDEO IDEA? TELL ME!
▀▀▀▀▀▀▀▀▀▀▀▀▀▀▀▀▀▀▀▀▀▀▀▀▀▀
Send me an email: devin@legaleagle.show

MY COURSES
▀▀▀▀▀▀▀▀▀▀▀▀▀▀▀▀▀▀▀▀▀▀▀▀▀▀
Interested in LAW SCHOOL?  Get my guide to law school! https:/"
Golf Tech is Hidden in Plain Sight!,"The dope tech hidden at a golf tournament is actually incredible.

MKBHD Merch: http://shop.MKBHD.com

Intro Track: http://youtube.com/20syl

Playlist of MKBHD Intro music: https://goo.gl/B3AWV5

~
http://twitter.com/MKBHD
http://instagram.com/MKBHD
http://facebook.com/MKBHD"
We Tested SHOCKING Tik Tok Gadgets,"🌈BUY THE SHIRTS WE'RE WEARING with code ""COLDONES""  👉🏻 https://bit.ly/coolshirtzz
🍑 DRINK GROG 👉 http://grog.shop
🥤 FOR 10% OFF YOUR GAMERSUPPS use code ""COLDONES"" 👉 https://bit.ly/coldonesGG


🅿️ Pledge to our patreon for extended videos: https://www.patreon.com/coldones

SEND STUFF TO OUR PO BOX AND IT MIGHT BE FEATURED IN A VID: ✉️📬
PO BOX 403
Abbotsford
VIC 3067
Australia
_______________________________________________________
SOCIAL MEDIA LINKS
Twitter ⇨ https://twitter.com/ColdOnes
Reddit "
CHESS CHAMPIONSHIP SUSPENDED!!!!!,"➡️ Get My Chess Courses:  https://www.chessly.com/
➡️ Get my best-selling chess book: https://geni.us/gothamchess

➡️ My book in the UK and Europe: https://bit.ly/3qFqSf7
➡️ Mein Buch auf Deutsch: https://bit.ly/45fKt3R
➡️ Mi libro en Español: https://bit.ly/3Y5xaRx

➡️ Start Playing Chess FOR FREE: http://bit.ly/3Xa3EsB

➡️ Enjoy my videos? Donate Here : https://www.paypal.me/gothamchess

Email me your games: gothamletters@gmail.com
Sponsors, Business, Media: gotham@night.co - [DO NOT SEND GAME"
Find All the Memory Leaks #programming #coding #lowcode,"Live on Twitch: https://twitch.tv/lowlevellearning

Valgrind will save you SO much time.📚🚀 #Cplusplus #CodingTips #OperatorOverloading #MatrixMultiplication #CodeTricks

🏫 COURSES 🏫 Check out my new courses at https://lowlevel.academy

🙌 SUPPORT THE CHANNEL 🙌 Become a Low Level Associate and support the channel at https://youtube.com/c/LowLevelLearning/join

Why Do Header Files Exist? https://youtu.be/tOQZlD-0Scc
How Does Return Work?  https://youtu.be/e46wHUjNDjE

🔥🔥🔥 SOCIALS 🔥🔥🔥
Low Level Merc"
The Legend of Treelander: The Most Insane Outer Wilds Longplay,"completely blind zero hint playthrough from a man who sees the world a bit *differently*

~CHAPTER MARKERS IN DESCRIPTION!~

WATCH LIVE ► https://www.twitch.tv/atrioc
TWITTER ►https://www.twitter.com/atrioc
DISCORD ►  https://discord.com/invite/Dar3UDx
REDDIT ► https://reddit.com/r/Atrioc/

Edited by EricThePooh | https://twitter.com/EricThePooh

FULL VODS: https://www.youtube.com/playlist?list=PLAinZcVGrCnGl6VeYeUPFdzF3Ktf5g7kD
#atrioc #stream #gaming 

_________________________________________"
Faster than a Tesla.. Formula E Racing,"check out Formula E -- http://bit.ly/CaseyNeistatFE
music by -- http://smarturl.it/venturamusix

thanklyou formula E for having me and giving me such a vip experience.  especially driving the safetycar which i had no business doing"
RPG graphics E05: Run animation [Blender],"In this episode we create a basic run and idle animation for the character.

See Brackeys' channel for the programming half of this series: https://www.youtube.com/user/Brackeys

Run animation reference sheet:
https://www.dropbox.com/s/mokhspbia1g6wn9/run%20ref.jpg?dl=0

Download end-of-video file here:
https://www.dropbox.com/s/9aginok90hk5wjc/Player%20run%20anim.zip?dl=1

Download start-of-video file here:
https://www.dropbox.com/s/pkm46h431r9akss/Player%20walk%20anim.zip?dl=1

RPG gameplay pr"
Shorts: Making instant ice,"If you feel I've earned it  you can support the channel here: https://www.patreon.com/mikeboyd
If you prefer, YouTube's ""Join"" feature, you can support here: https://www.youtube.com/channel/UCIRiWCPZoUyZDbydIqitHtQ/join
Want to give a one-off donation instead? https://www.buymeacoffee.com/mikeboyd
I am so grateful for any support you choose to give, financial or emotional! 🙏 With very pure water you can actually cool it below it's freezing point before smacking it to turn it into ice right befor"
pro geoguessr tournament but everyone sucks,"first ever group stage tourney! enjoy : )

live every week at 11 am pst on twitch.tv/rainbolt

edited by: rawcruz (linktr.ee/rawcruz)"
the best geoguessr moments of 2022,"thank you all for an amazing year. 

edited by: rawcruz (linktr.ee/rawcruz)"
Tinder Nightmares 4,"Go to our sponsor https://betterhelp.com/codyko for 10% off your first month of therapy with BetterHelp and get matched with a therapist who will listen and help. Thank you BetterHelp for sponsoring this video. BetterHelp is not a crisis line. If you or someone you know is in danger please consult these recourses for immediate help: https://www.betterhelp.com/gethelpnow/

Kelsey's channel: https://www.youtube.com/c/KelseyKreppel2

merch: http://ko-official.com

podcast: https://www.youtube.com/t"
the SURPRISE of her life!!!,"Go to https://NordVPN.com/casey and use code CASEY to get 68% off a 2 year plan plus 1 additional month free. It’s risk free with Nord’s 30 day money-back guarantee!

music by -- https://www.youtube.com/channel/UCs5ib8kDfUmFBrL1BiEivEA"
Top 10 Facts - Halo,"Twitter: http://lemmi.no/twitter
Facebook: http://lemmi.no/facebook


[Music]
Media Right Productions - The Poisoned Princess

Link:
https://www.youtube.com/audiolibrary/music


[References & Further Reading]
https://docs.google.com/spreadsheets/d/1uUFmXkfYhKiq46Hol5o_YoWrrGn2WmoaZAMS8XugkX4/pub?gid=1158009767


[Thumbnail]
http://lemmino.deviantart.com/art/Halo-510392566"
"guess the country right, win $50 (impossible edition)","ty to @RCgeo , @jakelyonsgeo , @Lennli , @KodiakGG , & @wolftrekker for taking the challenge! : D

edited by: rawcruz (linktr.ee/rawcruz)"
My BIGGEST PC BUILDING CHALLENGE…,"Check out Paperlike at: https://paperlike.com/linustech2405

Linus accidentally said he wanted to increase his screwdriver size….. Creator Warehouse took that as approval and rapid prototyped a 3X Screwdriver that not only works, but used Metal 3D printing to help complete some of the parts. Will Linus be able to finish this PC?

Buy a Gigabyte B650M AORUS ELITE AX Motherboard: https://geni.us/KGb8N2
Buy a Lian-Li DAN A3-MATX Case: https://lmg.gg/wPsBp
Buy a MSI Gaming GeForce RTX 4080 SUPER Gra"
INTEGRATION 01 - Making an RPG in Unity (E03),"In this episode we import the character model and set up its animations in Unity.

Brackeys' channel:
https://www.youtube.com/user/Brackeys

If you haven't been following the graphics playlist, you can download the player package here:
https://www.dropbox.com/s/ptqvz5jfrnrcx5p/Player.unitypackage?dl=1

Download end-of-episode Unity project:
https://www.dropbox.com/s/tik46wcrszkgbrr/RPG%20Graphics%20Integration%2001.zip?dl=1

Watch the previous gameplay programming episode here:
https://youtu.be/"
HOW Is This Keyboard SO CREAMY?! 🍦,Sponsored by @yunzii_keyboard - link in my bio! #keyboard #mechanicalkeyboard #customkeyboard #keyboardsounds #creamykeyboard
I Upgraded His Car While He Was On Vacation,"Try Pulseway FREE today, and make IT monitoring simple at: https://lmg.gg/LTT23

For the cost of a single monthly payment on a new 2024 Civic we upgraded Plouffe's 2004 Civic with a bunch of modern amenities.. plus special Linus surprise.

Thank you to RetrofitLab for supplying the Honda Civic 2001-2005 Bi-Xenon HID Light Upgrade Kit. Buy it here! https://lmg.gg/CyuAa

Discuss on the forum: https://linustechtips.com/topic/1569451-i-upgraded-his-car-while-he-was-on-vacation/

Buy a Biltek Power W"
"Buy Feastables, Win $10,000",
LUXURIOUS Lufthansa 747 FIRST CLASS *Incredible Experience!*,"I'm onboard Lufthansa’s incredible First Class for 12 hours! This is perhaps one of the most epic aviation experiences of my life, not only because of how inaccessible Lufthansa’s First Class is (with tickets costings upwards for $8000!) but being on board the 747, in the nose. Yes ladies and gentlemen, I’m going to be sitting in front of the pilots onboard this flight! 

Lufthansa is one of only three airlines operating the 747-8 commercially. And given the last year it’s increasingly hard to g"
"MASSIVE Reese's Puffs Cereal CHALLENGE (6,000+ Cals)","Go to https://buyraycon.com/stonie for 15% off your order!
Video Sponsored by: Raycon

Another cereal of the bucket list!! Reese's Puffs!
I knew going into it it'd be one of the more difficult cereal challenges due to how crunchy Reese's Puffs are, but what I didn't expect was the Chocolate & Peanut Butter flavor to be off the charts...

ENJOY!!!

NOTE: We had the whole are around where I was eating blocked off from the dogs until it was safe, so there was no chance of them gettin to a puff. Men"
Don’t wear a ski mask to a marathon… #willneff #fearand #hasanabi,
Your Favourite Food is at Risk of Extinction | Counter Space,"Researchers in the Netherlands are creating a better banana as Sophia makes chow chow on a bunless burger.  We meet the task force charged with intercepting smuggled food at JFK and a retired detective working to make sure that no apple goes extinct.

This episode of Counter Space was created in 2022. 

Subscribe to MUNCHIES here: http://bit.ly/Subscribe-to-MUNCHIES

Follow MUNCHIES here:
TikTok: https://www.tiktok.com/@munchies
Facebook: http://facebook.com/munchies
Instagram: http://instagram."
WINNING AGAIN!!!!!!!!!!!!!!!!!,"This is Road to GM Episode 11.
➡️ COMMUNITY CHALLENGE:  https://www.chessly.com/
➡️ JOIN THE ROAD TO GM: https://www.patreon.com/gothamchess

➡️ Get my best-selling chess book: https://geni.us/gothamchess

➡️ My book in the UK and Europe: https://bit.ly/3qFqSf7
➡️ Mein Buch auf Deutsch: https://bit.ly/45fKt3R
➡️ Mi libro en Español: https://bit.ly/3Y5xaRx

➡️ Start Playing Chess FOR FREE: http://bit.ly/3Xa3EsB

➡️ Enjoy my videos? Donate Here : https://www.paypal.me/gothamchess

Email me your ga"
MrBeast vs Electric Shock Jenga,
The Game too Scary for 3D - The Hidden Story of FAITH: The Unholy Trinity,"Click my link to get a 1-year supply of immune-supporting Vitamin D3K2 & 5 travel packs FREE with your first purchase! https://drinkag1.com/wendigoon


My Interview with the creator, Airdorf: https://youtu.be/D4j8DkdqgqM?si=0rwpV2yJIY1AYXva

PLAY FAITH ON STEAM: https://store.steampowered.com/app/1179080/FAITH_The_Unholy_Trinity/

First time playthrough of Faith: https://www.youtube.com/live/kGfHXrptcsw?si=S4utp498nkiAU-PQ

Subscribe to my friend, thanks for helping: https://youtube.com/@Interne"
We Tested Bootleg Drinking Games,"⚠️ GET THE LIMITED TIME TEE ⚠️ 
3 Days Only 👉 https://shirtz.cool/hammered
⏰ Gone Forever after 3 DAYS 

🌈BUY THE SHIRTS WE'RE WEARING with code ""COLDONES""  👉🏻 https://bit.ly/coolshirtzz
🥤 FOR 10% OFF YOUR GAMERSUPPS use code ""COLDONES"" 👉 https://bit.ly/coldonesGG

🅿️ Pledge to our patreon for extended videos: https://www.patreon.com/coldones

SEND STUFF TO OUR PO BOX AND IT MIGHT BE FEATURED IN A VID: ✉️📬
PO Box 5091
Glenferrie south
VIC 3122
Australia
__________________________________________"
real HTML programmers debug in 3D,"Learn how to use 3D view in the browser to debug HTML and CSS layout issues

#webdevelopment #javascript #shorts

💬 Chat with Me on Discord

https://discord.gg/fireship

🔥 Get More Content - Upgrade to PRO

Upgrade at https://fireship.io/pro
Use code YT25 for 25% off PRO access"
In case you’re having a bad day,You'll never be less valued than this...
"I streamed until I made 1,000 3 point shots. It was a mistake.","statistical breakdown by creed715:
https://public.tableau.com/shared/SW5XP8PR7?:display_count=n&:origin=viz_share_link

follow me on twitter ► https://www.twitter.com/ludwigahgren
follow me on tiktok ► https://www.tiktok.com/@ludwig
follow me on instagram ► https://www.instagram.com/ludwigahgren
join my subreddit ► https://old.reddit.com/r/LudwigAhgren/
join my discord ► https://discord.gg/ludwig
LINK TO EVERYTHING ► https://wlo.link/@ludwig

0:00 why im doing this
1:07 parallel universes
2:50 t"
Disturbing Things from Around the Internet [Vol. 9],"An abundance of creepy content exists on the darker side of the Internet. Tonight, join me as we dive into five more disturbing oddities that I’ve recently discovered.

🎡Visit Liminal Land: https://www.liminalland.net
📧Submit a Disturbing Thing: dtfaisubmissions@gmail.com
📲Follow me: https://www.twitter.com/NexpoYT
🖤Support the channel: https://www.patreon.com/Nexpo

--------------------------------------------------------------------------------------
#1: https://tinyurl.com/yyxuyxcp
#2: https:"
i need your help.,"i really don't know what else to do. thank you to everyone that attempts, i really think we can do this together.
full image here: https://drive.google.com/file/d/1ehXQ0tqI0dYKxxywxDc9boLiGSbDFCro/view?usp=sharing

edited by: rawcruz (linktr.ee/rawcruz)"
A Stupid Stupid Man Sells Sharks in Dave the Diver,"Dave has dived too deep, and the sharks now plot their revenge

Watch all my Dave the Diver videos: https://www.youtube.com/playlist?list=PLliBvQE3gg9eYfKQsA6udyHakjdb62qLH

~This video was recorded live on my Twitch Channel: http://www.twitch.tv/rtgame
~Subscribe if you'd like to see more! https://www.youtube.com/@RTGame?sub_confirmation=1
~Become a Youtube Member to support me: https://www.youtube.com/channel/UCRC6cNamj9tYAO6h_RXd5xA/join

~Follow me on Twitter: https://twitter.com/RTGameCrowd"
Can I beat Donkey Kong 2 if every death gets WAY more expensive?,"The hardest game on Super Nintendo, but it's VERY expensive.

Streaming live on Twitch! https://www.twitch.tv/dougdoug
Full stream recording: https://www.youtube.com/watch?v=ygOMkaoVxRo

My 2nd Channel: http://bit.ly/dougdoug2
Twitter: https://twitter.com/DougDougFood

Edited by CyVoltage! https://www.youtube.com/c/CyVoltage

More DugDug:
Latest Uploads: https://www.youtube.com/watch?v=rp4cH7mb4X4&list=PLzTxt5iYdhziB3Zf03HR_aZWgJ49ffj-d&index=2
Explained with Food: https://www.youtube.com/playli"
Guide to Making the Perfect BLT | Basics with Babish,"Pre-Order the Basics with Babish Cookbook Now! 
All sites are available here:
https://www.bingingwithbabish.com/cookbook

Amazon:
https://www.amazon.com/Basics-Babish-Guide-Making-Mistakes/dp/198216753X

Target:
https://www.target.com/p/basics-with-babish-by-andrew-rea-hardcover/-/A-88575549

Bookshop.org:
https://bookshop.org/p/books/basics-with-babish-recipes-for-screwing-up-trying-again-and-hitting-it-out-of-the-park-andrew-rea/19723975

Barnes & Noble:
https://www.barnesandnoble.com/w/basics"
A pretty way to add weighted dice,"A link to the full video is at the bottom of the screen.
Or, for reference: https://youtu.be/IaSGqQa5O-M
It describes convolutions in probability, extending to the continuous case

Editing from long-form to short by Dawid Kołodziej"
Making test tube liquid rockets,"So today I'll be making test tube liquid rockets. I first need a really strong oxidizer and I'm using pure nitric acid. Now all I need to do is all a fuel to it, and I'm using something called aniline. This mixture of aniline and nitric acid was used in some of the first rockets, but now there are more efficient combinations.

-------------------------------------------------------------------------------
Merch - https://nilered.tv/store
----------------------------------------------------------"
We Tried Bangkok’s Michelin-Rated Street Grilled Scallops | Street Eats | Bon Appétit,"In this edition of Street Eats, Bon Appétit joins chef Lucas Sin at Elvis Suki in Bangkok to try their Michelin-rated street food, from their signature sukiyaki to their famous chargrilled scallops.

Director: Joe Pickard
Director of Photography: Nic Ko
Editor: Jared Hutchinson
Host: Lucas Sin
Producer: Ali Inglese
Line Producer: Jen McGinity
Production Manager: Janine Dispensa
Production Coordinator: Elizabeth Hymes
Assistant Camera: Walter Lai
Audio Engineer: Jonathan Ho
Production"
The Family Recipe That Will Melt Your Face #hotgarlic,"Think you can handle your spice? You've not tried Mama Teav’s Hot Garlic – the family recipe that will melt your eyelids... #chillioil 

Subscribe to MUNCHIES here: http://bit.ly/Subscribe-to-MUNCHIES

Check out http://munchies.tv for more!

Follow MUNCHIES here:
TikTok: https://www.tiktok.com/@munchies
Facebook: http://facebook.com/munchies
Instagram: http://instagram.com/munchies
Twitter: http://twitter.com/munchies
Pinterest: https://www.pinterest.com/munchies"
This card trick happens FAST | Steven Bridges,"This card trick happens really fast!
PATREON: http://patreon.com/StevenBridges

SOCIALS: 
Instagram: http://instagram.com/StevenBridges
Twitter: http://twitter.com/StevenBridges
Facebook: http://fb.me/StevenBridges
Snapchat: StevenBridgesTV

Second Channel: http://youtube.com/stevenbridgestv2

FILMED BY RAY:
http://youtube.com/RayRobertsFilms

THANKS TO:
Felix Bodden - https://www.instagram.com/felixbodden

MAGIC:
Cards I use - http://geni.us/cards
Learn card magic - http://geni.us/cardmagicamaz"
EXCLUSIVE: Qatar Airways BRAND NEW Business Class Suites *First Review on YouTube*,"Take an exclusive first look at the never before seen Qatar Airways Suites onboard the 787-9. 

With the first flight just a matter of days ago, come take a first-to-YouTube look at Qatar's newest luxury offering. This is flown solely on their Boeing 787-9's but I hear there are plans to roll this out to the non QSuite A350's and 787-8s, but time will tell. 

As usual I'll provide a full walk through of the experience from the start in Madrid all the way over to Doha, Qatar. What the food servic"
Pt. 2 | If TikTok gets banned… 🕺🏻🪩,
Tweet or Drink ft. @Fitz & @SwaggerSouls | Cold Ones,"🧟DOWNLOAD STATE OF SURVIVAL ➤ https://patron.me/coldonesSoS & Don't forget to enter the SoS survival pack giveaway ➤ http://bit.ly/38zbEvh GOODLUCK!! 🍀
🌈 10% off the cloths we're wearing with the code 'COLDONES' @⇨ https://tinyurl.com/COLDONES
_______________________________________________________________
SOCIAL MEDIA LINKS
Twitter⇨ https://twitter.com/ColdOnes
Reddit⇨ https://www.reddit.com/r/coldones
Discord⇨ https://discord.gg/nTHhPpc
_________________________________________________________"
$50K GEOGUESSR WORLD CUP FINALS,"a recap of day 2 of the $50k geoguessr world cup. the top 8 players after day 1 playing for the win. with a live audience.

edited by: rawcruz (linktr.ee/rawcruz)"
How Difficult are the Devil Steps from Ninja Warrior?,"If you feel I've earned it  you can support the channel here: https://www.patreon.com/mikeboyd
If you prefer, YouTube's ""Join"" feature, you can support here: https://www.youtube.com/channel/UCIRiWCPZoUyZDbydIqitHtQ/join
Want to give a one-off donation instead? https://www.buymeacoffee.com/mikeboyd
I am so grateful for any support you choose to give, financial or emotional! 🙏 Go to https://curiositystream.com/learnquick and use the the promo code ‘learnquick’ and your membership is completely fre"
"These ""As Seen on TV"" Cooking Gadgets SUCK","We attempted cooking with some of the worst Infomercial products ever
🌈 BUY COOL SHIRTZ FOR 10% OFF WITH CODE ""COLDONES"": http://bit.ly/COOLNUTS 
🥚 GET THE LIMITED EDITION EGG FELLA PIN : HTTP://SHIRTZ.COOL/NUTS

🅿️ Pledge to our patreon for extended videos and deleted footage : https://www.patreon.com/coldones

SEND STUFF TO OUR PO BOX AND IT MIGHT BE FEATURED IN A VID: ✉️📬
PO Box 5091
Glenferrie south
VIC 3122
Australia
_______________________________________________________________
SOCIAL MED"
Adam Savage Examines the Costumes of The Expanse!,"Last year, Adam visited Propstore to check out costumes and props from The Expanse, but we were unable to share that experience due to the Hollywood strikes. But now, with Propstore's upcoming final online auction of over 300 items from the sci-fi series, we bring Adam's tour of Avasarala's incredible costumes from The Expanse out from our archives. 

Learn more about The Expanse: The Final Online Auction at https://www.propstore.com/expanse

Shot by Joey Fameli and edited by Norman Chan
Music b"
A Secret about Art,"In which John discusses making art and the response so far to the Turtles All the Way Down movie, which is streaming on Max now. Thanks to everyone who has brought their deepest selves to it.

----
Subscribe to our newsletter! https://werehere.beehiiv.com/subscribe
Learn more about our project to help Partners in Health radically reduce maternal mortality in Sierra Leone: https://www.pih.org/hankandjohn
If you're able to donate $2,000 or more to this effort, please join our matching fund: https:"
I tried the Retro keyboard 😳,#mechanicalkeyboard #keyboard #shorts
I moved house 200km away with my bee hives,"I moved house with my bees and will continue my beekeeping journey in the city of Bristol, England. Stay tuned for another year of beekeeping videos!
Check out my Instagram - https://www.instagram.com/alex_smith1809/
Support the Just Alex Channel on Patreon - https://www.patreon.com/justalexsmith
TikTok - https://www.tiktok.com/@justalexsmith
Business enquiries - alexfordhamsmith@gmail.com"
Why the government drops flies on California,"There's a good reason for it. ■ More about the program: https://www.cdfa.ca.gov/plant/PDEP/prpinfo/

Edited by Michelle Martin https://twitter.com/mrsmmartin

🟥 MORE FROM TOM: https://www.tomscott.com/
(you can find contact details and social links there too)

📰 WEEKLY NEWSLETTER with good stuff from the rest of the internet: https://www.tomscott.com/newsletter/
❓ LATERAL, free weekly podcast: https://lateralcast.com/ https://youtube.com/lateralcast/
➕ TOM SCOTT PLUS: https://youtube.com/tomscot"
"1 BASS, 10 Video Games, 30 Seconds",#shorts
How to grow mushrooms at home - Full process day 1 to 60,"I tried growing mushrooms at home and it actually worked!
Check out my Instagram - https://www.instagram.com/alex_smith1809/
Support the Just Alex Channel on Patreon - https://www.patreon.com/justalexsmith
TikTok - https://www.tiktok.com/@justalexsmith
Watch me live on Twitch - https://www.twitch.tv/justalexsmith
Business enquiries - alexfordhamsmith@gmail.com"
X-MAN TORNADO V2 M REVIEW | SpeedCubeShop.com,"Let's just call it X-Man Butter. A Tornado is not usually this quiet.

X-Man Tornado V2 M ► https://speedcubeshop.com/products/x-man-tornado-v2-magnetic-3x3

SpeedCubeShop ► https://speedcubeshop.com
Using the code ""JPERM"" supports my channel and also gives you a discount on your order.

Beginner:
2x2 Tutorial ► https://youtu.be/GANnG5a19kg
3x3 Tutorial ► https://www.youtube.com/watch?v=7Ron6MN45LY
4x4 Tutorial ► https://www.youtube.com/watch?v=KWOZHbDdOeo
5x5 Tutorial ► https://www.youtube.com/"
the saddest cringe :/,"Go to our sponsor https://betterhelp.com/codyko for 10% off your first month of therapy with BetterHelp and get matched with a therapist who will listen and help.

vlog: https://www.youtube.com/channel/UC1zrPxxLTkfQdbwdn6lJQ7w
podcast: https://www.youtube.com/tinymeatgang
2nd channel: https://www.youtube.com/channel/UCy06jHRS_82N2i5v1YL7glQ

instagram: http://instagram.com/codyko
twitter: http://twitter.com/codyko

business: mahzad.babayan@unitedtalent.com

edited by zade
twitter http://twitter."
iPhone 15 Pro: 3 Months Later!,"Long(er) term review with a plot twist

MKBHD Merch: http://shop.MKBHD.com

Apple iPhone 15 Pro at https://geni.us/FJ6qT6X

Tech I'm using right now: https://www.amazon.com/shop/MKBHD

Intro Track: Jordyn Edmonds http://smarturl.it/jordynedmonds 
Playlist of MKBHD Intro music: https://goo.gl/B3AWV5

~
http://twitter.com/MKBHD
http://instagram.com/MKBHD
http://facebook.com/MKBHD"
This town forgot to be a city,"Rochester, in the south-east of England, was a city for nearly 800 years. And then, in 1998, an administrative error took that city status away, likely forever. Here's the story.

Research and script assistance from Jess Jewell

REFERENCES:
BBC article: http://news.bbc.co.uk/1/hi/uk/england/1991827.stm
Kent Online article: https://www.kentonline.co.uk/medway/news/labour-lost-city-status-deliberately-say-tories-191729/
Minutes of the meeting: https://www.whatdotheyknow.com/request/minute_1197_pol"
I Filled Chandler’s Car With Feastables,
Binary counter,"The JK flip-flop can be used to count in binary!

Support me on Patreon: https://www.patreon.com/beneater

You can get all the components used in this video from any online electronic components distributor (Jameco, Digikey, Mouser, etc).

Complete parts list (everything in this video):
- 4x 74LS76 (Dual master-slave JK flip-flops)
- 4x LEDs
- 22 gauge wire
- 5 volt power source (e.g., a USB phone charger)
- Clock circuit from https://youtu.be/kRlSFm519Bo"
ALL WOOD BIKE - Will It Survive?,"Thank you to everyone who supports us on Patreon: https://www.patreon.com/williamosman
Morgan's channel: https://www.youtube.com/watch?v=_1w2aASUpWQ

Blog: http://www.williamosman.com/
InstaHam: https://www.instagram.com/crabsandscience/
Twitter: https://twitter.com/CrabsAndScience
Facebook: https://www.facebook.com/williamosmanscience/
CameraManJohn: http://www.johnwillner.com/"
Make Chicken Milanese With Your Leftovers | What the Fridge?,"This time on What The Fridge: Chicken milanese with Bisquick breading, brought to you straight from our bountiful stash of leftovers.

For recipes and more, visit https://www.Babi.sh

Order the new Basics with Babish Cookbook on Amazon: https://www.amazon.com/Basics-Babish-Guide-Making-Mistakes/dp/198216753X

Babish Cookware on Amazon: http://bit.ly/babishstore

My playlist of preferred cooking tunes, Bangers with Babish!
https://spoti.fi/2TYXmiY

BCU TikTok: https://bit.ly/2PLtohe
Binging With "
Tails OS in 100 Seconds,"Learn how to turn your computer into a private and secure machine with Tails OS. It is a USB-based operating system based on Debian Linux that only allows traffic via the Tor network. 

#linux #hacker #100secondsofcode 

💬 Chat with Me on Discord

https://discord.gg/fireship

🔗 Resources

Tails OS https://tails.net
Linux in 100 Seconds https://youtu.be/rrB13utjYV4
History of Linux https://youtu.be/ShcR4Zfc6Dw

🔥 Get More Content - Upgrade to PRO

Upgrade at https://fireship.io/pro
Use code YT25 "
Public shaming at a Sharks game,
Why Don't More Smartphones Have This?,"The ultimate anti-reflective matte display... has a catch

MKBHD Merch: http://shop.MKBHD.com

TCL 40 NXTPAPER: https://www.tcl.com/global/en/mobile/tcl-40-nxtpaper

Tech I'm using right now: https://www.amazon.com/shop/MKBHD

Playlist of MKBHD Intro music: https://goo.gl/B3AWV5

Phone provided by TCL for review.

~
http://twitter.com/MKBHD
http://instagram.com/MKBHD
http://facebook.com/MKBHD"
Milf Manor: The Final Chapter,"Go to https://expressvpn.com/CODYKO to get 3 extra months of ExpressVPN FREE!



merch: ko-official.com
podcast: https://www.youtube.com/tinymeatgang
2nd channel: https://www.youtube.com/channel/UCy06jHRS_82N2i5v1YL7glQ
new song: https://song.link/us/i/1533963500


instagram: http://instagram.com/codyko
twitter: http://twitter.com/codyko

business: mahzad.babayan@unitedtalent.com

edited by: https://www.youtube.com/goofyjuice"
geoguessr put me in the game,"avatar = rainbolt condo fund

https://www.geoguessr.com/shop/creator

edited by: rawcruz (linktr.ee/rawcruz)"
Deadlift progress over 7 weeks  #deadlift #gym,Deadlift progression from 100kg to 140kg over 7 weeks.
RENT and the Failure of Visual Storytelling,"Written and performed by Dan Olson

Twitter: @FoldableHuman - https://twitter.com/FoldableHuman"
How to Prepare Sushi Like a Master,"Forget about fish, rice is what makes the best sushi!

Learn the secrets of preparing and eating sushi, from the sushi master, Naomichi Yasuda.

#sushi #japan #chef

Subscribe to MUNCHIES here: http://bit.ly/Subscribe-to-MUNCHIES

Follow MUNCHIES here:
TikTok: https://www.tiktok.com/@munchies
Facebook: http://facebook.com/munchies
Instagram: http://instagram.com/munchies
Twitter: http://twitter.com/munchies
Threads: https://www.threads.net/@munchies

More videos from the VICE network: https://ww"
I Became a Green Screen Movie Actor: The Sequel,"Stand aside Hollywood, the new wave of RT Cinema is here. Let's watch even more movies you guys made of me.

Watch the Full Second Green Screen Movie Night here: https://www.youtube.com/watch?v=SQrYKS3orWg
Watch the first Green Screen Movie Night highlights here: https://www.youtube.com/watch?v=MKx1oD3rFxQ
The original Green Screen footage: https://www.youtube.com/watch?v=Zg6I1z3-5Sw

An unlisted playlist of every video watched during this movie night! If anyone who submitted a clip would like t"
slapping it,#shorts
I did not realize the Mastermorphix could morph,"Nothing unites a comment section quite like a Youtuber being wrong.

My Main Cube ► JPerm RS3 M 2020: https://speedcubeshop.com/products/jperm-rs3-m-2020-3x3
Mastermorphix: https://speedcubeshop.com/products/mofang-jiaoshi-mastermorphix
Pyramorphix: https://speedcubeshop.com/products/qiyi-pillowed-pyramorphix

SpeedCubeShop ► https://speedcubeshop.com
Using the code ""JPERM"" supports my channel and also gives you a discount on your order.

Beginner:
2x2 Tutorial ► https://youtu.be/GANnG5a19kg
3x3"
RPG graphics E02: Character rig [Blender],"In this episode we create a rig for the character. In the following episode the mesh deformations will be improved using weight painting.

See Brackeys' channel for the programming half of this series: https://www.youtube.com/user/Brackeys

Download the starting model here:
https://www.dropbox.com/s/828rpnxs0oc0u70/Player%20model.zip?dl=1

Download rigged character here:
https://www.dropbox.com/s/rida4ptr3k1ptvt/Player%20rig.blend.zip?dl=1

RPG gameplay programming playlist:
https://www.youtube."
72hrs on World’s Most Luxurious River Cruise,"Skip the waitlist and invest in blue-chip art for the very first time by signing up for Masterworks: https://www.masterworks.art/trektrendy
Purchase shares in great masterpieces from artists like Pablo Picasso, Banksy, Andy Warhol, and more. 
See important Masterworks disclosures: https://www.masterworks.com/cd

Today I’m taking the world’s most luxurious river cruise for 72 hours from Budapest to Vienna. This is the Riverside Mozart and I’ll show you exactly what it’s like onboard. From the san"
Let's Actually Play Minecraft Again: The Deep Dark World,"It's time to discover Everything New in Minecraft. It's my first time seeing The Deep Dark of Minecraft, and many updates I've never played before. Let's Play Minecraft again

Watch my entire Minecraft Let's Play series in order here: https://www.youtube.com/playlist?list=PLliBvQE3gg9d3YWgJ11i7FDpWOT9lcPs5

Thank you everyone for the support on this series and the excitement for future Minecraft videos. It's been so much fun to stream this on Twitch recently, and I'm looking forward to playing m"
DIY Carbon Fiber Steering Wheel Install,"Learn how to install a carbon fiber steering wheel that keeps the stock airbag. This was done on a C5 Corvette but you can do this on any vehcile! This is a safe alternative to an aftermarket quick release steering wheel that has no airbag just in case you drive the car on the street.

Extendable Ratchet Set: https://amzn.to/3Qg5mEK
Puller Set: https://amzn.to/3QgZWJA"
Making throwing stars out of metal cans,
1 Year Japan Review (0 - 10) 👏👏,"Shop my OFFICIAL merch collection: https://bit.ly/pdpstore

#Partner #AD: Amaze"
I Tried Beating the Hardest Pokemon Game. It took a while...,"follow me on twitter ► https://www.twitter.com/ludwigahgren
follow me on tiktok ► https://www.tiktok.com/@ludwig
follow me on instagram ► https://www.instagram.com/ludwigahgren
join my subreddit ► https://old.reddit.com/r/LudwigAhgren/
join my discord ► https://discord.gg/ludwig
LINK TO EVERYTHING ► https://wlo.link/@ludwig


edited by: https://twitter.com/PortSDG

#ludwig"
pro geoguessr tournament on world's most bait map,"first tournament in germany! slightly scuffed but hope u enjoy! 4v4 NMPZ on custom map made for tournament...

patreon for more: https://www.patreon.com/professionalgeoguessr
edited by: rawcruz (linktr.ee/rawcruz)"
How We End TB,"In which John discusses how we ended tuberculosis once and can end it again. Join the free TB Fighters newsletter: https://tbfighters.org/newsletter
Dr. Salmaan Keshavjee's TED Talk on the S-T-P strategy for ending TB: https://www.youtube.com/watch?v=j5zcjR_x2BM

Sources:
Of the 10 million people who get sick with tuberculosis every year, four million go undiagnosed: https://www.stoptb.org/global-drug-resistant-tb-initiative/missing-tb-millions

Every year an infection goes undiagnosed and untre"
Adam Savage's New Knockout Punches,"Enjoy this excursion into the wide range of hole-making tools that Adam has in his workshop. From the trusty unibit to hole saw kits, Adam gives a quick primer on how he chooses what tools to use for cutting holes in a variety of materials. And thanks to viewer Dan, Adam can now add a set of beautiful knockout punches to his hole-making repertoire!

Greenlee knockout punches: https://amzn.to/3PHhm4g
Milwaukee Hole Saw Kit: https://amzn.to/4cDwaLe
Irwin Unibit: https://amzn.to/3U0dlKM
Disclaimer:"
How languages steal words from each other,"This is the only pirate reference you're getting from me. • 
Written with Molly Ruhl and Gretchen McCulloch. Gretchen's podcast has an episode all about this: https://lingthusiasm.com/post/684727483493384192/episode-68-tea-and-skyscrapers-when-words-get • 
More Language Files: https://www.youtube.com/playlist?list=PL96C35uN7xGLDEnHuhD7CTZES3KXFnwm0

Gretchen's book BECAUSE INTERNET, all about the evolution of internet language, is available:
🇺🇸 US: https://amzn.to/30tLpjT
🇨🇦 CA: https://amzn.to/"
i got married,"I got married!


Subscribe for more videos: https://goo.gl/G9As1e
Reddit: https://www.reddit.com/r/Davie504/
Patreon: https://www.patreon.com/davie504
Merch: https://represent.com/store/davie504-official-merch
Twitter: https://twitter.com/Davie504bass
Instagram: https://www.instagram.com/davie504/
Facebook: http://www.facebook.com/Davie504
Discord: https://discord.gg/davie504

My NEW ALBUM! 
Spotify: https://open.spotify.com/album/5m7SFVMTfNvv7dyqfa00G3
iTunes: http://itunes.apple.com/album/id11"
Why the US Army electrifies this water,"The Chicago and Sanitary Ship Canal is the path that invasive carp would take to reach the Great Lakes. So to stop them, the US Army Corps of Engineers has installed an electric barrier. Although for obvious reasons, I didn't get to see it close up. [The interviewee is project manager Jeff Zuercher, whose name caption got missed out! Apologies, Jeff.]

Sources, apart from the interview and the team I talked to:
https://www.npr.org/templates/story/story.php?storyId=130400272
https://www.npr.org/2"
how to find a street in 2 minutes,"learning is fun

edited by: rawcruz (linktr.ee/rawcruz)"
Solo Car Camping in the Forest in My Tiny Car Conversion,"I head to the beautiful forest to test out my simple car camping conversion. 
Check out my Instagram - https://www.instagram.com/alex_smith1809/
Support the channel on Patreon - https://www.patreon.com/justalexsmith
Business enquiries - alexfordhamsmith@gmail.com"
Nothing Phone 2A Review: Flashy Good Deal!,"Nothing Phone 2a is an impressive and smooth phone for $350!

Get a dbrand something skin at https://dbrand.com/buy/something

Nothing Phone 2A: https://geni.us/BEGmpv

MKBHD Merch: http://shop.MKBHD.com

Tech I'm using right now: https://www.amazon.com/shop/MKBHD

Intro Track: Logic https://logic.lnk.to/Fear
Playlist of MKBHD Intro music: https://goo.gl/B3AWV5

Phone provided by Nothing for review.

~
http://twitter.com/MKBHD
http://instagram.com/MKBHD
http://facebook.com/MKBHD"
12hrs on Alaska Luxury Train - Anchorage to Fairbanks,"Head to https://squarespace.com/trektrendy to save 10% off your first purchase of a website or domain using code TREKTRENDY

Today I’m taking the Alaska Railroad flagship Denali Star train across the state in First Class from Anchorage to Fairbanks. The trip will take around 12 hours, and travel along one of the world’s most beautiful railroads. Join me as I show you around the Goldstar carriage, with glassed domed roof, comfy recliner seats, restaurant and my personal favourite… the outdoor vie"
Creepy Mechanical Claws,"MY SHOP: https://www.1st.shop/

***MY OTHER CHANNELS***
AREA52: @area52investigations
My Podcast: @bottomofthebarrel
Gaming Channel: @chrisramsaytv
My Twitch Channel: https://www.twitch.tv/chrisramsay52
____________________________________________________________
Thanks to Apurture for the lighting:
https://glnk.io/73j1x/chris-ramsayaputureaffiliate
____________________________________________________________
Cool Stuff Available here: https://bit.ly/3f8RDm0
1000's of PUZZLES Available here: htt"
The Mandela Catalogue's Conquest of Fear,"Go to https://buyraycon.com/wendigoon to get 15% off your Raycon purchase!
Thank you to Raycon for sponsoring today’s video!


This is a reupload of the original video which was age restricted. I am attempting to follow YouTube's policies regarding certain subject matter. While I hate taking down a video just to censor it and throw it back up, it seems to be the only option that maintains any long-term success. Sorry for the inconvenience and thank you all for watching!

The original Mandela Cat"
I Rented A Helicopter To Settle A Physics Debate,"The story of a controversial physics question on the qualifying exam for the 2014 US Physics Olympiad team. How does a uniform cable beneath a helicopter hang? Visit https://SimpliSafe.com/veritasium to learn more and to get at least 30% off your SimpliSafe security system! Thanks to SimpliSafe for sponsoring a portion of this video.

Thanks to Scott Smith and the Perris Valley Airport for hosting us. You can follow their social media @skydive_perris and learn more about them at https://skydivep"
The King of Falafel,"After being dissatisfied with the falafel and shawarma offerings in New York, Freddy Zeideia took matters into his own hands in 2002 by starting King of Falafel & Shawarma. Since then, his enterprise has grown, with a truck in Astoria, a cart in Midtown, and a restaurant in Queens.

#newyork #shwarma #food

Subscribe to MUNCHIES here: http://bit.ly/Subscribe-to-MUNCHIES

Follow MUNCHIES here:
TikTok: https://www.tiktok.com/@munchies
Facebook: http://facebook.com/munchies
Instagram: http://instag"
RPG graphics E10: Attack Animations [Blender],"In this episode we create several combat animations.

Starting blend file:
https://www.dropbox.com/s/wv5gumf8aq09p93/E09%20sword%20and%20shield.blend.zip?dl=1

End of episode file:
https://www.dropbox.com/s/zd9p4uigpeg9yjh/E10%20attack%20anims.zip?dl=1

See Brackeys' channel for the programming half of this series: https://www.youtube.com/user/Brackeys

RPG gameplay programming playlist:
https://www.youtube.com/playlist?list=PLPV2KyIb3jR4KLGCCAciWQ5qHudKtYeP7

Support the creation of more gamede"
Extreme Home Makeover!,
How to Rebuild the Entire Front Suspension in your Car or Truck,"Learn how to replace the ENTIRE front suspension of your car in this two episode series. First I will show you how to remove the wheel bearing, ball joints, control arms, tie rod, strut, and axle.

The ball joint and wheel bearing has to be pressed out of the knuckle and I have a bunch of tips and tricks to make that easy. The upper control arm ball joint and tie rod can get stuck in the knuckle so I show some tricks on how to easily remove that. The rest of the suspension parts are pretty simpl"
Two Reasons Why This Eclipse is So Dangerous,"The Turtles All the Way Down Trailer is OUT! https://www.youtube.com/watch?v=9XBFNmV0Bzc

Subscribe to the newsletter! https://werehere.beehiiv.com/subscribe

More Eclipse Questions Answered: https://www.youtube.com/watch?v=jkDjx9OwY2Y

----
Subscribe to our newsletter! https://werehere.beehiiv.com/subscribe
Learn more about our project to help Partners in Health radically reduce maternal mortality in Sierra Leone: https://www.pih.org/hankandjohn
If you're able to donate $2,000 or more to this e"
Watch these chemicals react in mid-air!,"It's pretty common for things to react as liquids and solids, but they can also react as gases. To show this I just have to do something that I always find fun.

-------------------------------------------------------------------------------
Merch - https://nilered.tv/store
-------------------------------------------------------------------------------

■ NileRed is now available on Nebula!  https://go.nebula.tv/nilered
(when signing up with this link, a portion of your membership directly suppo"
Fixing A Boat With Instant Noodles!,"For some reason everyone is fixing things with instant noodles and by everyone i mean that one  random dude on the internet. So i decided to test whether that man is wack or not by fixing a boat. Actually either way he is wack. 

Second channel: https://www.youtube.com/channel/UCpeliX_ewtnn6f467wyM0YA
Patreon: https://www.patreon.com/user?u=13180179
Twitter: https://twitter.com/ididathing1
Discord: https://discord.gg/FMAgmBk
Electro swing song: https://www.youtube.com/watch?v=8Gz-9QICa38"
100+lbs Wumpa Fruit Eat-Off! (ft. Crash Bandicoot),"Crash 4 ""It's About Time"" Out NOW! - https://www.crashbandicoot.com/
Video Sponsored by Crash Bandicoot

Welcome to the first ever Wumpa Fruit Eating Championship!!!!
I challenged Crash Bandicoot to see who's the king of eating Wumpa Fruit! Who will be crowned the winner??

ENJOY!!!

---Try Stonie Bowls!---

Website - https://www.stoniebowls.com/
INSTAGRAM - https://www.instagram.com/stoniebowls/

---Socials & Stuff----
FACEBOOK  - https://www.facebook.com/mattmegatoad
INSTAGRAM - https://www.in"
We Might Be Cooked.,"THE TWO GREATEST CANDIDATES AMERICA COULD POSSIBLY PRODUCE

https://www.youtube.com/watch?v=eixQIBeyob4 the key and peele sketch he referenced

WATCH LIVE ► https://www.twitch.tv/atrioc
TWITTER ►https://www.twitter.com/atrioc
DISCORD ►  https://discord.com/invite/Dar3UDx
REDDIT ► https://reddit.com/r/Atrioc/

Edited by QuacK | https://twitter.com/QuacK_001

FULL VOD: https://www.twitch.tv/videos/2183344156?filter=archives&sort=time

0:00 Intro
0:40 Joe Biden needs a cough drop
2:15 10% Tarif
2:5"
I streamed until I beat Elden Ring (AGAIN) it was a mistake.,"follow me on twitter ► https://www.twitter.com/ludwigahgren
follow me on tiktok ► https://www.tiktok.com/@ludwig
follow me on instagram ► https://www.instagram.com/ludwigahgren
join my subreddit ► https://old.reddit.com/r/LudwigAhgren/
join my discord ► https://discord.gg/ludwig
LINK TO EVERYTHING ► https://wlo.link/@ludwig


edited by: https://twitter.com/shakedrizzle

#ludwig #eldenring"
My first experience with Anime #willneff #hasanabi #anime,"Follow me!
TWITCH → https://www.twitch.tv/willneff
TIKTOK → https://www.tiktok.com/@willyneff
TWITTER → https://twitter.com/TheWillNeff
INSTAGRAM → https://www.instagram.com/thewillneff/

Find my podcast here → @FearAndPodcast

Edited by:  https://twitter.com/jookien

#fearand #tectone #steakandeggs"
how i found the 'so no head' vine road in 15 minutes,"lmk if u guys like breakdowns like this! will def do more in the future if people enjoy it : ) 

edited by: rawcruz (linktr.ee/rawcruz)"
Top 10 Facts - Assassin's Creed,"Twitter: http://lemmi.no/twitter
Facebook: http://lemmi.no/facebook


[Music]
Silent Partner - Lunar Landing

Link:
https://www.youtube.com/audiolibrary/music


[References & Further Reading]
https://docs.google.com/spreadsheets/d/1uUFmXkfYhKiq46Hol5o_YoWrrGn2WmoaZAMS8XugkX4/pub?gid=426591647


[Thumbnail]
http://lemmino.deviantart.com/art/Assassin-s-Creed-494635479"
Pascal in 100 Seconds,"Learn the basics of the Pascal in this quick tutorial. Find out why Turbo Pascal was one of the world's most popular programming languages. In memory of Pascal creator Niklaus Wirth, who passed away on Jan 1st, 2024

#programming #history #100secondsofcode 

💬 Chat with Me on Discord

https://discord.gg/fireship

🔗 Resources

Free Pascal Complier https://www.freepascal.org/
C in 100 Seconds https://youtu.be/U3aXWizDbQ4
Fortran in 100 Seconds  https://youtu.be/NMWzgy8FsKs

🔥 Get More Content - Up"
Someone Stole My Car and I Commentated a WILD MMA Event,"I commentated an MMA event and had my car stolen on the same weekend.

Find me on:
Twitch | https://www.twitch.tv/willneff
Twitter | https://twitter.com/TheWillNeff
Discord | https://discord.gg/neff
Instagram | https://www.instagram.com/thewillneff

Channel edited and managed by https://twitter.com/NeauxArt
#willneff #stream  #twitch"
2021 Summer of Math Exposition results,"Take a look at the full playlist (really): https://www.youtube.com/watch?v=fJWnA4j0_ho&list=PLnQX-jgAF5pTkwtUuVpqS5tuWmJ-6ZM-Z
Blog post with more details: https://3b1b.co/some1-results
Thanks, as always, to the supporters of this channel for helping to make this whole project possible: http://3b1b.co/thanks

------------------

Typo at 2:00, it should read ""Burkard Polster""

Videos and posts mentioned in this video.

That weird light at the bottom of a mug — ENVELOPES
https://youtu.be/fJWnA4j0_"
She Regrets Inviting Me to Boxing ft. Cinna,"Cinna wanted to get punched...

Cinna: https://www.twitch.tv/cinna
Minju: https://minjushin.com/

Find me on:
Twitch | https://www.twitch.tv/willneff
Twitter | https://twitter.com/TheWillNeff
Discord | https://discord.gg/neff
Instagram | https://www.instagram.com/thewillneff

Channel edited and managed by https://twitter.com/NeauxArt
#willneff #stream  #twitch"
Playing the WORST Drinking Games with The Boys,"🔥 Our Hoodie is Now SOLD OUT 🔥 But you can still Get 10% OFF COOL SHIRTZ with code ""COLDONES""  👉🏻 https://bit.ly/coolshirtzz
🥤 FOR 10% OFF YOUR GAMERSUPPS use code ""COLDONES"" 👉 https://bit.ly/coldonesGG
🅿️ Pledge to our patreon for extended videos: https://www.patreon.com/coldones

Watch The Video on @yeptheboys  Channel 👉 https://www.youtube.com/watch?v=1oV0gsDoHJs

SEND STUFF TO OUR PO BOX AND IT MIGHT BE FEATURED IN A VID: ✉️📬
PO Box 5091
Glenferrie south
VIC 3122
Australia
__________________"
Life Lessons from my 46 Year Old Wife,"If you’re struggling, consider therapy with our sponsor BetterHelp. Click
https://betterhelp.com/neistat for a 10% discount on your first month of therapy with a licensed professional specific to your needs.

music by the very talented https://soundcloud.com/ketxl"
Android 15 Hands-On: Top 5 Features!,"Android 15 features are more subtle and hidden than ever. These are the best ones

MKBHD Merch: http://shop.MKBHD.com

Tech I'm using right now: https://www.amazon.com/shop/MKBHD

Intro Track: http://youtube.com/20syl
Playlist of MKBHD Intro music: https://goo.gl/B3AWV5

~
http://twitter.com/MKBHD
http://instagram.com/MKBHD
http://facebook.com/MKBHD"
Food Crimes - 1958 Cheese Snowman,"Source: Good Housekeeping ""Ten PM Cookbook"" - 1958"
So I Confronted the Scammer Impersonating Me & THIS Happened,"I exposed the scammers who are pretending to be me all over the internet...

Live music battle tickets: https://twosetvsdavie.com/

Subscribe for more videos: https://goo.gl/G9As1e
Reddit: https://www.reddit.com/r/Davie504/
Patreon: https://www.patreon.com/davie504
Merch: https://represent.com/store/davie504-official-merch
Twitter: https://twitter.com/Davie504bass
Instagram: https://www.instagram.com/davie504/
Facebook: http://www.facebook.com/Davie504
Discord: https://discord.gg/davie504

My NE"
How Adam Savage's Workshop is Lit for Filming Builds!,"After over 10 years of filming in Adam's workshop without a dedicated lighting installation, Adam and Joey install a new purpose-built lighting grid high up above the work areas of the cave. Joey gives a tour of the new lights and how we can remotely adjust each to the needs of each video shoot!

Thanks to Aputure for providing the new lights for Adam's workshop! The lights we used are as follows:
Amaran F22c: https://amzn.to/4c3KZWD
Amaran T2c: https://amzn.to/3xogETJ
Amaran T4c: https://amzn.t"
24hrs in Qantas First Class Suites | Australia to England,"Download Opera for free: https://opr.as/Opera-Browser-Trektrendy

Today I’m flying for 24 hours in Qantas First Class Suites from Sydney, Australia all the way to London, England. Classed as the worlds longest direct flight, flying over three continents! This is among one of the most iconic flights you can take, and one that’s taken many years to get to its current timing. Back 80 years ago when QF1 began,  this would have taken nearly 100 hours with 6 stops. As always I’ll show you exactly what"
These Coffee Keycaps are AMAZING 😍,"🤩 I designed them, get them @Kinetic Labs #coffee #coffeetok #keycaps #customkeyboard #keyboard"
I learn to escape from a straightjacket! | Steven Bridges,"Use my link to get two months skillshare premium free! https://skl.sh/stevenbridges

FREE Magician Advice Videos - https://magicmastery.cc/free

PATREON: http://patreon.com/StevenBridges
Instagram/Twitter/Facebook: @StevenBridges

Thanks to @RossMagician, @ChrisThomasCircus, @AndrewDuncanMusic @MattAmys and @PhoebeBSpencer

LEARN TO BUSK:
http://www.stevenbridges.co.uk/busking

PATREON SUPPORTERS THAT MADE 'I LEARN TO ESCAPE FROM A STRAIGHTJACKET VIDEO POSSIBLE:
Bradley Hadana
Peter Bracken

MUS"
We Tried DRUNK Drawing with Egoraptor,"⚠️ (AUS) Limited Grog Restock Going Fast 👉 http://grog.shop/shop
🥤 (USA) FREE SAMPLES + 10% OFF GAMER SUPPS 👉 http://gamersupps.gg/coldones
🌈BUY THE SHIRTS WE'RE WEARING with code ""COLDONES""  👉🏻 https://bit.ly/coolshirtzz

🅿️ Pledge to our patreon for extended videos: https://www.patreon.com/coldones

SEND STUFF TO OUR PO BOX AND IT MIGHT BE FEATURED IN A VID: ✉️📬
PO BOX 403
Abbotsford
VIC 3067
Australia
_______________________________________________________
SOCIAL MEDIA LINKS
Twitter ⇨ https:/"
Unhinged ransomware attack targets hospitals,"A ransomware attack recently targeted hospitals in London.  Let's take a look at the impact of this cyberattack and the potential hackers involved. 

⚡Check out https://daily.dev/fireship to keep on on latest developer news!
https://daily.dev/w/fireship

#programming #hack #thecodereport 

💬 Chat with Me on Discord

https://discord.gg/fireship

🔗 Resources

London Hospital Cyber Attack https://www.bbc.com/news/articles/c288n8rkpvno
.xz hack https://youtu.be/bS9em7Bg0iU
How cryptography works htt"
"UNPAID INTERN EPISODE 3 ft. Wubby, Squeex, ExtraEmily, AustinShow  !RedBull !OMEN !HyperX","Mastering the Work/Life Combo? Red Bull Gives You Wiiings. Purchase here: https://obp.gg/RBUI #sponsored 
Check out the new Transcend 14 laptop from OMEN. https://obp.gg/OMENUIyt #sponsored 
Check out the Cloud III Gaming and Wireless headsets from HyperX. https://obp.gg/HyperXUI #sponsored 

GET THE TRUFFLE.TV EXTENSION FOR EMOTES, CHANNEL POINTS, PREDICTIONS, AND MORE! ► https://truffle.vip/extension 

follow me on twitter ► https://www.twitter.com/ludwigahgren
follow me on tiktok ► https://ww"
How I Learned to Build a PC,"If you feel I've earned it, you can support the channel here: https://www.patreon.com/mikeboyd
Want to give a one-off donation instead? https://www.buymeacoffee.com/mikeboyd

After buying a pre-built PC in 2019 I decided to build the next one myself. It was designed to fit in a TV stand in my office at home and edit 4k video whilst being reasonably affordable. This video documents my learning process.

Build (~£1100 or $1,360):
CPU: Ryzen 5 3600XT
Cooler: Noctua NH-L9a-AM4
GPU: Palit GeForce RTX"
I used an A.I. to make videogame characters fight to the death,"I used Artificial Intelligence to make every videogame character fight to the death

Streaming live on Twitch! https://www.twitch.tv/dougdoug
Full stream recording: https://www.youtube.com/watch?v=Nbk4W1zULVY

Artwork by Wafferscotch! https://twitter.com/wafferscotch
Edited by Berry Bebop! https://www.youtube.com/c/berrybebop

My 2nd Channel: http://bit.ly/dougdoug2
Twitter: https://twitter.com/DougDougFood

More DugDug:
Latest Uploads: https://www.youtube.com/watch?v=rp4cH7mb4X4&list=PLzTxt5iYd"
I forced ChatGPT to make a sequel to Snake,"Start eating healthier today with Factor and get 50% off your first box using my code GSQDOUGDOUG! Link: https://sdqk.me/ZJcXRFPh/3cnOOXtm

Streaming live on Twitch! https://www.twitch.tv/dougdoug
Full stream recording: https://www.youtube.com/watch?v=bdAfp_SqQGI

Edited by Mckl! https://mikeremer.wixsite.com/mysite

My 2nd Channel: http://bit.ly/dougdoug2
Twitter: https://twitter.com/DougDougFood

More DugDug:
Latest Uploads: https://www.youtube.com/watch?v=rp4cH7mb4X4&list=PLzTxt5iYdhziB3Zf03H"
this new windows feature should make you VERY nervous,"Microsoft Recall is a mistake. In this video I'll talk about what recall is, why it really shouldn't exist, and what people are saying about it.

What is recall?: https://support.microsoft.com/en-us/windows/retrace-your-steps-with-recall-aa03f8a0-a78b-4b3e-b0a1-2eb8ac48701c
Wired: https://www.wired.com/story/microsoft-windows-recall-privilege-escalation/
Ubuntu Tutorial: https://www.youtube.com/watch?v=D4WyNjt_hbQ

🏫 COURSES 🏫 Learn to code in C at https://lowlevel.academy
👕 MERCH 👕 Like the shi"
As custom as it gets,Painted by@DouglasRoulstonFineArt
Don't Put This in a Chocolate Fountain...,"We Bought a Fountain Meant for Chocolate and Put Everything but Chocolate in it! 
🌈 BUY WHAT WE'RE WEARING FOR 10% OFF  👉 https://bit.ly/codecoldones

🅿️ Pledge to our patreon for extended videos and deleted footage :https://www.patreon.com/coldones

SEND STUFF TO OUR PO BOX AND IT MIGHT BE FEATURED IN A VID: ✉️📬
PO Box 5091
Glenferrie south
VIC 3122
Australia
_______________________________________________________________
SOCIAL MEDIA LINKS
Twitter⇨ https://twitter.com/ColdOnes
Reddit⇨ https://"
Paper Mario The Thousand Year Door: A Long Story,"Paper Mario must investigate a cataclysm that killed everything 1000 years ago, and Luigi struggles to exist

Watch my Super Paper Mario playthrough: https://www.youtube.com/watch?v=sPhXb_ePo_s&list=PLliBvQE3gg9fcqJWv1ny64PbO46rFo5Rf

~This video was recorded live on my Twitch Channel: http://www.twitch.tv/rtgame
~Subscribe if you'd like to see more! https://www.youtube.com/@RTGame?sub_confirmation=1
~Become a Youtube Member to support me: https://www.youtube.com/channel/UCRC6cNamj9tYAO6h_RXd5xA"
Judge Cannon Bungles Criminal Trial #shorts,"⚖️⚖️⚖️ Do you need a great lawyer?  I can help!  https://legaleagle.link/eagleteam 

Welcome back to LegalEagle.  The most avian legal analysis on the internets. 
🚀 Watch my next video early & ad-free on Nebula! https://legaleagle.link/watchnebula
👔 Suits by Indochino! https://legaleagle.link/indochino

GOT A VIDEO IDEA? TELL ME!
▀▀▀▀▀▀▀▀▀▀▀▀▀▀▀▀▀▀▀▀▀▀▀▀▀▀
Send me an email: devin@legaleagle.show

MY COURSES
▀▀▀▀▀▀▀▀▀▀▀▀▀▀▀▀▀▀▀▀▀▀▀▀▀▀
Interested in LAW SCHOOL?  Get my guide to law school! https:/"
Why Don't We Shoot Nuclear Waste Into Space?,"The new 12,023 Human Era Calendar is here!
https://kgs.link/calendar
WORLDWIDE SHIPPING AVAILABLE.
This time you can join us on a journey through the microcosm. Curious? Head over to our shop and get it while supplies last.

Sources & further reading:
https://sites.google.com/view/sources-nuclearwaste/

Here in the Kurzgesagt labs we test very important ideas to see what happens when you blow things up or play with black holes. Many of you suggested that we look into an idea that sounds reasonab"
let's talk...,"first eve q&a. i hope u like. i prob missed a lot of really good questions so lmk if u want me to do another one and i will if enough solid q's!  or just comment and i will reply (maybe)

edited by: rawcruz (linktr.ee/rawcruz)"
the biggest donation ever during a pro geoguessr tournament,"this community is amazing
live tourneys every saturday at 11 am pst on twitch.tv/rainbolt

edited by: linktr.ee/rawcruz"
he deserved it,#shorts
I made an illegal home security sytem,"🕹 Download for FREE: https://operagx.gg/Ididathing  Join the millions of gamers optimizing their setup with the Opera GX browser. Sponsored by Opera GX!


Check out @friendlyjordies and my second channel @Boy_Boy 

Twitter: https://twitter.com/ididathing1
Tiktok: https://www.tiktok.com/@ididathing
Instagram: https://www.instagram.com/ididathing_official
Discord: https://discord.gg/mppfmHW
Patreon: https://www.patreon.com/user?u=13180179

Child who also made this turret. https://www.youtube.com/w"
Matty Goes Full Florida Man in the Everglades | Dead Set On Life Season 3 Episode 1,"Matty ventures into the Everglades under the protection of Shelley Wooten, an eighth-generation Floridian fighting to keep the hardcore culture of the Gladesmen alive.

This episode of Dead Set on Life first aired on VICE TV in 2017.

Subscribe to MUNCHIES here: http://bit.ly/Subscribe-to-MUNCHIES

All MUNCHIES videos release a full week early on our site: https://video.vice.com/en_us/channel/munchies

Hungry? Sign up here for the MUNCHIES Recipes newsletter.
https://www.vice.com/en_us/page/sign"
The Lost Colony of Roanoke,"[Credits, References, and More]
https://www.lemmi.no/p/the-lost-colony-of-roanoke

Become a channel member or join my Patreon with the links below. Both offer the same perks. YouTube members also get unique badges that highlight their comments and gain access to custom emojis.

YouTube Membership: https://www.youtube.com/channel/UCRcgy6GzDeccI7dkbbBna3Q/join
Patreon: https://www.patreon.com/lemmino

Subreddit: https://www.reddit.com/r/lemmino
Twitter: https://www.twitter.com/lemmin0
Discord: htt"
SUBSCRIBE to get us to 30 MILLION 🎉,
I Broke My Hand as a Cat Girl,"Arcade punching bags take another victim.

Find me on:
Twitch | https://www.twitch.tv/willneff
Twitter | https://twitter.com/TheWillNeff
Discord | https://discord.gg/neff
Instagram | https://www.instagram.com/thewillneff

Channel edited and managed by https://twitter.com/NeauxArt
#willneff #stream #twitch"
The Redditor that Vanished,"In early 2017, a Redditor named u/Flippnflopp inquired about trying a deadly substance named Datura. After failing to heed the caution of others, they went forth and ingested it - never to be heard from again.

🎡Visit Liminal Land: https://www.liminalland.net
📧Submit a mystery: NightmareExpo@gmail.com
📲Follow me: https://www.twitter.com/NexpoYT
🖤Support the channel: https://www.patreon.com/Nexpo

--------------------------------------------------------------------------------------
Chapters:
0:0"
MASSIVE Carne Asada Fries Challenge (10+lbs),"Check out my Youtooz!!
https://youtooz.com/products/matt-stonie

One Giant Plate of Carne Asada Fries!!!
Always great late night food... but I've never eaten this much in one sitting. Can't wait!!

ENJOY!!!

---Try Stonie Bowls!---

Website - https://www.stoniebowls.com/
INSTAGRAM - https://www.instagram.com/stoniebowls/

---Socials & Stuff----
FACEBOOK  - https://www.facebook.com/mattmegatoad
INSTAGRAM - https://www.instagram.com/matt_stonie
TWITCH - https://www.twitch.tv/mattstonie
TIKTOK - ht"
"""A Red Pill"" Production Vlog 09 - Post-Mortem",
32 Hours on World's Best Luxury Train | The Orient Express,"Use code trektrendy at the link below to get an exclusive 60% off an annual Incogni plan: https://incogni.com/trektrendy

Today I’m taking the world’s best train, the Venice Simplon Orient Express for 32 hours from Prague all the way to London. Tickets onboard this train are in excess of $28,000 for one night, so let’s find out what exactly that gets you. I’ll show you what the dining is like in the multiple restaurants onboard, a full tour of the various amenities such as the lounge car and of "
I Tried The Most Popular Keyboard on YouTube... (Leobog Hi75),"The most requested BUDGET custom mechanical keyboard - Leobog Hi75. 
Is this the best budget 75% keyboard? Or just overhyped. 
Sponsored by Leobog: Get it below
⬇️Affiliate links to help out the channel ⬇️
Leobog Hi75: https://epomaker.com/products/epomaker-leobog-hi75?variant=47300358439220&sca_ref=450109.wjDF4oHK4N
Hi75 on Amazon: https://geni.us/LeobogHi75
Hi75 Kit Leobog: https://leobogtech.com/collections/diy-kits/products/leobog-hi75-kit?sca_ref=5792254.AZHiLrnbqx
Get my deskmats: https://"
Free Work for Exposure?,"How does Adam Savage feel when challenged about his worth? Has Adam ever built something on commission that he wanted to keep for himself? In this live stream excerpt, Adam answers these questions from Tested subscribers @Cat Daddi and @dannydaniel138, whom we thank for their support! Have you ever taken work to gain exposure? How did it turn out for you?

Join this channel to support Tested and get access to perks, like asking Adam questions during live streams:
https://www.youtube.com/channel/"
Saying goodbye is hard..,"🧎#Subscribe🧎

Stock Up On ➡️🥤Gfuel (affiliate): https://gfuel.ly/pewdiepie-collection
#Code #Pewdiepie

👘 New Pre-Order for Tsuki: https://bit.ly/3xrWsgY

📱Customized Devices: https://rhinoshield.io/pewdiepie

⛰️NordVPN DOWNLOAD (affiliate link)⛰️
Go to https://NordVPN.com/pewdiepie and use code PEWDIEPIE to get a 2-year plan plus 1 additional month with a huge discount. It’s risk free with Nord’s 30 day money-back guarantee!

⚙️My Setup (affiliate links)⚙️
🪑 Chair: https://bit.ly/3r51IUS
💻 Brow"
Making The Best Shrimp Po Boy in New Orleans,"See how a classic shrimp po boy sandwich gets made.

Want Bon Appétit shirts, hats and more? https://shop.bonappetit.com/?utm_source=youtube&utm_brand=ba&utm_campaign=aud-dev&utm_medium=video&utm_content=merch-shop-promo

Still haven’t subscribed to Bon Appétit on YouTube? ►► http://bit.ly/1TLeyPn

Want more Bon Appétit in your life? Subscribe to the magazine! https://bit.ly/313UWRu

ABOUT BON APPÉTIT
Bon Appétit is a highly opinionated food brand that wants everyone to love cooking and e"
These Mexican Bassists Must Be STOPPED,"Reacting to some of the best MEXICAN bassists... they must be stopped
SUBSCRÌBETE @Davie504enEspanol  Spanish Voice Reveal: https://youtu.be/QsWtdkUrCPc?si=0WxpoPTaK7Rg_pXq
Mexican Bassists I Reacted to:
Tiago Andree @TiagoAndree 
Ale Villareal https://www.youtube.com/channel/UCeZHVOA5rP9rHoa7zKCx7kQ
Luis Guillermo @chordhousemx 
Abraham Laboriel
Hernan Hernandez
Lalo Carrillo
Rudy Machorro
Kello Gonzalez @kellogc 
Robert Trujillo

Patreon: https://www.patreon.com/davie504
TABS: https://paidtabs"
Top 10 Most Common Speed Cubing Mistakes,"Avoid these bad habits, and you too will get last layer skips.

Cube ► JPerm RS3 M 2020: https://speedcubeshop.com/products/jperm-rs3-m-2020-3x3

SpeedCubeShop ► https://speedcubeshop.com
Using the code ""JPERM"" supports my channel and also gives you a discount on your order.

Beginner:
2x2 Tutorial ► https://youtu.be/GANnG5a19kg
3x3 Tutorial ► https://www.youtube.com/watch?v=7Ron6MN45LY
4x4 Tutorial ► https://www.youtube.com/watch?v=KWOZHbDdOeo
5x5 Tutorial ► https://www.youtube.com/watch?v=d1I-"
A Car Designed To Make You Sick,"Check out Tom Scott's video: https://www.youtube.com/watch?v=kxuwPRY8kEo
Michael rEeVes: https://www.youtube.com/michaelreeves

Support us on Patreon: https://www.patreon.com/williamosman
Website: http://www.williamosman.com/
InstaHam: https://www.instagram.com/crabsandscience/
Twitter: https://twitter.com/CrabsAndScience
Facebook: https://www.facebook.com/williamosmanscience/
CameraManJohn: http://www.johnwillner.com/"
No bodega? No problem. #jamaican #beefpatty #spiderverse #milesmorales,No bodega? No problem. #jamaican #beefpatty #spiderverse #milesmorales
Adam Savage Mods His All-Aluminum Bowcaster Replica!,"Shortly after receiving his new all-aluminum bowcaster replica, Adam disassembles the entire prop to its constituent machined parts to begin the process of wrapping his head around its construction and the ways in which he can modify it. Here's a glimpse into the part of Adam's build projects that's more about exploration and discovery of ideas before the build becomes fully formed in his head. 

Adam Savage's New All-Aluminum Bowcaster Replica: https://youtu.be/XxO7i5j7pwM
Find out more about t"
"E3 2004 has not aged well, Twenty Years Later","The Year is 2004. Nintendo has just announced the Nintendo DS, and Microsoft is releasing Shrek for Xbox.

Watch my E3 2003 video. The E3 2005 sequel will arrive next year, see you then https://www.youtube.com/watch?v=aLAPXGxlolM

~This video was recorded live on my Twitch Channel: http://www.twitch.tv/rtgame
~Subscribe if you'd like to see more! https://www.youtube.com/@RTGame?sub_confirmation=1
~Become a Youtube Member to support me: https://www.youtube.com/channel/UCRC6cNamj9tYAO6h_RXd5xA/joi"
Tesla Cybertruck Review: Already Iconic?,"1 month and 2000 miles into Cybertruck ownership. This thing is insane.

Shoutout to Ridge: http://ridge.com/MKBHD

For more car videos: http://youtube.com/AutoFocus

Engineering Explained: https://youtu.be/HRYS5VWXZts?feature=shared

MKBHD Merch: http://shop.MKBHD.com

Tech I'm using right now: https://www.amazon.com/shop/MKBHD

Playlist of MKBHD Intro music: https://goo.gl/B3AWV5

0:00 Intro
1:00 Is It Actually Ugly?
3:46 This Crazy Steering
6:20 Bulletproof stainless steel
10:03 Truck stuff
1"
"You Can Blow Hot AND Cold, But How?","You can buy my books here:
https://stevemould.com/books

You can support me on Patreon and get access to the exclusive Discord:
https://www.patreon.com/stevemould

just like these amazing people:

Glenn Watson
Peter Turner
Joël van der Loo
Matthew Cocke
Mark Brouwer
Deneb

Twitter: http://twitter.com/moulds
Instagram: https://www.instagram.com/stevemouldscience/
Facebook: https://www.facebook.com/stevemouldscience/
TikTok: https://www.tiktok.com/@stevemould
Buy nerdy maths things: http://mathsge"
Solving The Insanely Difficult 4 Piece Puzzle,"Today I tackle one of Yuu Asaka's notoriously difficult puzzles, a 4-piece brain teaser (Echo 4) that tests both patience and problem-solving skills. Renowned for creating puzzles that defy expectations and require innovative thinking, Yuu Asaka's designs often involve unique shapes and deceptive simplicity.

MY SHOP: https://www.1st.shop/
Get it here: https://www.puzzlemaster.ca/browse/novelty/acrylicpuzzles/17719-echo-4-puzzle-original-version?a=681162

***MY OTHER CHANNELS***
AREA52: @area52i"
Turning cotton balls into cotton candy,"For a couple years now, I've been wanting to turn cotton balls into edible (and literal) cotton candy. It took me a while to figure out how to do it, but I finally did it!

This is kind of a follow-up to my previous project, where I turned toilet paper into drinkable alcohol (moonshine). In that one, I used an enzyme called cellulase, but that didn't seem to work here. So, instead, I used concentrated sulfuric acid.

-------------------------------------------------------------------------------"
World's Largest T-Shirt Cannon (breaks the roof),"I was challenged to build a T-Shirt cannon.  I accepted the challenge.

I started a company called CrunchLabs where we build a toy together and then I teach you all the juicy physics for how it works. So if you want to learn to think like an engineer and have really fun time doing it, check out the current promotion where you get 2 FREE boxes at https://crunchlabs.com

You should also go subscribe to the CrunchLabs YouTube channel cause we’ve got some bangers in the pipeline- https://www.youtube"
The Monsters Beyond Us: The Monument Mythos,"Click my link to get a 1-year supply of immune-supporting Vitamin D3K2 & 10 travel packs FREE with your first purchase! https://drinkag1.com/wendigoon


Mister Manticore’s channel (watch it): https://youtube.com/@MISTERMANTICORE

The first Monument Mythos video: https://youtu.be/pUZuD61AkA0

My second/streaming channel: https://youtube.com/@Wendigames

Matthew's transcripts of Monument Mythos Q&As: https://archive.org/details/monumentmythosdiscordqas/LAST_MONUMENT_MYTHOS_DISCORD_QA/
(keep in min"
Comparing the buffer and inverter circuits | Digital electronics (10 of 10),"A closer look at the two transistor circuits we've seen so far.

Support me on Patreon: https://www.patreon.com/beneater"
World’s Smallest Nerf Gun Shoots an Ant,"Creating the World’s smallest Nerf gun 5 times in a row. Reserve your CrunchLabs Build Box for the holidays here- https://crunchlabs.com

I started a company called CrunchLabs, where we build a toy together, and then I teach you all the juicy physics for how it works. So if you want to learn to think like an engineer and have a really fun time doing it, check out the current promotion where you get 2 FREE boxes at https://crunchlabs.com

Thanks to these folks for providing some of the music in t"
How does n-key rollover work?,"Support these videos on Patreon: https://www.patreon.com/beneater or https://eater.net/support for other ways to support.

------------------

Social media:
Website: https://www.eater.net
Twitter: https://twitter.com/ben_eater
Patreon: https://patreon.com/beneater
Reddit: https://www.reddit.com/r/beneater

Special thanks to these supporters for making this video possible:
Aleksey Smolenchuk, Alexander Wendland, Andrew C. Young, Anson VanDoren, Anthanasius, anula, Armin Brauns, Ben, Ben"
Taylor Swift Outsmarted FTX,"⚖️⚖️⚖️ Do you need a great lawyer?  I can help!  https://legaleagle.link/eagleteams 

Welcome back to LegalEagle.  The most avian legal analysis on the internets. 
🚀 Watch my next video early & ad-free on Nebula! https://legaleagle.link/watchnebula
👔 Suits by Indochino! https://legaleagle.link/indochino

GOT A VIDEO IDEA? TELL ME!
▀▀▀▀▀▀▀▀▀▀▀▀▀▀▀▀▀▀▀▀▀▀▀▀▀▀
Send me an email: devin@legaleagle.show

MY COURSES
▀▀▀▀▀▀▀▀▀▀▀▀▀▀▀▀▀▀▀▀▀▀▀▀▀▀
Interested in LAW SCHOOL?  Get my guide to law school! https:"
I Got Chased Out Of A Casino For Counting Cards!,"Free Card Counting Guide:  https://stevenbridges.ck.page/free-guide
Learn to count cards: https://www.blackjackapprenticeship.com/?steven *
Support me on Patreon: https://www.patreon.com/StevenBridges

In this card counting blackjack video, you're about to see a lot of backoffs. Many different casinos kicking me out for card counting. All with different degrees of intensity. Including a situation where I was chased out of the casino! 

FREE: Why you probably shouldn't learn to count cards: https"
Pick 2  #programming #coding #lowcode,"Live on Twitch: https://twitch.tv/lowlevellearning

🏫 COURSES 🏫 Check out my new courses at https://lowlevel.academy

🙌 SUPPORT THE CHANNEL 🙌 Become a Low Level Associate and support the channel at https://youtube.com/c/LowLevelLearning/join

Why Do Header Files Exist? https://youtu.be/tOQZlD-0Scc
How Does Return Work?  https://youtu.be/e46wHUjNDjE

🔥🔥🔥 SOCIALS 🔥🔥🔥
Low Level Merch!: https://lowlevel.store/
Follow me on Twitter: https://twitter.com/lowleveltweets
Join me on Discord!: https://disc"
Balancing BBQ With Crisp Bright Toppings,"Bon Appétit brings you along for a day with Egyptian pitmaster Kareem El-Ghayesh at KG Barbecue in Austin—where Texas barbecue is being transformed by incorporating the bright flavors of the Middle East.

Want Bon Appétit shirts, hats and more? https://shop.bonappetit.com/?utm_source=youtube&utm_brand=ba&utm_campaign=aud-dev&utm_medium=video&utm_content=merch-shop-promo

Still haven’t subscribed to Bon Appétit on YouTube? ►► http://bit.ly/1TLeyPn

Want more Bon Appétit in your life? Subscrib"
Sommelier Tries Every Costco Liquor | World of Wine | Bon Appétit,"Sommelier André Hueston Mack returns for another edition of World of Wine, this time putting every bottle of Costco Kirkland liquor to the test. With every bottle coming in under $50, will they give you a bang for your buck?

00:00 Intro
00:53 American Vodka 
03:58 Vodka
04:40 Blended Canadian Whiskey
06:17 Blended Scotch Whiskey
07:59 12 Years Old Blended Scotch Whiskey
09:20 Irish Whiskey
10:09 Tequila Blanco
12:29 Tequila Añejo
13:58 London Dry Gin
15:10 XO Cognac 
16:36 Original"
Keeping the world's longest railroad tunnel safe,"The Gotthard Base Tunnel in Switzerland is 57km long: and I think its greatest piece of safety equipment is nowhere near the tunnel itself. 

■ Thanks to Swiss Federal Railways https://www.sbb.ch/ - drone filming near the tracks was specially approved with railway staff.

■ For tours into the Gotthard Tunnel and to the visitors' window, see Uri Tourism: https://www.uri.swiss/de/erleben/seilbahn-eldorado-uri/eisenbahn/gotthard-tunnel-erlebnis/

Camera: Alicja Pahl
Producer: Sebastian Capeda at Vi"
The worst social interaction ever #willneff #fearand #qtcinderella,"Follow me!
TWITCH → https://www.twitch.tv/willneff
TIKTOK → https://www.tiktok.com/@willyneff
TWITTER → https://twitter.com/TheWillNeff
INSTAGRAM → https://www.instagram.com/thewillneff/

Find my podcast here → @FearAndPodcast

Edited by:  https://twitter.com/sicknastweets

#hasanabi #fanfan #austinshow"
The Deadliest Shipwreck & Shark Attack in Naval History,"Get Honey for FREE today ▸ https://joinhoney.com/wendigoon
Honey finds coupons with one click. Thanks to Honey for sponsoring!


Timestamps

Introduction - 00:00

Setting Sail - 2:32

Survival - 11:21

Rescue & Aftermath - 23:07

Needless Speaking - 35:40


Thank you all so much for watching and please let me know what you think! 

My Links

Wendigang: https://www.youtube.com/channel/UCuX9VrqRC3-EUq1eZ0NBbQg

Twitter: https://mobile.twitter.com/wendigoon8

Subreddit: https://www.reddit.com/r/wen"
DESTROYING my 1st YouTube  Food Challenge (New Record??),"Get the best deals while shopping online ▸ http://joinhoney.com/mattstonie
Honey is FREE and finds coupons with the click of a button. Thanks Honey for sponsoring!

New Pizza Merch - https://www.mattstoniemerch.com/

Over 10 years here on YouTube!!!
Thought it's be cool to revisit my First Food Challenge Video and see how I compared to the old me!! 2010 vs 2020 vs 6lbs of Pizza.

ENJOY!!!

---Try Stonie Bowls!---

Website - https://www.stoniebowls.com/
INSTAGRAM - https://www.instagram.com/st"
"Becoming a Homesteader in 2023? - Beekeeping, growing veg, mushrooms and cooking","Yay, a new year. My plan is to become more self sufficient, learn lots about beekeeping, growing veg, growing mushrooms and cooking food. I also want to meet with people who share similar interests so feel free to message me on Instagram. Hope you enjoy the journey, let's learn together. :) 
Check out my Instagram - https://www.instagram.com/alex_smith1809/
Support the Just Alex Channel on Patreon - https://www.patreon.com/justalexsmith
TikTok - https://www.tiktok.com/@justalexsmith
Business enq"
Every Way To Screw Up Burgers | Botched by Babish,"This episode is sponsored by LMNT. Go to  http://DrinkLMNT.com/babish for a free sample pack with any drink mix purchase!

Hamburgers. An easy enough concept, right? Think again. In this episode, we'll show you all the ways it's possible to screw up a homemade burger--and how to avoid these rookie mistakes.

For recipes and more, visit https://www.babi.sh

Get the new Basics with Babish Cookbook on Amazon: https://www.amazon.com/Basics-Babish-Guide-Making-Mistakes/dp/198216753X

Babish Cookware "
"I call this the 'No, You Don't' Law","Lenz's Law states that the direction of the induced current will oppose the change in flux that created it. Here's how that looks in practice.

For more videos like this, subscribe to @veritasium."
I made him cry..,"#ad Go to https://incogni.com/pewdiepie and use code pewdiepie to get an exclusive 60% off an annual Incogni plan.



Get exclusive NordVPN deal here ➵ https://NordVPN.com/pewdiepie It’s risk free with Nord’s 30 day money-back guarantee!✌

Official ƿ૯ωძɿ૯ƿɿ૯ TikTok: https://www.tiktok.com/@pewdiepie

∞ Official ƿ૯ωძɿ૯ƿɿ૯ Infinity Stream: https://www.twitch.tv/pewdiepie

⚙️ My Setup (affiliate links)⚙️
🖥️  PC: https://howl.me/clHcdRoIePi
🎧 Headphones: https://www.anrdoezrs.net/click-100814745-143"
I never knew I wanted bird keycaps... Until today 🥺,#keycaps #birds #mechanicalkeyboard #customkeyboard #keyboard #hipyo
Why Are Gluggle Jugs So Weird!?,"You can buy my books here:
https://stevemould.com/books

You can support me on Patreon and get access to the exclusive Discord:
https://www.patreon.com/stevemould

just like these amazing people:

Glenn Watson
Peter Turner
Joël van der Loo
Matthew Cocke
Mark Brouwer
Deneb

Twitter: http://twitter.com/moulds
Instagram: https://www.instagram.com/stevemouldscience/
Facebook: https://www.facebook.com/stevemouldscience/
TikTok: https://www.tiktok.com/@stevemould
Buy nerdy maths things: http://mathsge"
My Twitch Chat Made A Hilarious Protest Album ...,"this is truly the modern day woodstock 

FIRST ALBUM: https://www.youtube.com/watch?v=zO6R-mIpr9E&list=PLnnmg4FEileRVKVB7G5FU8tMRNGwU4s3D
SECOND ALBUM: https://www.youtube.com/watch?v=ouoOwsCpiTA&list=PLnnmg4FEileQGTodcPMvqYo79LtTZVpDV

ACLU Discord: https://discord.gg/Cke3A8E4

CHECK OUT EVERYONE WHO HELPED MAKE THIS HAPPEN: 
ask the storyteller ► https://linktr.ee/askmf
DROPSPINDLE ► https://linktr.ee/dropspindle
JPECS ► https://linktr.ee/jpecs
ACA30 ► https://twitch.tv/aca30doesgames
Owen CMY"
Disturbing Things from Around the Internet [Vol. 3],"The Internet is full of creepy and disturbing finds. Tonight, we're going to dive headstrong into this third entry with five more unsettling things that I've recently discovered. Enjoy.

🎡Visit Liminal Land: https://www.liminalland.net
📧Submit a Disturbing Thing: dtfaisubmissions@gmail.com
📲Follow me: https://www.twitter.com/NexpoYT
🖤Support the channel: https://www.patreon.com/Nexpo

--------------------------------------------------------------------------------------
#1: https://www.theverge."
How to Use ChatGPT to Ruin Your Legal Career,"Maybe A.I. isn't ready for primetime. 📌  Check out https://legaleagle.link/80000 for free career advice that will change the world from 80,000 Hours. 
⚖️ Need a lawyer? Get a FREE consultation with my firm! https://legaleagle.link/eagleteam 

⚖️⚖️⚖️ Do you need a great lawyer?  I can help!  https://legaleagle.link/eagleteam 

Welcome back to LegalEagle.  The most avian legal analysis on the internets. 
🚀 Watch my next video early & ad-free on Nebula! https://legaleagle.link/watchnebula
👔 Suits b"
Making a pure gold bead,"Over the past year, I've collected some gold powder, and I've decided to melt it down. I didn't think I'd get much from it, but I actually got a nice pure gold bead.

Watch me turn old jewelry into pure gold bars: https://youtu.be/37Kn-kIsVu8

-------------------------------------------------------------------------------
Merch - https://nilered.tv/store
-------------------------------------------------------------------------------

■ NileRed is now available on Nebula!  https://go.nebula.tv/ni"
Disturbing Things from Around the Internet [Vol. 10],"The Internet is home to a wide variety of bizarre oddities hidden within its darkest corners. Tonight, we're going to explore five more of these that I've recently discovered.

🎡Visit Liminal Land: https://www.liminalland.net
📧Submit a Disturbing Thing: dtfaisubmissions@gmail.com
📲Follow me: https://www.twitter.com/NexpoYT
🖤Support the channel: https://www.patreon.com/Nexpo

--------------------------------------------------------------------------------------
#1: https://tinyurl.com/shvk293
#2:"
Tik Tok's Financial Advice Is Still Insane,"sign up for my course on how to make fun of investing tik toks to build generational wealth 
 
WATCH LIVE ► https://www.twitch.tv/atrioc
TWITTER ►https://www.twitter.com/atrioc
DISCORD ►  https://discord.com/invite/Dar3UDx
REDDIT ► https://reddit.com/r/Atrioc/

Edited by QuacK | https://twitter.com/QUACK_001

FULL VOD: https://www.youtube.com/watch?v=ywUMnVl98cc
#atrioc #tiktok #investors"
WORLD RECORD!! WORLD RECORD!!!!!!!!!!,"➡️ Preorder The Chess Deck: https://geni.us/thechessdeck

➡️ WIN FREE COURSES: https://www.chessly.com/dashboard/predictions

➡️ Follow the Candidates: https://www.chess.com/events/info/2024-fide-candidates-chess-tournaments?ref_id=33945736

➡️ Get my best-selling chess book: https://geni.us/gothamchess

➡️ My book in the UK and Europe: https://bit.ly/3qFqSf7
➡️ Mein Buch auf Deutsch: https://bit.ly/45fKt3R
➡️ Mi libro en Español: https://bit.ly/3Y5xaRx

➡️ Start Playing Chess FOR FREE: http://b"
"Gisele Bündchen vs Pro Chef: Same Ingredients, Different Recipe | Bon Appétit","Today, supermodel Gisele Bündchen joins Bon Appétit in the test kitchen to make a recipe from her new cookbook ‘Nourish'. However, Gisele is not alone–while the supermodel cooks her Sunday banana waffles, Kendra Vaculin must whip up a new recipe using all of the same ingredients.

Director: Jeffrey Kornberg; Dan Siegel
Director of Photography: Ben Dewey, Kevin Dynia
Editor: Jared Hutchinson
Featuring: Gisele Bündchen; Kendra Vaculin
Director of Culinary Production: Kelly Janke
Coordinatin"
Lethal Company is the Funniest Horror Game,"Welcome to Lethal Company, your job is to get the scrap with your friends. There is no reason to panic. There is no reason to panic. There is no reason to panic.

Watch more funny horror games: https://www.youtube.com/watch?v=scb_XDh5Cr0

~This video was recorded live on my Twitch Channel: http://www.twitch.tv/rtgame
~Subscribe if you'd like to see more! https://www.youtube.com/@RTGame?sub_confirmation=1
~Become a Youtube Member to support me: https://www.youtube.com/channel/UCRC6cNamj9tYAO6h_RX"
"I finally rode the weird, curved German elevator.","At the New Town Hall, the Neues Rathaus, in Hanover, there's a strange elevator where the track curves unevenly. For years, people from Germany have been emailing me about it: well, I finally visited. ■ More about the Hall: https://www.visit-hannover.com/en/Sightseeing-City-Tours/Tourist-Highlights/The-New-Town-Hall

Camera: Maximilian Unger
Producer: Viktor Sramo at Klein Aber

🟥 MORE FROM TOM: https://www.tomscott.com/
(you can find contact details and social links there too)

📰 WEEKLY NEWSLET"
"A Robot That Walks, Flies, Skateboards, Slacklines","This is a #robot that walks, flies, #skateboards, #slacklines, and might do much more one day. A portion of this video was sponsored by Bluehost. Start building a website with Bluehost today. Use my link to receive more than 65% off: https://bluehost.com/track/veritasium #Bluehost #BHcreator

Thanks to Prof. Soon-Jo Chung and everyone at the Aerospace Robotics and Control Lab at Caltech for the tour!
https://aerospacerobotics.caltech.edu/

▀▀▀▀▀▀▀▀▀▀▀▀▀▀▀▀▀▀▀▀▀▀▀▀▀▀ 
References:
Kim, K., Spieler"
The MOST INCREDIBLE coaster in Planet Coaster,"Everybody is going to love this. 

Streaming live on Twitch! https://www.twitch.tv/dougdoug
Full video: https://youtu.be/m4MaxyzD8oM
Full stream recording: https://www.youtube.com/watch?v=XUzgyKUeREc

Edited by Luka! https://youtube.com/@dougdougclips 

My 2nd Channel: http://bit.ly/dougdoug2
Twitter: https://twitter.com/DougDougFood

More DugDug:
Latest Uploads: https://www.youtube.com/watch?v=rp4cH7mb4X4&list=PLzTxt5iYdhziB3Zf03HR_aZWgJ49ffj-d&index=2
DougDoug Challenges: https://www.youtube.c"
Unity Shape Editor Tool (3/4),"In this series we create a scene-based editor tool for constructing 2d shapes. In this episode: adding support for multiple shapes.

Source:
https://github.com/SebLague/Shape-Editor-Tool

Support the creation of more gamedev tutorials:
https://www.patreon.com/SebastianLague"
Tinder Nightmares 2,"NEW MERCH: http://ko-official.com

subscribe to kelsey: https://www.youtube.com/c/KelseyKreppel2

podcast: https://www.youtube.com/tinymeatgang
2nd channel: https://www.youtube.com/channel/UCy06jHRS_82N2i5v1YL7glQ
new song: https://song.link/us/i/1533963500

instagram: http://instagram.com/codyko
twitter: http://twitter.com/codyko

business: mahzad.babayan@unitedtalent.com

edited by: https://www.youtube.com/blamejames"
80mph Tennis Balls Shot at @ajr,
"""omg"" tik toks 2","Thank you to BetterHelp for Sponsoring this video! Go to https://BetterHelp.com/codyko to get 10% off your first month

NEW MERCH : http://ko-official.com

podcast: https://www.youtube.com/tinymeatgang
2nd channel: https://www.youtube.com/channel/UCy06jHRS_82N2i5v1YL7glQ
new song: https://song.link/us/i/1533963500

instagram: http://instagram.com/codyko
twitter: http://twitter.com/codyko

business: mahzad.babayan@unitedtalent.com

edited by: https://www.youtube.com/goofyjuice"
C Programmer Learns Haskell and DOESN'T Cry? (Coding in a Random Language Every Day),"Advent of Code 2023 is UPON US! What better way to spend the holiday season, learn to program, and test your skills against your friends. This year, I've decided to try something kind of insane. I'll be choosing a language off the wheel every day.... let's see what happens.

🏫 COURSES 🏫 Learn to code in C at https://lowlevel.academy
📰 NEWSLETTER 📰  Sign up for our newsletter at https://mailchi.mp/lowlevel/the-low-down

🙌 SUPPORT THE CHANNEL 🙌 Become a Low Level Associate and support the channel "
Let's Argue About Christmas Movies (ft. Movies w/ Mikey),"Clickbait Title: Die Hard Isn't A Christmas Movie

The Trial of Christmas Movies: https://youtu.be/68JSod6pIRM

Go watch Mikey's companion video for the other half of the Dan and Mikey Christmas Special. His is way better and he put so much work into it.

We had a proper blizzard a couple days ago, so I just had to dig my car out from under over six inches of snow. And that's not like ""oh, we got six inches"" but it's kinda spread all around, this was six inches at the shallowest. It actually sna"
I made it to MrBeast's Choclate Factory! 🍫🍫 #shorts,"The factory was crazy!! 
Also, 1st short! More to come :)

MrBeast's Video - https://www.youtube.com/watch?v=Hwybp38GnZw

ENJOY!!!

---Try Stonie Bowls!---

Website - https://www.stoniebowls.com/
INSTAGRAM - https://www.instagram.com/stoniebowls/

---Socials & Stuff----
FACEBOOK  - https://www.facebook.com/mattmegatoad
INSTAGRAM - https://www.instagram.com/matt_stonie
TWITCH - https://www.twitch.tv/mattstonie
TIKTOK - https://vm.tiktok.com/ZMRheEAwc/
TWITTER - https://www.twitter.com/mattstonie
"
SCIENCE CLASS #2- Does Farting Make You Weigh Less?,"This is a juicy one. 70% people get this one wrong.  I stream science LIVE M-W-F 1pm PT.

NEW PDF WITH A QUIZ FORM THAT WORKS NOW!!! https://www.dropbox.com/s/5giflfs8y9new5x/SCIENCE%20CLASS-%202.pdf?dl=0"
8-bit CPU control logic: Part 1,"In this video, we walk through writing a program—using a machine language we get to make up! Then we walk through exactly what the control logic will need to do in order to execute the program. See https://eater.net/bbcpu8-control-logic for more.

Support me on Patreon: https://www.patreon.com/beneater


https://www.eater.net
https://twitter.com/ben_eater
https://www.patreon.com/beneater"
I confronted Kramnik.,"➡️ Clash of Claims:  https://www.clashofclaims.com/ June 7-9 live on Twitch

➡️ Get My Chess Courses:  https://www.chessly.com/
➡️ Get my best-selling chess book: https://geni.us/gothamchess

➡️ My book in the UK and Europe: https://bit.ly/3qFqSf7
➡️ Mein Buch auf Deutsch: https://bit.ly/45fKt3R
➡️ Mi libro en Español: https://bit.ly/3Y5xaRx

➡️ Start Playing Chess FOR FREE: http://bit.ly/3Xa3EsB

➡️ Enjoy my videos? Donate Here : https://www.paypal.me/gothamchess

Email me your games: gothamlet"
playing geoguessr irl,"touching grass

kodiak's channel: https://www.youtube.com/@Kodiak1777
patreon for more: https://www.patreon.com/professionalgeoguessr
edited by: rawcruz (linktr.ee/rawcruz)"
How is this keyboard so DEEP?,#ad #customkeyboard #mechanicalkeyboard #keyboard #keycaps #gamingkeyboard
Shorts: This week I learned how to sharpen a knife,"If you feel I've earned it  you can support the channel here: https://www.patreon.com/mikeboyd
If you prefer, YouTube's ""Join"" feature, you can support here: https://www.youtube.com/channel/UCIRiWCPZoUyZDbydIqitHtQ/join
Want to give a one-off donation instead? https://www.buymeacoffee.com/mikeboyd
I am so grateful for any support you choose to give, financial or emotional! 🙏 I learned to sharpen my knives using a whetstone. I can't believe how much nicer it is to use sharp knives! #shorts"
This man is COMPLETELY INSANE,"➡️ Get My Chess Courses:  https://www.chessly.com/
➡️ Get my best-selling chess book: https://geni.us/gothamchess

➡️ My book in the UK and Europe: https://bit.ly/3qFqSf7
➡️ Mein Buch auf Deutsch: https://bit.ly/45fKt3R
➡️ Mi libro en Español: https://bit.ly/3Y5xaRx

➡️ Start Playing Chess FOR FREE: http://bit.ly/3Xa3EsB

➡️ Enjoy my videos? Donate Here : https://www.paypal.me/gothamchess

Email me your games: gothamletters@gmail.com
Sponsors, Business, Media: gotham@night.co - [DO NOT SEND GAME"
NORDIC LUXURY: Finnair Business Class *I ONLY Paid $__*,"Become smarter in 5 minutes by signing up for free today: https://cen.yt/mbtrektrendy - Thanks to Morning Brew for sponsoring today’s video. 

Today i'm flying Finnair's long haul Business Class, onboard one of their new A350's. I'll be flying from Dubai international airport over to the Finnish capital, Helsinki. It's an airline i've only flown on short hops previously so I'm excited to review their international long haul product. On today's trip report i'll share with you the background of Fi"
dad life,"Shop my OFFICIAL merch collection: https://bit.ly/pdpstore

#Partner #AD: Amaze"
What Happens if You Put Your Hand in a Garbage Disposal?,"SimpliSafe is award-winning home security that keeps your home safe around the clock. It’s really reliable, easy to use, and there are no contracts. Check out SimpliSafe here: https://simplisafe.com/WilliamOsman.

Buddy Bleckley: https://www.instagram.com/buddybleckley
@allenpan 

Support  on Patreon: https://www.patreon.com/williamosman
Twitter: https://twitter.com/CrabsAndScience
Instagram: https://www.instagram.com/crabsandscience/"
The Most Disturbing Haunted House of All Time: McKamey Manor,"Go to https://buyraycon.com/wendigoon to get 15% off your Raycon purchase!
Thank you to Raycon for sponsoring today’s video!

Shadow of the Zone Kickstarter: https://www.kickstarter.com/projects/retrodigital/stalker-shadow-of-the-zone-fan-film
Shadow of the Zone Video: https://www.youtube.com/watch?v=6MWaI25kG1Y

Some videos about the Manor that are worth your time
Jaubrey's Video: https://www.youtube.com/watch?v=Ozf3zpYTC7s&t=1500s
Loey Lane's Video: https://www.youtube.com/watch?v=t1-u5KLKyfA&"
Training like Mishima for 7 Days,"Shop GFUEL now! https://affiliateshop.gfuel.com/pewdiepie

Get exclusive NordVPN deal here ➵ https://NordVPN.com/pewdiepie It’s risk free with Nord’s 30 day money-back guarantee!✌

Official ƿ૯ωძɿ૯ƿɿ૯ TikTok: https://www.tiktok.com/@pewdiepie

∞ Official ƿ૯ωძɿ૯ƿɿ૯ Infinity Stream: https://www.twitch.tv/pewdiepie

⚙️ My Setup (affiliate links)⚙️
🖥️  PC: https://howl.me/clHcdRoIePi
🎧 Headphones: https://www.anrdoezrs.net/click-100814745-14330447
🪑 Chair: https://tinyurl.com/clutchpdp
⌨️ 🖱️ Keyboard"
Teaching How To Street Perform + Magic,"I teach Owen How to Street Perform / Busk. (+ magic)

hey this is the link that I meant when I mentioned the link this is the link: http://www.stevenbridges.co.uk/best-amp/

PATREON: http://patreon.com/StevenBridges

OWEN:
http://youtube.com/newgreenshoe

SOCIALS: 
Instagram: http://instagram.com/StevenBridgesTV
Twitter: http://twitter.com/StevenBridges
Snapchat: StevenBridgesTV
Facebook: http://facebook.com/StevenBridges
Second Channel: http://youtube.com/stevenbridgestv2

MAGIC:
Cards I use - "
"Primitive Technology: Yam, cultivate and cook","Primitive Technology: Yam, cultivate and cook
Subscribe: http://bit.ly/subPT | Never miss a video! Enable ‘ALL’ Notifications!
More videos, watch me build a natural Blower & Charcol next: http://bit.ly/2MuwEr5

Follow Primitive Technology:
Wordpress: https://primitivetechnology.wordpress.com/
Patreon: https://patreon.com/user?u=2945881

Watch More Primitive Technology:
Latest Uploads: https://youtube.com/playlist?list=PLGnWLXjIDnpBR4xqf3FO-xFFwE-ucq4Fj
Pyrotechnology: https://youtube.com/playlis"
"Skyrim Speedrun, but I get a RANDOM WEAPON every hit","I speedrun the Dark Brotherhood, but every hit gives me a random weapon.

Streaming live on Twitch! https://www.twitch.tv/dougdoug
Full stream recording: https://youtu.be/i-WfdcBtP7o?t=4226

My 2nd Channel: http://bit.ly/dougdoug2
Twitter: https://twitter.com/DougDougFood

Edited by Berry Bebop! https://www.youtube.com/channel/UC7qD5Q5OmAFEo8mmjhac3GA

More DugDug:
Latest Uploads: https://www.youtube.com/watch?v=rp4cH7mb4X4&list=PLzTxt5iYdhziB3Zf03HR_aZWgJ49ffj-d&index=2
Explained with Food: htt"
Tokyo to Singapore by Luxury Ship | Celebrity Royal Suite,"Check out Rocket Money for free: https://RocketMoney.com/trektrendy

Today I’m taking the Celebrity Millennium for 4,000 miles from Tokyo, Japan all the way over to Singapore. Taking 14 days, I’ll show you exactly what it’s like from my luxury Royal Suite to the onboard dining as well as a full look at the facilities onboard. As usual this has been fully paid for myself, and there’s a full costing breakdown in the video ($24,256). 

0:00 - Intro
3:19 - Royal Suite
11:25 - Ship tour
18:03 - Retre"
I confronted Jospem.,"➡️ Get My Chess Courses:  https://www.chessly.com/
➡️ Get my best-selling chess book: https://geni.us/gothamchess

➡️ My book in the UK and Europe: https://bit.ly/3qFqSf7
➡️ Mein Buch auf Deutsch: https://bit.ly/45fKt3R
➡️ Mi libro en Español: https://bit.ly/3Y5xaRx

➡️ Start Playing Chess FOR FREE: http://bit.ly/3Xa3EsB

➡️ Enjoy my videos? Donate Here : https://www.paypal.me/gothamchess

Email me your games: gothamletters@gmail.com
Sponsors, Business, Media: gotham@night.co - [DO NOT SEND GAME"
i got beat up at the NYC Marathon 2022,"music;
PHFat - https://youtu.be/3w9rE5ofeNY
Mickey Bright -  https://www.instagram.com/mickeybright2001/
So Wylie - https://www.instagram.com/so.wylie/

footage from;
Hunter Weiss - https://www.youtube.com/c/HunterWeiss
Colt Kirwan - https://www.youtube.com/@UCH2tpAxt19Q_Kpxfsjf9sfg
@max_mcnerney www.instagram.com/max_mcnerney
Michael Dillon - https://www.youtube.com/c/pilotfield
Eddies wife - https://twitter.com/Bengfang
Emma - https://twitter.com/_e_m_m_a_a_
Andrew Ehinger - https://twitter.co"
HOW IS THIS POSSIBLE???????,"➡️ Get my courses: https://www.chessly.com/courses

➡️ Follow the Candidates: https://www.chess.com/events/info/2024-fide-candidates-chess-tournaments?ref_id=33945736

➡️ Get my best-selling chess book: https://geni.us/gothamchess

➡️ My book in the UK and Europe: https://bit.ly/3qFqSf7
➡️ Mein Buch auf Deutsch: https://bit.ly/45fKt3R
➡️ Mi libro en Español: https://bit.ly/3Y5xaRx

➡️ Start Playing Chess FOR FREE: http://bit.ly/3Xa3EsB

➡️ Enjoy my videos? Donate Here : https://www.paypal.me/got"
the greatest geoguessr tournament of all time,"3v3 ai gen...with one of the best final fours i've ever seen...

edited by: rawcruz (linktr.ee/rawcruz)
patreon for more: https://www.patreon.com/professionalgeoguessr"
The Battle of Los Angeles,"[Credits, References, and More]
https://www.lemmi.no/p/the-battle-of-los-angeles

Become a channel member or join my Patreon with the links below. Both offer the same perks. YouTube members also get unique badges that highlight their comments and gain access to custom emojis.

YouTube Membership: https://www.youtube.com/channel/UCRcgy6GzDeccI7dkbbBna3Q/join
Patreon: https://www.patreon.com/lemmino

Subreddit: https://www.reddit.com/r/lemmino
Twitter: https://www.twitter.com/lemmin0
Discord: http"
We Bought Every Dumb Ad We Saw,"We Wasted $10,000 on Sponsor Advertised Garbage! 
🌈 BUY WHAT WE'RE WEARING FOR 10% OFF 👉 https://bit.ly/codecoldones
🅿️ Pledge to our patreon for extended videos: https://www.patreon.com/coldones

SEND STUFF TO OUR PO BOX AND IT MIGHT BE FEATURED IN A VID: ✉️📬
PO Box 5091
Glenferrie south
VIC 3122
Australia
_______________________________________________________________
SOCIAL MEDIA LINKS
Twitter⇨ https://twitter.com/ColdOnes
Reddit⇨ https://www.reddit.com/r/ColdOnes/
Discord⇨ https://discord.co"
I'm Scared of 2024...So Here's 3 Optimistic Thoughts,"I was like, ""I'M GONNA MAKE THIS VIDEO"" and I did it. Look, there are plenty of days when I burn through all of my optimism lately. But there's also a lot of perspective that I often have a hard time holding on to. 

I have been saying for a long time that I think this whole ""internet and society"" thing is going to get worse before it gets better, and I still think that's true. But I have also seen some signs that indicate that the premise of that thought (that things will get better) is actuall"
I Became a Kick Streamer to Ruin Ludwig's Event,"That's what you get for making me a backup invite.

Find me on:
Twitch | https://www.twitch.tv/willneff
Twitter | https://twitter.com/TheWillNeff
Discord | https://discord.gg/neff
Instagram | https://www.instagram.com/thewillneff

Channel edited and managed by https://twitter.com/NeauxArt
#willneff #twitch #ludwig"
Card Magic He Couldn't Believe! ft. Luke Cutforth | Steven Bridges,"Really pleased with this card magic trick! Hope you enjoy it!
Download Megastar here: https://msm.app.link/xwqHetdGIG
This video is Sponsored by Megastar.

Lukes channel: http://youtube.com/lukeisnotsexy

PATREON: http://patreon.com/StevenBridges

SOCIALS:
Instagram: http://instagram.com/StevenBridges
Twitter: http://twitter.com/StevenBridges
Facebook: http://fb.me/StevenBridges
Snapchat: StevenBridgesTV

Second Channel: http://youtube.com/stevenbridgestv2

FILMED BY RAY:
http://youtube.com/Rayr"
World's Largest Horn Shatters Glass,"I might upgrade my car horn to this. 

Watch the What's Inside video here:  https://youtu.be/d9tA1icDPGY

Here is a behind the scenes video from the day: https://www.youtube.com/watch?v=rJIc1iAQdPw


ELI20 version:  I answered why you want a large outlet area but not necessarily why it curves like that.  Anytime you have a sudden change in cross-sectional area in the horn you will get waves reflecting back at the source.  You don't want that because that is wasted energy that could have moved fo"
Disturbing Things from Around the Internet [Vol. 14],"Start speaking a new language in 3 weeks with Babbel 🎉. Get up to 60% OFF your subscription ➡️Here: https://go.babbel.com/t?bsc=1200m60-youtube-nexpo-oct-2023&btp=default&utm_term=generic_v1&utm_medium=paidsocial&utm_source=YouTube&utm_content=Influencer..nexpo..USA..YouTube

Within the Internet's deepest abyss, the dark and the dreadful fester in wait. Tonight, you and I are diving into five more Disturbing Things that I've recently uncovered.

💾Sources: https://pastebin.com/0UerQsVN
🎶Soundtrac"
Top 10 Facts - Dark Souls,"[Credits, References, and More]
https://www.lemmi.no/p/t10f-dark-souls

Dark Souls - Did You Know Gaming Feat. LEMMiNO:
https://www.youtube.com/watch?v=L_VcumT7QuY

Patreon: https://www.patreon.com/lemmino
Subreddit: https://www.reddit.com/r/lemmino
Twitter: https://www.twitter.com/lemmin0
Discord: https://www.discord.gg/lemmino"
Breaking Fallout New Vegas by Raining Nuclear Hellfire,"Oppenheimer has become Death, destroyer of worlds. Our stupid Fallout New Vegas build is now stupidly powerful

Watch my entire Fallout New Vegas playthrough from the start: https://www.youtube.com/playlist?list=PLliBvQE3gg9dC55Jxdhsmo_UIiDkw6z-5

Fallout New Vegas is one of my all time favourite games, and I'm so excited to present the game like this. I've planned my character build in depth with the goal of pushing the power of my build increasingly to its limit as time progresses. The plan is"
I had to throw out my script about this submarine simulator,"In an old mill in a remote corner of Italy, sits the Bathysphere Project at Explorandia: a submarine simulator that explores an actual, small pond. It might be the best homemade project I've ever seen. ■ More: https://www.explorandia.it/page/bathysphere

Edited by Julian Domanski

🟥 MORE FROM TOM: https://www.tomscott.com/
(you can find contact details and social links there too)

📰 WEEKLY NEWSLETTER with good stuff from the rest of the internet: https://www.tomscott.com/newsletter/
❓ LATERAL, f"
Not Doing That Great,"In which John is feeling a bit like all his nerve endings are on the outside of his body. But I do sincerely hope you like the turtles all the way down movie, which comes out Thursday on Max. https://www.youtube.com/watch?v=9XBFNmV0Bzc
----
Subscribe to our newsletter! https://werehere.beehiiv.com/subscribe
Learn more about our project to help Partners in Health radically reduce maternal mortality in Sierra Leone: https://www.pih.org/hankandjohn
If you're able to donate $2,000 or more to this ef"
Becoming a Beekeeper - Day 1 till Day 365 - my first Honey Harvest - 1 year of Keeping bees,"I became a beekeeper and after 1 year I harvested my first load of honey! 
Helpful beekeeping youtube channel - https://www.youtube.com/@gwenyngruffydd
Check out my Instagram - https://www.instagram.com/alex_smith1809/
Support the Just Alex Channel on Patreon - https://www.patreon.com/justalexsmith
TikTok - https://www.tiktok.com/@justalexsmith
Watch me live on Twitch - https://www.twitch.tv/justalexsmith
Business enquiries - alexfordhamsmith@gmail.com"
This Smartwatch is $69!,"This smartwatch is $69. But is it actually... nice?

Get Eight Sleep's biggest discount of $400 off the Pod Cover with code MKBHD at https://www.eightsleep.com/mkbhd/

That sweatshirt: http://shop.MKBHD.com

Tech I'm using right now: https://www.amazon.com/shop/MKBHD

Playlist of MKBHD Intro music: https://goo.gl/B3AWV5

~
http://twitter.com/MKBHD
http://instagram.com/MKBHD
http://facebook.com/MKBHD"
Japanese Fruit Sandwich from Animal Crossing: New Horizons | Arcade with Alvin,"This episode is sponsored by Squarespace. Head to http://bit.ly/squarespacebabish to save 10% off your first purchase of a website or domain using code BABISH.

On this episode of Arcade with Alvin, Alvin is creating mixed fruit sandwiches with Japanese milk bread, inspired by Animal Crossing: New Horizons.

Follow Alvin Zhou on Instagram: https://www.instagram.com/alvin.zhou/

Reference videos: 
https://youtu.be/jJ49HpLdZJk
https://youtu.be/1W91LkE7jfM
https://www.justonecookbook.com/japanese-f"
Breaking Fallout New Vegas by Pushing The Game Too Far,"The Easy Pete Ballistic Missle is ready and I think I've caused actual hardware damage to my PC now. I love Fallout New Vegas

Watch my Fallout New Vegas playthrough from the start: https://www.youtube.com/playlist?list=PLliBvQE3gg9dC55Jxdhsmo_UIiDkw6z-5

Fallout New Vegas is one of my all time favourite games, and I'm so excited to present the game like this. I've planned my character build in depth with the goal of pushing the power of my build increasingly to its limit as time progresses. The"
Prime spirals,"A link to the full video is at the bottom of the screen.
Or, for reference: https://youtu.be/EK32jo7i5LQ

Thanks to Dawid Kołodziej for editing this short from the original."
Why do YouTubers clap at the start of videos?,"It's about synchronisation, right? Well, not exactly...

🟥 MORE FROM TOM: https://www.tomscott.com/
(you can find contact details and social links there too)

📰 WEEKLY NEWSLETTER with good stuff from the rest of the internet: https://www.tomscott.com/newsletter/
❓ LATERAL, free weekly podcast: https://lateralcast.com/ https://youtube.com/lateralcast/
➕ TOM SCOTT PLUS: https://youtube.com/tomscottplus
👥 THE TECHNICAL DIFFICULTIES: https://youtube.com/techdif"
I found the most expensive mushroom in the world - truffle hunting,"I went looking for truffles in Croatia!
Visit the Prodan family and go truffle hunting - https://prodantartufi.hr/en/
Check out my Instagram - https://www.instagram.com/alex_smith1809/
Support the Just Alex Channel on Patreon - https://www.patreon.com/justalexsmith
TikTok - https://www.tiktok.com/@justalexsmith
Business enquiries - alexfordhamsmith@gmail.com"
"How Bad is This $10,000 PC from 10 Years Ago??","Check out the FlexiSpot E7 Plus, and their new comfy recliners, using the link below and use the code  LINUSE7P50 for $50 off on your order of $500 or more:

E7 Plus standing desk: https://bit.ly/3ULALEA
FlexiSpot Recliners: https://bit.ly/4cn1T3k  

Can you really future proof? The Classified SR-2 seems to think so, and we're maxing out its upgrade path to see what it can REALLY do with 24 threads from 2011. 

Do You OC?: https://www.youtube.com/post/UgkxNdJXdAaCmOIKUV9fHesS7-pDWcw4A1wM

Discus"
Breaking News: CEO Demoted,"In which John gets demoted and Hank ... doesn't get promoted? Get Sun Basin Soap and experience the clink of settling ice in a glass of lemonade: https://good.store/pages/sun-basin-soap 
AND get awesome coffee: https://good.store/pages/awesome-coffee 
AND get awesome socks: https://good.store/pages/awesome-socks

All the clubs are now part of our new project Good Store, where you can subscribe to a better world. Thanks to everyone at dftba.com for their support and hard work over the last severa"
Giant McFlurry!! (20x normal McDonald's size),"Download Monster Legends today using this link and get 70k worth of food for free! https://monsterlegends.onelink.me/X4Sc/MattStonie.
And don't miss your chance to win $1,000 by getting the Matt Stonie Monster and leveling it up to level 10! 
Open to legal residents of the Eligible Countries. Must be at 18+. Sweepstakes begins at 11:00:00 (UTC) on May 28th, 2021, and ends at 10:59:59 (UTC) on June 7th, 2021 (inclusive). Void where prohibited. Subject to T&Cs: https://socialpoint.helpshift.com/a/"
These AI Glasses are Crazy!,
Primitive Technology: Natural Draft Iron Smelt,"Primitive Technology: Natural Draft Iron Smelt
Subscribe: http://bit.ly/subPT | Never miss a video! Enable ‘ALL’ Notifications!
Watch my newest content: https://youtube.com/playlist?list=PLGnWLXjIDnpBR4xqf3FO-xFFwE-ucq4Fj&playnext=1&index=2

Follow Primitive Technology:
Wordpress: https://primitivetechnology.wordpress.com/
Patreon: https://patreon.com/user?u=2945881

Watch More Primitive Technology:
Newest Uploads: https://youtube.com/playlist?list=PLGnWLXjIDnpBR4xqf3FO-xFFwE-ucq4Fj&playnext=1&i"
Coach Neff Gives An Inspirational Speech #willneff #esfandtv,"Follow me!
TWITCH → https://www.twitch.tv/willneff
TIKTOK → https://www.tiktok.com/@willyneff
TWITTER → https://twitter.com/TheWillNeff
INSTAGRAM → https://www.instagram.com/thewillneff/"
Happy days,"#ad Go to https://incogni.com/pewdiepie  and use code pewdiepie to get an exclusive 60% off an annual Incogni plan.

Stock Up On ➡️🥤Gfuel (affiliate): https://gfuel.ly/pewdiepie-collection
#Code #Pewdiepie

Shop my OFFICIAL merch collection: https://bit.ly/pdpstore

Official ƿ૯ωძɿ૯ƿɿ૯ TikTok: https://www.tiktok.com/@pewdiepie

∞ Official ƿ૯ωძɿ૯ƿɿ૯ Infinity Stream: https://www.twitch.tv/pewdiepie

⚙️ My Setup (affiliate links)⚙️
🎧 Headphones: https://www.anrdoezrs.net/click-100814745-14330447
🪑 C"
EGG DROP - iDubbbzTV2 vs William Osman,"THIS VIDEO WAS NOT SPONSORED BY ARBYS. But Arby if you're reading this I like your sandwiches and you should sponsor me.

Support us on Patreon: https://www.patreon.com/williamosman
Website: http://www.williamosman.com/
InstaHam: https://www.instagram.com/crabsandscience/
Twitter: https://twitter.com/CrabsAndScience
Facebook: https://www.facebook.com/williamosmanscience/
CameraManJohn: https://www.instagram.com/cameraman_john"
Learning to Make Fire the Hard Way,"If you feel I've earned it  you can support the channel here: https://www.patreon.com/mikeboyd
If you prefer, YouTube's ""Join"" feature, you can support here: https://www.youtube.com/channel/UCIRiWCPZoUyZDbydIqitHtQ/join
Want to give a one-off donation instead? https://www.buymeacoffee.com/mikeboyd
I am so grateful for any support you choose to give, financial or emotional! 🙏 Get 2 months of Skillshare Premium for free: https://skl.sh/learnquick22
Checkout my Skillshare classes: 
https://skl.sh/r"
Investigating Nugumu: An Eerie Virtual YouTuber,"Occasionally, I'll stumble upon a YouTube channel that presents itself in a way that seems a little... off. Tonight, we're going to dive into one such Japanese channel that seems to have more to it than meets the eye. 

🎡Visit Liminal Land: https://www.liminalland.net
📧Submit a mystery: NightmareExpo@gmail.com
📲Follow me: https://www.twitter.com/NexpoYT
🖤Support the channel: https://www.patreon.com/Nexpo


Wow channel: https://www.youtube.com/channel/UCSv-TsF2gkYAMr6p29Os7Hg

___________________"
When AustinShow Used Grindr for the First Time,"The worlds most infrequent podcast returns for a new episode of Showdown.

Find me on:
Twitch | https://www.twitch.tv/willneff
Twitter | https://twitter.com/TheWillNeff
Discord | https://discord.gg/neff
Instagram | https://www.instagram.com/thewillneff

Channel edited and managed by https://twitter.com/NeauxArt
#willneff #stream  #austinshow"
"If you look CLOSELY, she moves early",
"Q&A with Grant, windy walk edition","Thank you for 2^21 subscribers.
Store: http://3b1b.co/store
↓↓Links to things discussed below ↓↓

The Bit Player
https://thebitplayer.com/

The Idea Factory
https://amzn.to/325PY6W

The Information, A History, A Theory, A Flood
https://amzn.to/2QhfUtR

You can read about Lorenz in ""Chaos"", also by James Gleick
https://amzn.to/3tcXtVF

Anthropocene reviewed
https://www.wnycstudios.org/podcasts/anthropocene-reviewed

Hardcore history
https://www.dancarlin.com/

The Numberphile podcast
https://www."
Don't touch this chemical or it will explode,"Manganese heptoxide is an angry green liquid that's really unstable. It can spontaneously decompose just by touching it, and it reacts explosively with almost anything organic.

WARNING: This video involves many dangerous chemicals. Please do not attempt this.

Seriously, this chemical really doesn't want to exist (full video): https://youtu.be/2BZGjycR7YM

-------------------------------------------------------------------------------
Merch - https://nilered.tv/store
---------------------------"
How to Make 'The OG' Chopped Cheese,"Meet Jeremy Batista, the man behind Bodega Truck – the first bodega food truck in NYC to serve one of the city’s culinary staples: the chopped cheese sandwich. 

Jeremy shows us how to make his wildly popular ‘OG Chopped Cheese’, just remember to wipe the drool off your screen or people might get the wrong idea. 🧀🍔

#nyc #choppedcheese #streetfood #fastfood

Subscribe to MUNCHIES here: http://bit.ly/Subscribe-to-MUNCHIES

Follow MUNCHIES here:
TikTok: https://www.tiktok.com/@munchies
Facebook: h"
I Tried to Play an Irish Language Version of Pokemon,"For St. Patrick's Day this year, I tried to play Pokemon Red and Blue in Gaeilge, our native Irish language. I haven't studied Irish in 10 Years

Check out the Pokemon Red and Blue fan translation here. A massive thanks to Draoi for making this, it is seriously so cool to see something like this made https://www.reddit.com/r/ireland/comments/13iikd7/after_6_months_of_work_my_first_attempt_at_a/
Watch me play Irish Geoguessr with Irish friends: https://www.youtube.com/watch?v=aNgOKg0OFk4 

This v"
INSANE Match: Firouzja vs Magnus!,"➡️ Get My Chess Courses:  https://www.chessly.com/
➡️ Get my best-selling chess book: https://geni.us/gothamchess

➡️ My book in the UK and Europe: https://bit.ly/3qFqSf7
➡️ Mein Buch auf Deutsch: https://bit.ly/45fKt3R
➡️ Mi libro en Español: https://bit.ly/3Y5xaRx

➡️ Start Playing Chess FOR FREE: http://bit.ly/3Xa3EsB

➡️ Enjoy my videos? Donate Here : https://www.paypal.me/gothamchess

Email me your games: gothamletters@gmail.com
Sponsors, Business, Media: gotham@night.co - [DO NOT SEND GAME"
21 Awesome Web Features you’re not using yet,"A breakdown of the most useful new features for web developers using HTML, CSS, and JavaScript. Learn about native dialog windows, WebGPU, CSS container queries, and more. 

Check out https://clerk.com to build a beautiful user authentication system. 

#webdevelopment #javascript #top10 

💬 Chat with Me on Discord

https://discord.gg/fireship

🔗 Resources

- Web Baseline https://web.dev/baseline/
- WebDev 101 https://youtu.be/erEgovG9WBs
- JavaScript 101 https://youtu.be/lkIFF4maKMU
- Web Perfor"
I’ve Dedicated My Life to Mushrooms,"Meet the man so obsessed with mushrooms that he's dedicated his life to them. 

William Padilla-Brown is a citizen scientist who taught himself to grow, cultivate and preserve mushrooms. 

He is the first American to produce cordyceps, a rare orange mushroom that grows from the larvae of insects. 

#food #mushrooms #environment

Subscribe to MUNCHIES here: http://bit.ly/Subscribe-to-MUNCHIES

Follow MUNCHIES here:
TikTok: https://www.tiktok.com/@munchies
Facebook: http://facebook.com/munchies
In"
World’s Most Expensive Bed,
Converting from Incandescent to LED Lights #Shorts,"LED lights are more efficient than old school incandescent bulbs. LEDs use less battery power, run cooler, and look way better than the original incandescent bulbs so I am replacing all of the lights on my Hummer with new LED bulbs! #Shorts

LED Bulbs for your car: https://amzn.to/3godDHk"
Mason’s Irresistible Handheld Chicken Pot Pies,"Mason Hereford, from Turkey and The Wolf, is back in the MUNCHIES Test Kitchen to show us how to make chicken pot pie pockets from his cookbook Turkey and the Wolf: Flavor Trippin' in New Orleans.

https://www.vice.com/en/article/7kbgvx/handheld-chicken-pot-pies-recipe


Subscribe to MUNCHIES here: http://bit.ly/Subscribe-to-MUNCHIES
All MUNCHIES videos release a full week early on our site: https://video.vice.com/en_us/channel/munchies

Hungry? Sign up here for the MUNCHIES Recipes newsletter.
"
"Competitive Eater trys ASMR (Fire Noodles, Fried Chicken, Pork Rinds, ect..)","Might be the weirdest video I've ever made, but that PB&J was bomb.
Habanero + 'Da Bomb' vid - https://youtube.com/shorts/s91Jkhx42ok

#mukbang #asmr #asmrsounds #asmreating

ENJOY!!!

---Socials & Stuff----
FACEBOOK - https://www.facebook.com/mattmegatoadstonie
INSTAGRAM - https://www.instagram.com/matt_stonie
TWITCH - https://www.twitch.tv/mattstonie
TIKTOK - https://vm.tiktok.com/ZMRheEAwc/
TWITTER - https://www.twitter.com/mattstonie
WEBSITE - http://www.mattstonie.com
STONIE BOWLS - https:/"
Top 10 Facts - Futurama,"Twitter: http://lemmi.no/twitter
Facebook: http://lemmi.no/facebook


[Music]
Bird Creek - Bitters At The Saloon

Link:
https://www.youtube.com/audiolibrary/music


[References & Further Reading]
https://docs.google.com/spreadsheets/d/1uUFmXkfYhKiq46Hol5o_YoWrrGn2WmoaZAMS8XugkX4/pub?gid=170271954


[Thumbnail]
http://lemmino.deviantart.com/art/Futurama-526002898"
Your Keyboard SUCKS!? 😭,#keyboard #mechanicalkeyboard #customkeyboard
I Attempt to Solve the Biggest Rubik's Cube in the World 21x21x21,"This is the 21x21 cube World Record for most pops in a solve.

Cube ► MoYu 21x21: https://speedcubeshop.com/products/moyu-21x21

SpeedCubeShop ► https://speedcubeshop.com
Using the code ""JPERM"" supports my channel and also gives you a discount on your order.

Beginner:
2x2 Tutorial ► https://youtu.be/GANnG5a19kg
3x3 Tutorial ► https://www.youtube.com/watch?v=7Ron6MN45LY
4x4 Tutorial ► https://www.youtube.com/watch?v=KWOZHbDdOeo
5x5 Tutorial ► https://www.youtube.com/watch?v=d1I-jJlVwB4

Special "
Eating the World's Largest Gummy Bear AGAIN (World Record),"Good Video? Like & Subscribe!!

Taking on the 5lb, World's Largest Gummy Bear, again!! But this time with Morgan.
Having done this over 9 years ago, how much can I beat my old time (~41:00) by?? 

As for the ""World Record"" claim. as far as I know, the best time I can find is 11:00 by Darron Eats. Check out his video! --- https://youtu.be/neCeKZdPHHA

ENJOY!!!

---Try Stonie Bowls!---

Website - https://www.stoniebowls.com/
INSTAGRAM - https://www.instagram.com/stoniebowls/

---Socials & Stuff---"
My AWFUL Iberia Business Class Flight to Madrid,"Head to https://squarespace.com/trektrendy to save 10% off your first purchase of a website or domain using code TREKTRENDY

Join me on one of the worst flights I've taken to date, Iberia's Airbus A330 in Business Class. There was little premium about today's experience, the cabin cleanliness was shocking, the inflight food was lacking and in part inedible and given the price point of this flight - it offers poor value for money. 

As always I offer a brutally honest review of what it's like to "
Adam Savage Assembles a Working 3D-Printed Padlock!,"While Bill Doran is in town to help with a recent robot-design project, he brings along some 3D-printed kits he and Britt of @punishedprops have designed as part of their new Gizmo Thrill venture. Adam and Bill put together this lovely working fantasy padlock and chat about the process of 3D modeling mechanical toys for anyone with a 3D printer to make at home. 

Find more Gizmo Thrill's 3D-printed designs: https://www.printables.com/@GizmoThrill
How to Model 3D props at Punished Props Academy: "
The Boys on the Tracks & a 35 Year Cover-up,"Go to https://galaxylamps.co/wendigoon for a 15% discount for the first 100!


Carnage on Ice's Channel: https://www.youtube.com/channel/UC4MjVwzvB2v9XIQq7JYQxuA

IDFiles from Linda Ives: https://idfiles.com/

Change .org Petition: https://www.change.org/p/release-the-documents-for-kevin-ives-don-henry


My Links

Second channel/ Wendigang: https://www.youtube.com/channel/UCuX9...

Twitter: https://mobile.twitter.com/wendigoon8

Subreddit: https://www.reddit.com/r/wendigoon/

Merch Store: https:"
"Set a goal for time, not for an objective","If you feel I've earned it  you can support the channel here: https://www.patreon.com/mikeboyd
If you prefer, YouTube's ""Join"" feature, you can support here: https://www.youtube.com/channel/UCIRiWCPZoUyZDbydIqitHtQ/join
Want to give a one-off donation instead? https://www.buymeacoffee.com/mikeboyd
I am so grateful for any support you choose to give, financial or emotional! 🙏"
"I Was At Trumps Arraignment, It Was Insane","funny impersonator at the beginning of the video is this guy - https://www.tiktok.com/@jasonscoopcomedy?_t=8bGC9rRixx8&_r=1

Music by Gurty Beats - https://www.gurtybeats.com/

Hunter - https://www.instagram.com/hunter_weiss/"
I Built An X-ray Machine and People Are Mad,"Use code WILLIAMOSMAN14 to get up to 14 FREE MEALS across your first 5 HelloFresh boxes, plus free shipping at https://bit.ly/3xq04g6

CatWarehouse:  https://www.catwarehouse.com/

Support on Patreon: https://www.patreon.com/williamosman
Twitter: https://twitter.com/CrabsAndScience"
[Unity] Procedural Planets (E04: multiple noise filters),"In this episode we'll add support for having multiple noise filters, and create a new noise filter for producing ridge-like terrain.

Get the project files for this episode:
http://github.com/SebLague/Procedural-Planets

Editor scripts:
https://github.com/SebLague/Procedural-Planets/tree/master/Procedural%20Planet%20Hide%20Editor

Support the creation of more tutorials and get early access to new videos: https://www.patreon.com/SebastianLague"
First Class on World’s Longest Sleeper Train - The Ghan,"Skip the waitlist and invest in blue-chip art for the very first time by signing up for Masterworks: https://masterworks.art/trektrendy
Purchase shares in great masterpieces from artists like Pablo Picasso, Banksy, Andy Warhol, and more. See important Masterworks disclosures: http://masterworks.io/cd

Today I’m taking the worlds longest sleeper train across Australia, known by many as The Ghan. This luxury sleeper train is iconic, and steeped in history, with routes from the 1920’s.

I’ve booked"
Recreating Famous Katz Deli Sandwiches | Anything With Alvin,"Thank you to Bombas for sponsoring this video! One Purchased = One Donated, so head to https://bombas.com/babish and use code babish20 at checkout for 20% off your first purchase.

Katz Deli is famous for good reason, but with great fame comes very long lines. That's why we're recreating these iconic sandwiches here at home, and skipping out on the queue. 

Inspired by: https://youtu.be/mFc6Jbrmd2E?si=xN_7RbT5SofQGR_E

Follow Alvin Zhou on Instagram:  instagram.com/alvin.zhou  

Get the new Basi"
Samsung Z Flip 5 Review: I Was Wrong!,"I was wrong about how much I'd like the Galaxy Z Flip 5

MKBHD Merch: http://shop.MKBHD.com

Get a dbrand skin for the Z Flip 5 at https://dbrand.com/shop/flip5 

Tech I'm using right now: https://www.amazon.com/shop/MKBHD

Playlist of MKBHD Intro music: https://goo.gl/B3AWV5

Phone provided by Samsung for review.

~
http://twitter.com/MKBHD
http://instagram.com/MKBHD
http://facebook.com/MKBHD"
Melon Pan: A Classic Japanese Treat | Anime With Alvin ft. Rie McClenny,"This episode is sponsored by Squarespace. Head to http://bit.ly/squarespacebabish to save 10% off your first purchase of a website or domain using code BABISH.

On this episode of Anime with Alvin, we're making Melon Pan with chef and ""Make It Japanese"" author, Rie McClenny.

Follow Alvin Zhou on Instagram: https://www.instagram.com/alvin.zhou/
Follow Rie McClenny on IG: https://www.instagram.com/riemcclenny/

Pre-Order the new Basics with Babish Cookbook: https://www.bingingwithbabish.com/coo.."
I Followed A DIY Chainsaw Tutorial,"Official Eviction Fundraiser: https://www.catwarehouse.com/

Michael Reeves: https://www.youtube.com/michaelreeves

Support us on Patreon: https://www.patreon.com/williamosman
Website: http://www.williamosman.com/
InstaHam: https://www.instagram.com/crabsandscience/
Twitter: https://twitter.com/CrabsAndScience
CameraManJohn: https://www.instagram.com/cameraman_john"
The Props Workshop of Ghostbusters: Frozen Empire!,"Adam tours the Ghostbusters: Frozen Empire prop construction shop and stops by the workbenches of a few propmakers to investigate what they're building for the film. Ghostbusters: Frozen Empire is now available to buy or rent! Learn more at https://www.sonypictures.com/movies/ghostbustersfrozenempire

More Ghostbusters videos here: https://www.youtube.com/watch?v=0TkG6Gjt3eQ&list=PLJtitKU0CAehcuyrsk2-zYYT_-Yyt1TDk

Subscribe for more videos (and click the bell for notifications):  http://www.you"
This Anime Bassist Must Be Stopped,"Reacting and playing with some of the most famous Anime bass players...
nani times?!?

Backing track I used: https://youtu.be/L533huJwwO0

Subscribe for more videos: https://goo.gl/G9As1e
Reddit: https://www.reddit.com/r/Davie504/
Patreon: https://www.patreon.com/davie504
Merch: https://represent.com/store/davie504-official-merch
Twitter: https://twitter.com/Davie504bass
Instagram: https://www.instagram.com/davie504/
Facebook: http://www.facebook.com/Davie504
Discord: https://discord.gg/davie504"
[Unity 2017] Placing Objects with Physics,"In this video we look at using the new Physics.Simulate() function in Unity2017 to place objects on a terrain.

Source: https://github.com/SebLague/Object-Placement-with-Physics

Support the creation of more gamedev tutorials:
https://www.patreon.com/SebastianLague"
Mind reading unlike anything I've ever seen! | Steven Bridges,"Mind reading so good it genuinely annoyed me!  - Buy tickets to their show: http://gigst.rs/DNA

PATREON: http://patreon.com/StevenBridges

DNA MIND READERS SOCIALS: 
Instagram: http://instagram.com/DNAmindreaders
Twitter: http://twitter.com/DNAmindreaders
Facebook: http://fb.me/DNAmindreaders

SOCIALS: 
Instagram: http://instagram.com/StevenBridges
Twitter: http://twitter.com/StevenBridges
Facebook: http://fb.me/StevenBridges
Snapchat: StevenBridgesTV

Second Channel: http://youtube.com/stevenb"
Let's Play All of Super Mario Bros. Wonder,"Wowie Zowie, it's Fever Dream Mario. Let's 100% Complete Super Mario Bros. Wonder

Watch all of my full playthroughs of Mario Games: https://www.youtube.com/watch?v=71ak7Ru8nh4&list=PLliBvQE3gg9dPJ_jQMkvqqhmCgukCasq9

~This video was recorded live on my Twitch Channel: http://www.twitch.tv/rtgame
~Subscribe if you'd like to see more! https://www.youtube.com/@RTGame?sub_confirmation=1
~Become a Youtube Member to support me: https://www.youtube.com/channel/UCRC6cNamj9tYAO6h_RXd5xA/join

~Follow me"
28 Layer Chocolate Cake | Anything With Alvin,"This episode is sponsored by Squarespace. Head to http://bit.ly/squarespacebabish to save 10% off your first purchase of a website or domain using code BABISH.

This week on Anything with Alvin: A decadent, 28-layer chocolate cake for all your dessert-making needs - inspired by the famous 24-layer cake at Strip House.

Reference video: https://www.youtube.com/watch?v=JtKt8yv5Qro

Follow Alvin Zhou on Instagram:  instagram.com/alvin.zhou  

Order the new Basics with Babish Cookbook: https://www.b"
Top 10 Facts - Space [Part 4],"Twitter: http://lemmi.no/twitter
Facebook: http://lemmi.no/facebook


Multiple sequences captured with SpaceEngine:
https://www.spaceengine.org/


[Music]
Puddle of Infinity - Open Sea Morning

Link:
https://www.youtube.com/audiolibrary/music


[References & Further Reading]
https://docs.google.com/spreadsheets/d/1uUFmXkfYhKiq46Hol5o_YoWrrGn2WmoaZAMS8XugkX4/pub?gid=302684451


[Thumbnail]
http://lemmino.deviantart.com/art/Space-465760909"
I Tried Etiquette School,"Use code CODYKO for $20 off your first SeatGeek order. 
https://seatgeek.onelink.me/RrnK/CODYKO



Follow Jules on Instgram: @etiquettecoach
Follow her youtube: https://www.youtube.com/channel/UCGJUq8vVOGdCD3WBtrD5GKg
Her Website: https://juleshirst.com/


merch: ko-official.com
podcast: https://www.youtube.com/tinymeatgang
2nd channel: https://www.youtube.com/channel/UCy06jHRS_82N2i5v1YL7glQ

instagram: http://instagram.com/codyko
twitter: http://twitter.com/codyko

business: mahzad.babayan@uni"
Top 10 Facts - Fallout,"Twitter: http://lemmi.no/twitter
Facebook: http://lemmi.no/facebook


[Music]
Ambassadors - Me And The Man In The Moon
https://archive.org/details/TheAmbassadorsMeAndTheManInTheMoon

Doug Maxwell & Media Right Productions - Lost In The Forest
https://www.youtube.com/audiolibrary/music


[References & Further Reading]
https://docs.google.com/spreadsheets/d/1uUFmXkfYhKiq46Hol5o_YoWrrGn2WmoaZAMS8XugkX4/pub?gid=552350600


[Thumbnail]
http://lemmino.deviantart.com/art/Fallout-538989467"
5 Minute Bonsai 😱,#plants #diy #shorts
The Universe is Hostile to Computers,"Tiny particles from distant galaxies have caused plane accidents, election interference and game glitches. This video is sponsored by Brilliant. The first 200 people to sign up via https://brilliant.org/veritasium get 20% off a yearly subscription.

This video was inspired by the RadioLab Podcast ""Bit Flip"" https://ve42.co/BF -- they're brilliant science storytellers.

A Huge thanks to Dr Leif Scheick, Calla Cofield and the JPL Media Relations Team.

Thanks to Col Chris Hadfield. Check out his b"
Heaven's Gate: What You Didn't Know,"🎡Visit Liminal Land: https://www.liminalland.net
📧Submit a mystery: NightmareExpo@gmail.com
📲Follow me: https://www.twitter.com/NexpoYT
🖤Support the channel: https://www.patreon.com/Nexpo

--------------------------------------------------------------------------------------
Music:
Myuuji - Misconception
Myuuji - The End is Always Near

Stock footage courtesy of:
Tim Z: https://www.youtube.com/user/Running1226"
The Conspiracy Theory Iceberg (part 8 2/3) Explained,"Video Sponsored by Ridge Wallet. Check them out here: https://ridge.com/WENDIGOON Use Code “WENDIGOON” for 10% off your order 

Wendigoon Plush: https://makeship.com/collections/featured/products/wendigoon-plush

Thank you all so much for watching and please let me know what you think! 

Links

Patreon: https://www.patreon.com/wendigoon

Twitter: https://mobile.twitter.com/wendigoon8

Subreddit: https://www.reddit.com/r/wendigoon/

Sweatshirt: https://wendigoon.myshopify.com/products/wendigoon-c"
The worst Hoarder on the Planet.,"#AD - Get exclusive NordVPN deal here ➵ https://NordVPN.com/pewdiepie It’s risk free with Nord’s 30 day money-back guarantee!""✌

Stock Up On ➡️🥤Gfuel (affiliate): https://gfuel.ly/pewdiepie-collection
#Code #Pewdiepie

Shop my OFFICIAL merch collection: https://bit.ly/pdpstore

∞ Official ƿ૯ωძɿ૯ƿɿ૯ Infinity Stream: https://www.twitch.tv/pewdiepie

⚙️ My Setup (affiliate links)⚙️
🎧 Headphones: https://www.anrdoezrs.net/click-100814745-14330447
🪑 Chair: https://tinyurl.com/clutchpdp
⌨️ 🖱️ Keyboard"
THE. BUTTON.,"grab some hippie juice: http://bit.ly/CodyHippieJuice

merch: http://ko-official.com
podcast: https://www.youtube.com/tinymeatgang
2nd channel: https://www.youtube.com/channel/UCy06jHRS_82N2i5v1YL7glQ

instagram: http://instagram.com/codyko
twitter: http://twitter.com/codyko

business: mahzad.babayan@unitedtalent.com

edited by: https://www.youtube.com/goofyjuice"
I asked my girlfriend to stream for me...,"follow me on twitter ► https://www.twitter.com/ludwigahgren
follow me on tiktok ► https://www.tiktok.com/@ludwig
follow me on instagram ► https://www.instagram.com/ludwigahgren
join my subreddit ► https://old.reddit.com/r/LudwigAhgren/
join my discord ► https://discord.gg/ludwig
LINK TO EVERYTHING ► https://wlo.link/@ludwig


edited by: https://twitter.com/camerondiro

#ludwig"
Huge Xbox Email Leaks,"i was eepy so forgive my energy level. pretty insane leaks though. someone at the FTC in trouble. 

WATCH LIVE ► https://www.twitch.tv/atrioc
TWITTER ►https://www.twitter.com/atrioc
DISCORD ►  https://discord.com/invite/Dar3UDx
REDDIT ► https://reddit.com/r/Atrioc/

Edited by ME

FULL VOD: [VOD LINK]
#atrioc #stream #gaming"
Answering Your Questions,"Let's talk about some stuff! My process for creating videos, unfinished projects, thoughts on Godot, and more.

Support on Patreon: https://www.patreon.com/SebastianLague
My (very crude) video tools:
https://github.com/SebLague/VidTools
Godot Marching Cubes Experiment:
https://github.com/SebLague/Godot-Marching-Cubes
Shapes by Freya: https://www.youtube.com/@Acegikmo
https://acegikmo.com/shapes/
Music credits:
https://github.com/SebLague/Misc-Project-Info/blob/main/Other%20Videos/Q%26A%20Credits"
Hummer Portal Hub Cover DIY #Shorts,"Let me show you how to install portal hub covers on my Durmax swapped Hummer H1!
Hub Covers I Installed: https://modmafia.com/products/vented-inspection-hub-covers
#Shorts"
Bedroom bassist Davie504 finally plays in front of an audience,"Master of Puppets from Metallica, but it's played on BASS live!
i played in front of thousands of YOU at the Davie504 vs TwoSetViolin music battle.
FULL SHOW: https://www.sistic.com.sg/events/sltwosetdavievod0223
Merch: https://twosetvsdavie.com/

.. not the cleanest bass slapping, but very epic times nonetheless"
What's with Hammerhead Sharks?,"You can buy my books here:
https://stevemould.com/books

You can support me on Patreon and get access to the exclusive Discord:
https://www.patreon.com/stevemould

just like these amazing people:

Glenn Watson
Peter Turner
Joël van der Loo
Matthew Cocke
Mark Brouwer
Deneb

Twitter: http://twitter.com/moulds
Instagram: https://www.instagram.com/stevemouldscience/
Facebook: https://www.facebook.com/stevemouldscience/
TikTok: https://www.tiktok.com/@stevemould
Buy nerdy maths things: http://mathsge"
How Electricity Actually Works,"This video is sponsored by Brilliant. The first 200 people to sign up via https://brilliant.org/veritasium get 20% off a yearly subscription.

Special thanks to:
Bruce Sherwood, Ruth Chabay, Aaron Titus, and Steve Spicklemore
https://matterandinteractions.org
VPython simulation: http://tinyurl.com/SurfaceCharge

Thanks to Ansys for help with the simulations: https://www.ansys.com/products/electronics/ansys-hfss

Huge thanks to Richard Abbott from Caltech for all his modeling 

Electrical Enginee"
7 tech leaders who ended up in prison,"Yesterday, Sam Bankman-Fried was sentenced to 25 years in prison. Let's look at 7 other tech leaders and entrepreneurs who broke the law and went to prison. 

#tech #hacking #thecodereport 

💬 Chat with Me on Discord

https://discord.gg/fireship

🔗 Resources

Full Stripe Payments Course https://fireship.io/courses/stripe-saas
Tech Trends 2024 https://youtu.be/vyQv563Y-fk

🔥 Get More Content - Upgrade to PRO

Upgrade at https://fireship.io/pro
Use code YT25 for 25% off PRO access 

🎨 My Editor Se"
"Every Country On Earth Fights For $250,000!","New Merch - https://mrbeast.store

Thanks! https://fie.org

Check out Viewstats! - https://www.viewstats.com/

SUBSCRIBE OR I TAKE YOUR DOG
╔═╦╗╔╦╗╔═╦═╦╦╦╦╗╔═╗
║╚╣║║║╚╣╚╣╔╣╔╣║╚╣═╣ 
╠╗║╚╝║║╠╗║╚╣║║║║║═╣
╚═╩══╩═╩═╩═╩╝╚╩═╩═╝

Music Provided by https://www.extrememusic.com

For any questions or inquiries regarding this video please reach out to chucky@mrbeastbusiness.com 

----------------------------------------------------------------
follow all of these or i will kick you
• Facebook - https://www."
Primitive Technology: Roasted Ore and Shell Flux Smelt,"Primitive Technology: Roasted Ore and Shell Flux Smelt
Subscribe: http://bit.ly/subPT | Never miss a video! Enable ‘ALL’ Notifications!
Watch my newsest content: https://youtube.com/playlist?list=PLGnWLXjIDnpBR4xqf3FO-xFFwE-ucq4Fj&playnext=1&index=2

Follow Primitive Technology:
Wordpress: https://primitivetechnology.wordpress.com/
Patreon: https://patreon.com/user?u=2945881

Watch More Primitive Technology:
Newest Uploads: https://youtube.com/playlist?list=PLGnWLXjIDnpBR4xqf3FO-xFFwE-ucq4Fj&pla"
A Stupid Stupid Man Plays Dave the Diver,"Meet Dave, he loves to dive and eat sushi. He is also in incredible danger 

Watch more Subnautica: https://www.youtube.com/watch?v=fJ8_AnhkKWM&list=PLliBvQE3gg9fGqKuzQnjNXB6a5GSF2ibF&index=1

~This video was recorded live on my Twitch Channel: http://www.twitch.tv/rtgame
~Subscribe if you'd like to see more! https://www.youtube.com/@RTGame?sub_confirmation=1
~Become a Youtube Member to support me: https://www.youtube.com/channel/UCRC6cNamj9tYAO6h_RXd5xA/join

~Follow me on Twitter: https://twit"
The Weirdest Divorce Ever w/ Kurtis Conner,"Go to https://expressvpn.com/codyko and find out how you can get 3 months of ExpressVPN free!

MERCH: http://ko-official.com

Kurtis: https://www.youtube.com/user/kurtisconner

podcast: https://www.youtube.com/tinymeatgang
2nd channel: https://www.youtube.com/channel/UCy06jHRS_82N2i5v1YL7glQ
new song: https://song.link/us/i/1533963500

instagram: http://instagram.com/codyko
twitter: http://twitter.com/codyko

business: mahzad.babayan@unitedtalent.com

edited by: https://www.twitter.com/realzade"
Late Night Munchies: Baltimore Edition,"Join Aaron Dante, host and owner of the award-winning podcast NoPixAfterDark, as he takes us on a boozy and culinary journey through his favorite spots in Baltimore. From the best crab cakes to late-night Korean bites, Aaron's picks showcase the diverse and delicious food scene and the vibrant nightlife in Charm City. Don't miss out on this tequila-fueled adventure!



Maggie’s Farm 00:00

Koco’s Pub 01:07

Clavel 03:10

Black Swan 06:49

Kong (Pocha) 10:23

Subscribe to MUNCHIES here: http://bi"
How to Tell Your Client Bad News,"How would Adam Savage go about having to cancel on a client? What's a professional way to explain to a client that you may miss your deadline? In this live stream excerpt, Adam Savage answers these questions from Tested members @Stephanie Ferrante and @Righteous Robot, whom we thank for their support! Join this channel to support Tested and get access to perks, like asking Adam questions during live streams:
https://www.youtube.com/channel/UCiDJtJKMICpb9B1qf7qjEOA/join

Subscribe for more videos"
I Hosted the World's First AI Music Tournament,"Using Suno AI which streamer can make the best song?

Thanks to Hasan, QTCinderella, AustinShow,  Nandre, WakeWilder, Cyr, Caroline, Carter, and TJBrown!

Full song playlist: https://app.suno.ai/playlist/b176101c-0a3a-4a6c-9584-5bb03ba6153f/

Find me on:
Twitch | https://www.twitch.tv/willneff
Twitter | https://twitter.com/TheWillNeff
Discord | https://discord.gg/neff
Instagram | https://www.instagram.com/thewillneff

Channel edited and managed by https://twitter.com/NeauxArt
#willneff #qtcinder"
The Ultimate Fight: Tardigrade vs. Bird #shorts #kurzgesagt,"Follow us for more sciencey content.

Sources & further reading: 
https://sites.google.com/view/kgs-tiktok-sources

Tardigrades win in the ""coolest nickname"" category as well, as they are also known as ""water bears""! 
#kurzgesagt #kurzgesagt_inanutshell #inanutshell #tardigrade #microbiology #waterbears #science #underthemicroscope #epicfight #microcosmos


OUR CHANNELS
▀▀▀▀▀▀▀▀▀▀▀▀▀▀▀▀▀▀▀▀▀▀▀▀▀▀
German:        https://kgs.link/youtubeDE
Spanish:        https://kgs.link/youtubeES
French:        "
How 3D Printing Changed This Dog's Life!,"This company uses an iPhone to scan, fit and 3D print prosthetics for pets of all shapes and sizes, and it's awesome ♥️

3DPets: https://www.3dpetsprosthetics.com/

MKBHD Merch: http://shop.MKBHD.com

Tech I'm using right now: https://www.amazon.com/shop/MKBHD

Playlist of MKBHD Intro music: https://goo.gl/B3AWV5

~
http://twitter.com/MKBHD
http://instagram.com/MKBHD
http://facebook.com/MKBHD"
$24K EUROPEAN GEOGUESSR FINALS,"top players from emea regionals compete to crown one winner.

edited by: rawcruz"
Why Build A Custom Keyboard in 2024? (IQunix Nature 80 Build),"Sponsored by Iqunix: 
SAVE 5% ON IQUNIX WITH CODE HIPYO
Nature 80: https://iqunix.com/products/nature-80?click_id=Hipyo
Keycap: https://iqunix.com/pages/pbt-keycap-sets?click_id=Hipyo
Switch: https://iqunix.com/products/switches?click_id=Hipyo
New deskmat: https://hipyo-shop.fourthwall.com/products/coastal-retreat-desk-mat

Stream my new single here: https://kadelimusic.com/focus

Want to donate? Click here! https://streamlabs.com/hipyotech

BUY MY MERCH 
https://shop.spreadshirt.com/hipyotech/
"
My Normal Australian House Tour,"This video is a homage to my house and all the times it sheltered me from weather conditions that i no longer have to think about as i lie in bed at night. Thankyou house!


Patreon: https://www.patreon.com/user?u=13180179
Twitter: https://twitter.com/ididathing1
Discord: https://discord.gg/FMAgmBk

Music: 
royalty free Music by Giorgio Di Campo for FreeSound Music 
http://freesoundmusic.eu
https://www.facebook.com/freemusicfor...
https://youtube.com/freesoundmusic
original video: https://www.yo"
Why Do Glass Syringes Spin Endlessly? #shorts,"You can buy my books here:
https://stevemould.com/books

You can support me on Patreon and get access to the exclusive Discord:
https://www.patreon.com/stevemould

just like these amazing people:

Glenn Watson
Peter Turner
Joël van der Loo
Matthew Cocke
Mark Brouwer
Deneb

Twitter: http://twitter.com/moulds
Instagram: https://www.instagram.com/stevemouldscience/
Facebook: https://www.facebook.com/stevemouldscience/
TikTok: https://www.tiktok.com/@stevemould
Buy nerdy maths things: http://mathsge"
I'm Tired Of Looking Homeless,"Follow me on twitter or I'll never fix my hair https://twitter.com/CrabsAndScience
Patreon: https://www.patreon.com/williamosman
InstaHam: https://www.instagram.com/crabsandscience/"
Can Twitch Chat actually beat RANDOM INPUTS in Mario Party?,"The most skilled game of Mario Party ever.

Streaming live on Twitch! https://www.twitch.tv/dougdoug
Full stream recording: https://www.youtube.com/watch?v=VcgFID9qtEg

Edited by CyVoltage! https://www.youtube.com/c/CyVoltage

My 2nd Channel: http://bit.ly/dougdoug2
Twitter: https://twitter.com/DougDougFood

More DugDug:
Latest Uploads: https://www.youtube.com/watch?v=rp4cH7mb4X4&list=PLzTxt5iYdhziB3Zf03HR_aZWgJ49ffj-d&index=2
Explained with Food: https://www.youtube.com/playlist?list=PLzTxt5iYd"
Top 10 Facts - The Witcher,"Twitter: http://lemmi.no/twitter
Facebook: http://lemmi.no/facebook


[Music]
Kevin MacLeod - Teller of the Tales

Creative Commons Attribution:
http://creativecommons.org/licenses/by/3.0/

Link:
http://incompetech.com/music/royalty-free/index.html?isrc=USUAN1400020


[References & Further Reading]
https://docs.google.com/spreadsheets/d/1uUFmXkfYhKiq46Hol5o_YoWrrGn2WmoaZAMS8XugkX4/pub?gid=1302983508


[Thumbnail]
http://lemmino.deviantart.com/art/The-Witcher-573837326"
Irish Cream Liqueur is Grown Up Chocolate Milk,"Irish cream liqueur is like chocolate milk for the grown-ups.

Want Bon Appétit shirts, hats and more? https://shop.bonappetit.com/?utm_source=youtube&utm_brand=ba&utm_campaign=aud-dev&utm_medium=video&utm_content=merch-shop-promo

Still haven’t subscribed to Bon Appétit on YouTube? ►► http://bit.ly/1TLeyPn

Want more Bon Appétit in your life? Subscribe to the magazine! https://bit.ly/313UWRu

ABOUT BON APPÉTIT
Bon Appétit is a highly opinionated food brand that wants everyone to love coo"
watch to DOMINATE 2024 #sigmaedit,"#ad - Shop the BEST tasting, ZERO sugar Energy Drink: https://gfuel.ly/pewdiepie

#ad - 🌏 Get exclusive NordVPN deal here ➵ https://NordVPN.com/pewdiepie It’s risk free with Nord’s 30 day money-back guarantee!✌

Official ƿ૯ωძɿ૯ƿɿ૯ TikTok: https://www.tiktok.com/@pewdiepie

∞ Official ƿ૯ωძɿ૯ƿɿ૯ Infinity Stream: https://www.twitch.tv/pewdiepie

⚙️ My Setup (affiliate links)⚙️
🎧 Headphones: https://www.anrdoezrs.net/click-100814745-14330447
🪑 Chair: https://tinyurl.com/clutchpdp
⌨️ 🖱️ Keyboard & Mo"
This is the hardest drum riff ever,#shorts
Oh No! You're in The Backrooms,"I have never experienced The Backrooms and it is unfortunately time to experience The Backrooms

Donate to WDC here: https://tiltify.com/@rtgamecrowd/rtgame-saves-whales-and-dolphins-2023
Learn more about WDC: https://uk.whales.org/
Learn more about the Yogscast Jingle Jam: https://www.jinglejam.co.uk/impact

This stream was recorded as part of the Yogscast Jingle Jam 2023. Thank you to everyone who's helped us support charity this holiday season.

~This video was recorded live on my Twitch Chan"
The transistor as a current controlled switch | Digital electronics (7 of 10),"Often times transistors act more like switches. Here we see why. Thinking of transistors in this way might make digital circuits easier to understand.

Support me on Patreon: https://www.patreon.com/beneater"
Trick to Remove Studs from an Engine #Shorts,"Learn how to quickly and easily remove studs from an engine with using the two-nut trick! Studs do not have any ends for a wrench or ratchet to grab onto and using a plyers can damage the threads but this method will not damage the threads at all. 

#Shorts"
"Kanye, you broke my heart",
World's First Flying Graduation Cap,@mit
Women Are Hiding This From You,"I don't think this video is going to be monetized...

Find me on:
Twitch | https://www.twitch.tv/willneff
Twitter | https://twitter.com/TheWillNeff
Discord | https://discord.gg/neff
Instagram | https://www.instagram.com/thewillneff

Channel edited and managed by https://twitter.com/NeauxArt
#willneff #twitch #stream"
🔴WE NEED TO TALK - I GOT BAD NEWS (AND GOOD NEWS),"DONATE FOR TTS HERE ► https://streamelements.com/ludwig/tip
AI TTS GUIDE (ONLY WORKS WITH ABOVE LINK) ► https://tts.monster/yt/ucrpseylgpnygvi34qpgnqpa

GET THE TRUFFLE.TV EXTENSION FOR EMOTES, CHANNEL POINTS, PREDICTIONS, AND MORE! ► https://truffle.vip/extension 

follow me on twitter ► https://www.twitter.com/ludwigahgren
follow me on tiktok ► https://www.tiktok.com/@ludwig
follow me on instagram ► https://www.instagram.com/ludwigahgren
join my subreddit ► https://old.reddit.com/r/LudwigAhgre"
Someone HIJACKED My Show!,"TOP 4 BUSKING AMPS: http://www.stevenbridges.co.uk/best-amp

Street Magician: Day In The Life: https://www.youtube.com/watch?v=j6TJiL0nG9o


| Subscribe: http://bit.do/Steven | Insta/Snap: StevenBridgesTV
Support me on Patreon: http://patreon.com/StevenBridges

Instagram: http://instagram.com/StevenBridgesTV
Facebook: http://facebook.com/StevenBridgesMagician
Twitter: http://twitter.com/StevenBridges
Website: http://www.stevenbridges.co.uk"
Backyard Squirrel Maze 1.0- Ninja Warrior Course,"Squirrels were stealing my bird seed so I solved the problem with mechanical engineering :)

Here is an explanation of the illusion dish thing!- https://demos.smu.ca/index.php/demos/optics/69-mirage-mirror

Here is a link to the illusion dish (not sponsored :) https://www.amazon.com/dp/B0718XCG7F/ref=cm_sw_em_r_mt_dp_U_D9PYEbC85X14F

I started a company called CrunchLabs where we build a toy together and then I teach you all the juicy physics for how it works. So if you want to learn to think li"
The RIDDLER Puzzle Box!,"MY SHOP: https://www.1st.shop/

***MY OTHER CHANNELS***
AREA52: @area52investigations
My Podcast: @bottomofthebarrel
Gaming Channel: @chrisramsaytv
My Twitch Channel: https://www.twitch.tv/chrisramsay52
____________________________________________________________
Thanks to Apurture for the lighting:
https://glnk.io/73j1x/chris-ramsayaputureaffiliate
____________________________________________________________
Cool Stuff Available here: https://bit.ly/3f8RDm0
1000's of PUZZLES Available here: htt"
"Spring beekeeping - swarming honeybees, expanding colony numbers, honey production and re-queening","Let BetterHelp connect you to a therapist who can support you - all from the comfort of your own home. Visit https://betterhelp.com/justalex and enjoy a special discount on your first month #ad Beekeeping has been hectic recently. Swarming bees, splitting colonies, harvesting honey and getting some new queen bees for my colonies. 
Get queen bees and nucs here - https://www.blackmountainhoney.co.uk/
Check out my Instagram - https://www.instagram.com/alex_smith1809/
Support the Just Alex Channel o"
Our Brains Are Not Special. But Why Are We? #shorts,"Only science can tell us we're not special and get away with it... 😒

#inanutshell #kurzgesagt #kurzgesagt_inanutshell #learnwithshorts #science #biologyclass #biologyshorts  #anatomylesson #brain #medicalshorts  #nervoussystem #humananatomy #neurology

Sources & further reading: 
https://sites.google.com/view/kgs-tiktok-sources

Follow us for more sciencey content! 🦆

OUR CHANNELS
▀▀▀▀▀▀▀▀▀▀▀▀▀▀▀▀▀▀▀▀▀▀▀▀▀▀
German:        https://kgs.link/youtubeDE
Spanish:        https://kgs.link/youtubeES
Fre"
Nexpo: Extended Play | Video Extras,"Hey everyone. Had some requests for full versions of the new intro/old outro songs that I've used so I've consolidated them here for you to jam to. 

Hope you enjoy!

Track 1 (0:00): 
""Black Heat"" (NE Edit) - Ross Bugden
https://soundcloud.com/rossbugden

Track 2 (3:57):
""Kooler"" - ZachJ
https://soundcloud.com/zachj-music

----------------------------------------------------------------------------

🎡Visit Liminal Land: https://www.liminalland.net
📧Submit a mystery: NightmareExpo@gmail.com
📲Foll"
Creating the PERFECT Connect 4 A.I.,"Using AI to crush nerds Connect 4, because people play connect 4 online apparently. Huge thanks to KiwiCo for sponsoring this video.
Check out https://www.KiwiCo.com/CodeBullet for 50% off your first month of any subscription.

Twitter: https://twitter.com/code_bullet
Patreon: https://www.patreon.com/CodeBullet
Discord: https://discord.gg/UZDMYx5

Art created by @Dachi.art https://www.instagram.com/dachi.art"
Apple Vision Pro Hidden Feature ✈️ #protip,It works best on airplanes
pro geoguessr tournament on world's most rural map,"its not an easy map. enjoy this 3v3 a rural world pro geoguessr tournament! live every saturday w/ pro tournaments on twitch.tv/rainbolt.

patreon for more: https://www.patreon.com/professionalgeoguessr
edited by: rawcruz (linktr.ee/rawcruz)"
How programmers flex on each other,"Top 10 ways developers flex on each other. Learn how to show off your achievements in the world of programming.  

#programming #humor #top10 

💸 Get 1 month of YT Premium for free https://youtube.com/premium?cc=fireship

🔥 Thanks to  @LowLevelLearning  for the PR!  

💬 Chat with Me on Discord https://discord.gg/fireship

Disclosure: 

Sign up for YouTube Premium today and get a 1 month free trial for individual plan: youtube.com/premium?cc=fireship Monthly paid subscription. Price per month var"
My tips on how to survive the apocolypse,"We need to embrace climate change. Let me tell you why!


Follow me twitter: https://twitter.com/ididathing1
Discord: https://discord.gg/FMAgmBk
Patreon: https://www.patreon.com/user?u=13180179



Sauces:

https://en.wikipedia.org/wiki/Tomato_sauce
https://en.wikipedia.org/wiki/Barbecue_sauce
https://en.wikipedia.org/wiki/Mustard_(condiment)
https://www.abc.net.au/news/2019-11-26/nsw-bushfires-phil-koperberg-says-climate-change-a-factor/11735252
https://www.crikey.com.au/2019/11/11/nsw"
The Tea,"In which John worries--which to be fair is his background emotion--about doing two things well. Check out the tea: https://good.store/discount/TRYTHETEA?redirect=/collections/trythetea and get 50% off your first subscription order.

Or join the thousands of monthly donors to our project in Sierra Leone: http://pih.org/hankandjohn

Or check out good store more generally, where 100% of the profit goes to charity: http://good.store


----
Subscribe to our newsletter! https://werehere.beehiiv.com/su"
I Tried Making AI Video... Accidentally made Nightmares!!,"#AD - 🌏 Get exclusive NordVPN deal here ➵ https://NordVPN.com/pewdiepie It’s risk free with Nord’s 30 day money-back guarantee!✌

INCOMING!!! https://pewdiepie.amaze.co/

Stock Up On ➡️🥤Gfuel (affiliate): https://gfuel.ly/pewdiepie-collection
#Code #Pewdiepie

∞ Official ƿ૯ωძɿ૯ƿɿ૯ Infinity Stream: https://www.twitch.tv/pewdiepie

⚙️ My Setup (affiliate links)⚙️
🎧 Headphones: https://www.anrdoezrs.net/click-100814745-14330447
🪑 Chair: https://tinyurl.com/clutchpdp
⌨️ 🖱️ Keyboard & Mouse: https://"
"I modded GTA Street Races to be much, MUCH harder","I made 10 custom mods that make GTA 5 Street Races insanely hard

Streaming live on Twitch! https://www.twitch.tv/dougdoug
Full stream recording: https://www.youtube.com/watch?v=1QzOV0sA9_E

My 2nd Channel: http://bit.ly/dougdoug2
Twitter: https://twitter.com/DougDougFood

Edited by Berry Bebop! https://www.youtube.com/channel/UC7qD5Q5OmAFEo8mmjhac3GA

More DugDug:
Latest Uploads: https://www.youtube.com/watch?v=rp4cH7mb4X4&list=PLzTxt5iYdhziB3Zf03HR_aZWgJ49ffj-d&index=2
Explained with Food: htt"
America's Second Favorite Fourth Tier English Soccer Team,"SECOND TO LAST DAY OF PIZZAMAS! http://pizzamas.com

There's a 20-way tie for third. 

In which John discusses his beloved AFC Wimbledon, which is not Wrexham (the club owned by Rob McIlhenny and Ryan Reynolds) but is ........ in second place? Other topics discussed included Joe Lewis's shorts, Ali al-Hamadi, Jack Currie, and Joe Lewis's shorts. Also, the surprising ways in which AFC Wimbledon is helping nerdfighteria learn how to make change.

----
Subscribe to our newsletter! http://eepurl.com"
Pokemon Conquest: The Forgotten Pokemon Strategy Game,"Welcome to the Ransei region, you are a Pokemon warlord. Nobunaga is invading, grab an Eevee and form an army

Watch more Pokemon games: https://www.youtube.com/watch?v=CBLjHtO7SL4

~This video was recorded live on my Twitch Channel: http://www.twitch.tv/rtgame
~Subscribe if you'd like to see more! https://www.youtube.com/@RTGame?sub_confirmation=1
~Become a Youtube Member to support me: https://www.youtube.com/channel/UCRC6cNamj9tYAO6h_RXd5xA/join

~Follow me on Twitter: https://twitter.com/RTG"
The 120 Chicken McNugget Challenge REVISITED (solo),"First 1,000 to sign up get 1 Month FREE!! ➡️ https://skl.sh/mattstonie08211
Video Sponsored by: Skillshare

REVISITING one of my old challenges from way back!! The 120  McDonalds Chicken McNugget Challenge!!
Back in 2012 I way able to complete the challenge in 14:33. I distinctly remember the challenge being extremely tough on the jaws... so I wonder... how will I do 9 years later??

Old Vid Link - https://youtu.be/FlP7gQPR9Zw

ENJOY!!!

---Try Stonie Bowls!---

Website - https://www.stoniebowls"
"Which Chicken Sandwich is really the BEST?? (Tier List - Taco Bell, BK, Canes...)","Thanks to Fetch Rewards for sponsoring this video! Download Fetch now and use code STONIE and get 5,000 points on your first receipt! → https://fetch.thld.co/stonie

The time has come for my first ever Tier List!! Truth be told, I never got into the Chicken Sandwich craze, so majority of these I've never tried before.

Alot of brain power went into this.... 

ENJOY!!!

---Try Stonie Bowls!---

Website - https://www.stoniebowls.com/
INSTAGRAM - https://www.instagram.com/stoniebowls/

---Socials &"
I knocked her out on National Women's Day #willneff #boxing #twitch,"Follow me!
TWITCH → https://www.twitch.tv/willneff
TIKTOK → https://www.tiktok.com/@willyneff
TWITTER → https://twitter.com/TheWillNeff
INSTAGRAM → https://www.instagram.com/thewillneff/

Find my podcast here → @FearAndPodcast

Edited by:  https://twitter.com/jookien"
The Video Game Tied to a Cult (ft. MamaMax),"In mid-2013, a charming indie game by the name of Kanye Quest was uploaded to RPGMaker. While it was initially well-received; two years later, a mysterious anon would release information that would not only change everyone's preconceptions, but also send them spiraling into an eerie mystery.

🎡Visit Liminal Land: https://www.liminalland.net
📧Submit a mystery: NightmareExpo@gmail.com
📲Follow me: https://www.twitter.com/NexpoYT
🖤Support the channel: https://www.patreon.com/Nexpo

-----------------"
Smoking is Awesome,"Get the exclusive NordVPN deal + 4 months extra here: https://nordvpn.com/kurzgesagt 
It's risk-free with Nord’s 30-day money-back guarantee!

Learn how to create positive habits with your very own kurzgesagt Habit Journal. 
It’s packed with science and plenty of helpful birbs. 
Only available on the kurzgesagt shop: https://shop.kgs.link/Habits-24

Sources & further reading (& quitting strategy links):
https://sites.google.com/view/sources-smoking/

We need to have an honest conversation about "
I finally found a useful monorail.,"The Doppelmayr Garaventa Monorack is a decades-old product. I've no idea how I missed it before. But for the third video in the Monorail Trilogy, this isn't an advert: I'm just happy to be proved wrong. ▪ More about the Monorack: https://www.doppelmayr.com/products/monorack/

Previously, Wuppertal in 2016: https://www.youtube.com/watch?v=F4KZLcvMQWg (I'm not proud of this video -- the Tim Traveller has done a much better video on the system here, and you should probably watch that instead: https"
I Ate Like a ZOMBIE for a Day,"Thank you to Techland for sponsoring this video. Get your hands on Dying Light 2: Stay Human https://wehy.pe/y/1/MattStonie

For much anticipated release of Dying Light 2, I was challenge to get in character and Eat Like a Zombie. & what do Zombies love??

Barbeque!!
(or I think so, I bet they would..)

Good Video? Like/Fav & Share!!

ENJOY!!!

---Try Stonie Bowls!---

Website - https://www.stoniebowls.com/
INSTAGRAM - https://www.instagram.com/stoniebowls/

---Socials & Stuff----
FACEBOOK  - ht"
We built Monoliths all around the World! ft. @TheAuntyDonnaChannel,"Tiktok: https://www.tiktok.com/@ididathing
Instagram: https://www.instagram.com/ididathing_official
Patreon: https://www.patreon.com/user?u=13180179
Twitter: https://twitter.com/ididathing1
Discord: https://discord.gg/mppfmHW"
critically ranking geoguessr players,"who wins

https://docs.google.com/spreadsheets/d/1x-24IlfpIwWwe9vRQENsnAd5PHG6hl9EyTndY36iCFY/edit?usp=sharing

edited by: rawcruz (linktr.ee/rawcruz)"
We Tried Doing 5 Minute Crafts in 1 Minute...,"We Tried doing 5 Minute Crafts in 1 Minute!
🌈 Get the Clothes We're Wearing for 10% OFF with code ""COLDONES""  👉🏻 https://bit.ly/coolshirtzz
🅿️ Pledge to our patreon for extended videos: https://www.patreon.com/coldones

SEND STUFF TO OUR PO BOX AND IT MIGHT BE FEATURED IN A VID: ✉️📬
PO Box 5091
Glenferrie south
VIC 3122
Australia
_______________________________________________________________
SOCIAL MEDIA LINKS
Twitter⇨ https://twitter.com/ColdOnes
Reddit⇨ https://www.reddit.com/r/ColdOnes/
Disc"
"insane new electric car, it's not a Tesla","MUSIC https://soundcloud.com/aftahill
INTRO MUSIC https://soundcloud.com/mickman/tracks"
Trump Charges Dismissed* in Georgia,"Fani Willis video is up next. 🍔 Use code LEGALEAGLE50 to get 50% OFF at Factor https://legaleagle.link/factor ⚖️⚖️⚖️ Do you need a great lawyer?  I can help!  https://legaleagle.link/eagleteam 

Welcome back to LegalEagle.  The most avian legal analysis on the internets. 
🚀 Watch my next video early & ad-free on Nebula! https://legaleagle.link/watchnebula
👔 Suits by Indochino! https://legaleagle.link/indochino

GOT A VIDEO IDEA? TELL ME!
▀▀▀▀▀▀▀▀▀▀▀▀▀▀▀▀▀▀▀▀▀▀▀▀▀▀
Send me an email: devin@legalea"
ALONE in NEW First Class Suite on British Airways *First on YouTube*,"Reviewed for the first time on YouTube onboard the 787-10 Dreamliner - the full BA First Class experience is back! 

Come with me onboard BA's brand new 787-10 which was delivered to the airline just a few months ago. I'll be trying out their reinstated full service which unfortunately was removed for the last 12 months down to the pandemic. 

Follow my travels live on IG: will.luxurytravel

-------

Flying First Class on British Airways - Honest Review
British Airways Dreamliner B787-9 First Cl"
Visualizing Data with 7-Segment Displays,"Displaying numbers is trickier than I expected! In this video we explore how to visualize the data inside of our simulated 4-bit registers, with the help of the double dabble algorithm and some seven segment displays.

Series playlist: https://www.youtube.com/playlist?list=PLFt_AvWsXl0dPhqVsKt1Ni_46ARyiCGSq
Simulation tool (work in progress): https://sebastian.itch.io/digital-logic-sim
Source code: https://github.com/SebLague/Digital-Logic-Sim
Support the channel: https://www.patreon.com/Sebasti"
CHAIR 🐸☕️,
We’re Here Because… Something Broke,"This is a snippet of a larger conversation taking place on Crash Course Pods: The Universe. Over the course of 11 episodes, John Green and Katie Mack will walk through the entire history of the universe… even the parts that aren’t written yet. 

Episode 1 & 2 is out now and can be streamed on the Crash Course channel and wherever else you get your podcasts. Subscribe at https://complexly.io/theuniverse

----
Subscribe to our newsletter! https://werehere.beehiiv.com/subscribe
Learn more about our"
"Downhill, on a couch, on public roads.","The Monte Toboggans, in Funchal on the island of Madeira, are wicker sofas: a bit like the gondolas of Venice, only you're going downhill in regular traffic. More about them: https://www.carreirosdomonte.com/

Producer: Aitken Pearson https://firecrestindependent.com
Assistant Producer: Elsa Gouveia
Camera: Elton Cantoni
Editor: Dave Stevenson http://davestevenson.co.uk

🟥 MORE FROM TOM: https://www.tomscott.com/
(you can find contact details and social links there too)

📰 WEEKLY NEWSLETTER with"
George Santos Is In Trouble,"It's always the ones you most expect.  ☕️ Get your first bag free with Trade Coffee https://legaleagle.link/trade ⚖️⚖️⚖️ Did you suffer a data breach? My firm can help! https://legaleagle.link/eagleteam 

Welcome back to LegalEagle.  The most avian legal analysis on the internets. 
🚀 Watch my next video early & ad-free on Nebula! https://legaleagle.link/watchnebula
👔 Suits by Indochino! https://legaleagle.link/indochino

GOT A VIDEO IDEA? TELL ME!
▀▀▀▀▀▀▀▀▀▀▀▀▀▀▀▀▀▀▀▀▀▀▀▀▀▀
Send me an email: dev"
Let’s Travel to The Most Extreme Place in The Universe,"Sources & further reading:
https://sites.google.com/view/sources-smallest-thing/

The universe is pretty big and very strange. Hundreds of billions of galaxies with sextillions of stars and planets and in the middle of it all there is earth, with you and us. 
But as enormous as the universe seems looking up, it seems to get even larger when you start looking down. You are towering over worlds within worlds, within worlds – each in plain sight and yet hidden from your experience.
Let’s go on a jo"
6 Couples vs 1 Secret Siblings,"Use code “CODYKO” for 20% off in the first week (10% after)
RhinoShield Clear Case: https://bit.ly/CodyKo-RS-Clear 
RhinoShield All Cases: https://bit.ly/CodyKo-RhinoShield

merch: http://ko-official.com
podcast: https://www.youtube.com/tinymeatgang
2nd channel: https://www.youtube.com/channel/UCy06jHRS_82N2i5v1YL7glQ
new song: https://song.link/us/i/1533963500

instagram: http://instagram.com/codyko
twitter: http://twitter.com/codyko

business: mahzad.babayan@unitedtalent.com

edited by: https:"
Primitive Technology: Natural Draft Furnace,"I built a natural draft furnace to test ideas about how hot a furnace could get without the use of bellows. Natural draft is the flow of air through a furnace due to rising hot air. The hot gasses in the fuel bed are more buoyant than the cold air outside the furnace causing them to rise. Fresh combustion air then enters the base of the furnace to replace the rising combustion gasses, keeping the fuel bed burning. This effect increases with: 1. the average temperature of the fuel bed relative to"
How to Buy a Used Car for $300 (Runs and Drives),"How to buy a used car for $300. I show you where to find inexpensive used cars that need work so you can fix them up and have a reliable car. I also show you test driving the car, negotiating with the owner, and go over what needs to be fixed! This is how to inspect a used car for purchase!

Replacing the Head Gasket: https://www.youtube.com/watch?v=oFX_Xq9WHTI

AutoTempest Used Car Search: http://www.autotempest.com/s/CarsFS

Quick Jack Lift: https://amzn.to/4aVjmxz

Used car checklist: https:/"
"The Wendy's ""Surge"" Disaster is Hilarious","and other WINS & FAILS from this past week in Marketing in Business - including SBF's Mackerel Trading, Google's ""Too Woke"" AI, and the Australian Grocery Mafia. 

WATCH A NEW MARKETING MONDAY LIVE every Monday at 7:30 PM Pacific ► https://www.twitch.tv/atrioc


TWITTER ►https://www.twitter.com/atrioc
REDDIT ► https://reddit.com/r/Atrioc/

Edited by eriksenchee | https://twitter.com/eriksenchee 
#atrioc #stream #gaming 

0:00 Intro
0:38 Wendy's Surge Disaster
3:39 Sam Bankman Fried is Trading Ma"
i'm gonna be a dad,"Go to our sponsor https://betterhelp.com/codyko for 10% off your first month of therapy with BetterHelp and get matched with a therapist who will listen and help.

merch: ko-official.com
podcast: https://www.youtube.com/tinymeatgang
2nd channel: https://www.youtube.com/channel/UCy06jHRS_82N2i5v1YL7glQ

instagram: http://instagram.com/codyko
twitter: http://twitter.com/codyko

business: mahzad.babayan@unitedtalent.com

edited by: https://www.youtube.com/goofyjuice"
I called my viewers and asked if they like their jobs,"luckily none of them had real hard jobs like me. 

WATCH LIVE ► https://www.twitch.tv/atrioc
TWITTER ►https://www.twitter.com/atrioc
DISCORD ►  https://discord.com/invite/Dar3UDx
REDDIT ► https://reddit.com/r/Atrioc/

Edited by QuacK | https://twitter.com/quack_001

Footage from air traffic controller vid taken from here: https://www.youtube.com/watch?v=tQ-cDwQupj8

FULL VOD: https://www.youtube.com/watch?v=uqPISO47IUY&t=3s

0:00 CAREER DAY
0:08 Software Engineer
2:39 Boot stealer
2:55 ""chef""
12"
My Leica Q3 has a PROBLEM.,#leica #leicaq3 #cameras
Can You Power an Electric Skateboard Using the Sun?,"If you feel I've earned it  you can support the channel here: https://www.patreon.com/mikeboyd
If you prefer, YouTube's ""Join"" feature, you can support here: https://www.youtube.com/channel/UCIRiWCPZoUyZDbydIqitHtQ/join
Want to give a one-off donation instead? https://www.buymeacoffee.com/mikeboyd
I am so grateful for any support you choose to give, financial or emotional! 🙏 Use this link to get 2 months of Skillshare Premium for free:
https://skl.sh/learnquick23

This week I attempt to create a"
These incredible rocks formed as they flew through the air,"You can buy my books here:
https://stevemould.com/books

You can support me on Patreon and get access to the exclusive Discord:
https://www.patreon.com/stevemould

just like these amazing people:

Glenn Watson
Peter Turner
Joël van der Loo
Matthew Cocke
Mark Brouwer
Deneb

Twitter: http://twitter.com/moulds
Instagram: https://www.instagram.com/stevemouldscience/
Facebook: https://www.facebook.com/stevemouldscience/
TikTok: https://www.tiktok.com/@stevemould
Buy nerdy maths things: http://mathsge"
Teaching Spammers a Lesson,"Thank you to NordVPN for sponsoring this video. Use promo code ""osman"" to receive 70% off and 1 month free: https://nordvpn.com/osman

Go Subscribe to Peter! https://www.youtube.com/petersripol

Support me on Patreon: https://www.patreon.com/williamosman
Instagram: https://www.instagram.com/crabsandsci...
Twitter: https://twitter.com/CrabsAndScience"
Top 10 Facts [Part 1],"Twitter: http://lemmi.no/twitter
Facebook: http://lemmi.no/facebook


[Music]
John Deley and the 41 Players - Hold on a Second

Link:
https://www.youtube.com/audiolibrary/music


[References & Further Reading]
https://docs.google.com/spreadsheets/d/1uUFmXkfYhKiq46Hol5o_YoWrrGn2WmoaZAMS8XugkX4/pub?gid=456849745


[Thumbnail]
http://lemmino.deviantart.com/art/Top-10-Facts-532023469"
Can I Jump Rope Fast Enough To Stop The Rain?,"Twitter: https://twitter.com/ididathing1
Tiktok: https://www.tiktok.com/@ididathing
Instagram: https://www.instagram.com/ididathing_official
Discord: https://discord.gg/mppfmHW
Patreon: https://www.patreon.com/user?u=13180179"
the truth about why i quit.,"song - https://soundcloud.com/soundbyastro/tracks
intro MUSIC - https://soundcloud.com/mickman/tracks"
What Happens AFTER Nuclear War?,"This video was made possible through a grant by Open Philanthropy.
Sources & further reading: https://sites.google.com/view/sources-nuclear-winter

Check out our biggest sale yet! Help support our birbs in moving to a bigger warehouse, 
and get a great deal for yourself on some kurzgesagt favorites: https://shop.kgs.link/Sale24 


A nuclear bomb is the most devastating explosion ever created. 
One bomb can end tens of thousands of lives immediately and 
hundreds of thousands through the radioact"
EATING my DIAMOND PLAY BUTTON!!! (in ~10 minutes),"Good Video? Like & Share!!

It arrived! In all it's glory, my Diamond Play Button showed up just before New Years & got to open/film this video w/ Morgan at my new kitchen! So cool.

Thank you guys so much for helping this channel out over the years and allowing me to pursue eating and content creation as a career.
And as far as the Play Button goes though, there's only one fitting thing left to do....

Eat it

ENJOY!!!

---Try Stonie Bowls!---

Website - https://www.stoniebowls.com/
INSTAGRAM -"
"DOOM, but Every Enemy Is Me. I am coming to kill you","Welcome to the RTGame DOOM Mod, I am coming to kill you. You must fight me because I am the danger

Thank you to Lolon Online for making this possible. You can play the RTGame DOOM Mod here: https://lolon.itch.io/rt-doom
Watch another Green Screen game: https://www.youtube.com/watch?v=Lajo5Etdx34

~This video was recorded live on my Twitch Channel: http://www.twitch.tv/rtgame
~Subscribe if you'd like to see more! https://www.youtube.com/@RTGame?sub_confirmation=1
~Become a Youtube Member to supp"
Deep Fried Burger Bombs | Anything With Alvin,"Thank you to Bombas for sponsoring this video! One Purchased = One Donated, so head to https://bombas.com/babish and use code babish20 at checkout for 20% off your first purchase.

Inspired by: https://www.youtube.com/watch?v=YVfSgjCEfvA

Follow Alvin Zhou on Instagram:  instagram.com/alvin.zhou  

For recipes and more, visit https://www.Babi.sh

Get the new Basics with Babish Cookbook on Amazon: https://www.amazon.com/Basics-Babish-Guide-Making-Mistakes/dp/198216753X

Babish Cookware on Amazon:"
The Cheese Puzzle 🧀 #Puzzle #toys,"MY SHOP: https://www.1st.shop/

***MY OTHER CHANNELS***
AREA52: @area52investigations
My Podcast: @bottomofthebarrel
Gaming Channel: @chrisramsaytv
My Twitch Channel: https://www.twitch.tv/chrisramsay52
____________________________________________________________
Thanks to Apurture for the lighting:
https://glnk.io/73j1x/chris-ramsayaputureaffiliate
____________________________________________________________
Cool Stuff Available here: https://bit.ly/3f8RDm0
1000's of PUZZLES Available here: htt"
Jack Howard's reaction to magic is BRILLIANT! | Steven Bridges,"follow me on instagram for #great #content: http://instagram.com/stevenbridges

Jack Howard: http://youtube.com/JackHoward

PATREON: http://patreon.com/StevenBridges 

SOCIALS: 
Instagram: http://instagram.com/StevenBridges
Twitter: http://twitter.com/StevenBridges
Facebook: http://fb.me/StevenBridges
Snapchat: StevenBridgesTV

Second Channel: http://youtube.com/stevenbridgestv2

FIND OUT WHEN I'M DOING A LIVE SHOW:
http://www.stevenbridges.co.uk

Wanna learn to busk? http://www.stevenbridges.co"
it's an addiction and it's real,"Music Casiokids; https://soundcloud.com/casiokids/tracks
intro Music; MickMan - https://soundcloud.com/mickman/tracks"
Developing These Perfect Lemon Bars Nearly Broke Me | Bon Appétit,"Kendra Vaculin spent days in the Bon Appétit Test Kitchen making tray after tray of lemon bars to develop her perfect recipe. Watch as she experiments with every variable to arrive at the ultimate lemon bar—from the ideal crust to the perfect consistency—before publishing it for Bon Appétit.

Get the entire recipe, plus access to over 50,000 more from Bon Appétit and Epicurious: https://bit.ly/3rrsXfe

See Kendra's final recipe: https://bonappetit.com/recipe/foolproof-lemon-bars

Director:"
Lake City Quiet Pills: An Internet Mystery,"2009: a Redditor named u/ReligionOfPeace disappears. In his wake, an enduring internet mystery is born.

Sources: https://pastebin.com/KsC6rTrX
Soundtrack: https://www.youtube.com/playlist?list=PL17Q9LyEo8deiZjWtttfeJceZdTmWR23_

🎡Visit Liminal Land: https://www.liminalland.net
📧Submit a mystery: NightmareExpo@gmail.com
📲Follow me: https://www.twitter.com/NexpoYT
🖤Support the channel: https://www.patreon.com/Nexpo

---------------------------------------------------------------------------------"
The 9 Types of Biblical Angels Explained,"Get Honey for FREE today ▸ http://joinhoney.com/wendigoon
Honey finds coupons with one click. Thanks to Honey for sponsoring!


I realize I kept saying ""Cherubims"" and ""Seraphims"" which are not real words. Sorry, I was excited lol


Timestamps

Intro - 00:00

Tier Explanation - 4:54

Seraphim - 6:43

Cherubim - 10:15

Thrones - 20:39

Dominions - 25:06

Virtues - 28:16

Powers - 30:03

Principalities - 32:05

Archangels - 37:17

""Common"" Angels - 44:09

Humans - 48:11


Thank you all so much for"
My Bee Hive Brings All The Bees To The Yard,"Everybody loves western honey bees so i thought it was about time someone showed their lonely solitary cousins some love. Come with me as i torment some bees and a baby.


Second channel: https://www.youtube.com/channel/UCpeliX_ewtnn6f467wyM0YA
Find me on twitter: https://twitter.com/ididathing1
Find me on Patreon: https://www.patreon.com/user?u=13180179
Discord: https://discord.gg/FMAgmBk

GET YOUR HONEY! https://www.facebook.com/northeppinghoney/"
Being Old on YouTube,"In which John, on the 17th anniversary of his first YouTube video, considers his future (and his past). Thanks to everyone who has joined us on this wild, wild ride. 

----
Subscribe to our newsletter! http://eepurl.com/Bgi9b
And join the community at http://nerdfighteria.com  
Help transcribe videos - http://nerdfighteria.info
Learn more about our project to help Partners in Health radically reduce maternal mortality in Sierra Leone: https://www.pih.org/hankandjohn
If you're able to donate $2,0"
I Tried The New Logitech Keyboard... (So You Don't Have To.),"The Logitech Pro X 60 just might be the Best WORST gaming keyboard of 2024. I'm not sure how Logitech managed to make this bad of a mechanical keyboard...
Check Out Boardwalk! https://district.net/boardwalk?referral=HIPYO
⬇️Affiliate links to help out the channel ⬇️
Get any other keyboard from this list: @https://youtu.be/XhvxZDmxgYg
Logitech GPro X 60 Lightspeed: https://amzn.to/44HtJE2 
G502 Lightspeed Mouse: https://geni.us/C5AbTOa
Desk Mats: https://kineticlabs.com/desk-mats?ref=hipyo
My cam"
"Ultimate Superbowl Nachos Challenge (10,000+ Cals)","Get Honey for FREE and start saving money today ▸ http://joinhoney.com/mattstonie
Thanks Honey for sponsoring today's video!

Good Video? Like/Fav & Share!!

The Superbowl is this Sunday and I'm pumped! Figured I'd prepare the only way I know how....
GIANT NACHOS!

ENJOY!!!

---Try Stonie Bowls!---

Website - https://www.stoniebowls.com/
INSTAGRAM - https://www.instagram.com/stoniebowls/

---Socials & Stuff----
FACEBOOK  - https://www.facebook.com/mattmegatoad
INSTAGRAM - https://www.instag"
My outfit almost made me miss the streamer awards #willneff #fearand #austinshow,"Follow me!
TWITCH → https://www.twitch.tv/willneff
TIKTOK → https://www.tiktok.com/@willyneff
TWITTER → https://twitter.com/TheWillNeff
INSTAGRAM → https://www.instagram.com/thewillneff/

Find my podcast here → @FearAndPodcast

Edited by:  https://twitter.com/jookien

#hasanabi #qtcinderella #podcast"
The 4 things it takes to be an expert,"Which experts have real expertise? This video is sponsored by Brilliant. The first 200 people to sign up via https://brilliant.org/veritasium get 20% off a yearly subscription.

Thanks to https://www.chess24.com/ and Chessable for the clip of Magnus.

▀▀▀
Chase, W. G., & Simon, H. A. (1973). Perception in chess. Cognitive psychology, 4(1), 55-81. – https://ve42.co/chess1

Calderwood, R., Klein, G. A., & Crandall, B. W. (1988). Time pressure, skill, and move quality in chess. The American Journal"
Can I make money counting cards?,"If you feel I've earned it  you can support the channel here: https://www.patreon.com/mikeboyd
If you prefer, YouTube's ""Join"" feature, you can support here: https://www.youtube.com/channel/UCIRiWCPZoUyZDbydIqitHtQ/join
Want to give a one-off donation instead? https://www.buymeacoffee.com/mikeboyd
I am so grateful for any support you choose to give, financial or emotional! 🙏 Sign up for Curiosity Stream and Nebula using the link for 26% off the annual membership (just $14.79). https://curiositys"
Why does light slowing imply a bend? (Beyond the tank/car analogy),"A link to the full video is at the bottom of the screen.
Or, for reference: https://youtu.be/Cz4Q4QOuoo8

That video answers various viewer questions about the index of refraction.

Editing from long-form to short by Dawid Kołodziej"
FBOY ISLAND IS BACK!!,"grab some new merch: http://ko-official.com

podcast: https://www.youtube.com/tinymeatgang
2nd channel: https://www.youtube.com/channel/UCy06jHRS_82N2i5v1YL7glQ

instagram: http://instagram.com/codyko
twitter: http://twitter.com/codyko

business: mahzad.babayan@unitedtalent.com

edited by: https://www.youtube.com/goofyjuice"
The Nostalgia Critic and The Wall,"Clickbait Title: I remember it so you don't have to.

Mild flashing effects in the last 40s.

""Pink Floyd - The Wall"" deals with mature subject matter and contains intense imagery some viewers may find distressing.

As a full disclosure, I was briefly a contributor to Channel Awesome for about six months in 2014/15. Channel Awesome CEO Mike Michaud severed the relationship after he received angry emails about an exposé of 8chan I had published on Medium and I refused to take it down or commit to"
🔴 MXS WATCH PARTY??,"DONATE FOR TTS HERE ► https://streamelements.com/ludwig/tip
AI TTS GUIDE (ONLY WORKS WITH ABOVE LINK) ► https://tts.monster/yt/ucrpseylgpnygvi34qpgnqpa

GET THE TRUFFLE.TV EXTENSION FOR EMOTES, CHANNEL POINTS, PREDICTIONS, AND MORE! ► https://truffle.vip/extension 

follow me on twitter ► https://www.twitter.com/ludwigahgren
follow me on tiktok ► https://www.tiktok.com/@ludwig
follow me on instagram ► https://www.instagram.com/ludwigahgren
join my subreddit ► https://old.reddit.com/r/LudwigAhgre"
That Time Geocentrists Tricked A Bunch of Physicists,"Clickbait Title: Is There Proof We Really Are The Center of the Universe?!

Shortly before the election my cat escaped the house and got her belly covered in sticky mud which then picked up all sorts of junk. During the extremely needed bath, which she hates, I lost control of her head and she managed to latch onto my arm and break the skin with two teeth. It looked kinda rough, so I figured I should get a tetanus shot in the morning. By the time the clinic opened I was in some of the worst pain"
I Played the Elden Ring DLC,"I was lucky enough to be allowed to play Elden Ring: Shadow of the Erdtree early.

Find me on:
Twitch | https://www.twitch.tv/willneff
Twitter | https://twitter.com/TheWillNeff
Discord | https://discord.gg/neff
Instagram | https://www.instagram.com/thewillneff

Channel edited and managed by https://twitter.com/NeauxArt
#willneff #stream  #twitch"
How a slinky falls in slow motion #shorts,"This is not just true of slinkies - if you release a steel rod from the top, the top really starts falling before the bottom. If you hit a tennis ball with a racket, a wave has to travel from the strings to your hand before you feel it - and the ball is well on its way to the net by this time. If you hit a golf ball, the ball is well on its way to the hole before you can feel it. Rigid bodies aren't truly rigid and understanding this is essential to understanding the way the world works"
"Oh, wait, actually the best Wordle opener is not “crane”…","Following up on the Worlde-solver (https://youtu.be/v68zYyaEmEA), discussing a minor bug and more details about how the best first word was chosen.
Special thanks to these supporters: https://3b1b.co/lessons/wordle#thanks
Help fund future projects: https://www.patreon.com/3blue1brown
An equally valuable form of support is to simply share the videos.

Contents:
0:00 - The Bug
3:31 - How the best first guess is chosen
8:54 - Does this ruin the game?

Nice post by Jonathan Olson on optimal wordle a"
What Black Lives Matter Protests are really about,here -- https://blmsites.carrd.co/
AI Learns to play the Worlds Hardest Game,"If it wins does that make it the worlds best AI?
NEXT LEVEL: https://www.youtube.com/watch?v=kVwkLb8zxq0&t=1s
Run the AI in your browser https://code-bullet.github.io/WorldsHardestGameAI/WHG/

Check out my tutorial on genetic algorithm
https://www.youtube.com/watch?v=BOZfhUcNiqk&t=2s

Follow me on twitter
https://twitter.com/code_bullet

Become a patreon to support my future content
https://www.patreon.com/CodeBullet

Check out my Discord server
https://discord.gg/UZDMYx5"
How To Super Clean the Interior of your Car (Carpets & Headliner),"Full Detail! Learn how to Super Clean and detail the interior of your car. In this video I show you how to clean your carpets, floor mats, trunk, and headliner. The super clean series is about attention to detail so not only are we vacuuming the carpet but we are also shampooing it with an extractor to remove all the embedded dirt and smells.

Next Super Clean video (Dash, Center Console, Doors): https://www.youtube.com/watch?v=tGnf8G8A8qU
How to Super Clean your Seats: https://youtu.be/AaNiHFW1"
Incredible Survival Mechanism!,"You can buy my books here:
https://stevemould.com/books

You can support me on Patreon and get access to the exclusive Discord:
https://www.patreon.com/stevemould

just like these amazing people:

Glenn Watson
Peter Turner
Joël van der Loo
Matthew Cocke
Mark Brouwer
Deneb

Twitter: http://twitter.com/moulds
Instagram: https://www.instagram.com/stevemouldscience/
Facebook: https://www.facebook.com/stevemouldscience/
TikTok: https://www.tiktok.com/@stevemould
Buy nerdy maths things: http://mathsge"
Intel Buried This AI CPU... We Dug It Up! - Centaur Hauls,"Give your busted console a new lease on life with the help of iFixit! Check them out at
https://ifix.gd/ltt

Thanks to YouTube for sponsoring this video and discount. Shop the Real Deal on YouTube - and get 20% off a LTT Backpack from today until May 4th. First come, first serve, while supplies last. Discount is applied at check-out solely for select products and purchases driven via the YouTube Shopping buttons on this video.

To access the discount, click on the shopping button in the bottom c"
Why Australia bottles up its air,"Every few months, when the wind's blowing in the right direction, a bottle of air is taken from Kennaook / Cape Grim, at the northern tip of Tasmania, and saved for science. Here's how and why. ▪ More about the Cape Grim Air Archive: https://research.csiro.au/acc/capabilities/cape-grim-air-archive/

There was no way to put this in the main video, but I have to point to some of the bleak history of Kennaook / Cape Grim, and the massacre that happened there: https://www.ourtasmania.com.au/northwes"
Here's why Chrome is SLOW (It's NOT your RAM),"Get a free 14-day trial of Odoo’s all-in-one business solution and see how it can make your life easier! Check it out at https://www.odoo.com/r/5eLS

Google Chrome isn't as good as it used to be. While it was a great replacement for Internet Explorer and Firefox and Safari, but as it's become the dominant browser, it seems like it ain't quite how it used to be. And now that browsers like Microsoft Edge, Brave, Opera GX and Vivaldi have all switched to run on Chromium, we decided to get to the bo"
Finding it is like playing Where's Waldo #willneff #nopixel #gtarp,"Follow me!
TWITCH → https://www.twitch.tv/willneff
TIKTOK → https://www.tiktok.com/@willyneff
TWITTER → https://twitter.com/TheWillNeff
INSTAGRAM → https://www.instagram.com/thewillneff/

Find my podcast here → @FearAndPodcast

Edited by:  https://twitter.com/jookien"
We found Pikachu?! (McDonalds x Pokemon 2022 Happy Meals),"Can we pull the Pikachu from  McDonalds 2022 Pokemon Packs?? 

ENJOY!!!

---Socials & Stuff----
FACEBOOK - https://www.facebook.com/mattmegatoadstonie
INSTAGRAM - https://www.instagram.com/matt_stonie
TWITCH - https://www.twitch.tv/mattstonie
TIKTOK - https://vm.tiktok.com/ZMRheEAwc/
TWITTER - https://www.twitter.com/mattstonie
WEBSITE - http://www.mattstonie.com
MERCH - http://www.mattstoniemerch.com

Mailing Address:
P.O. Box 28519
Las Vegas, NV 89102

Credits:
Royalty Free Music by http://aud"
"Feeding A Cat $10 Vs $10,000 Sushi",
"Mario Speedrun, but every 5 minutes the HUD gets worse","Can you beat Mario Odyssey if the HUD constantly gets worse?

Streaming live on Twitch! https://www.twitch.tv/dougdoug
Full stream recording: https://www.youtube.com/watch?v=pkIhNOsJRnU

My 2nd Channel: http://bit.ly/dougdoug2
Twitter: https://twitter.com/DougDougFood

Edited by Berry Bebop! https://www.youtube.com/channel/UC7qD5Q5OmAFEo8mmjhac3GA

More DugDug:
Latest Uploads: https://www.youtube.com/watch?v=rp4cH7mb4X4&list=PLzTxt5iYdhziB3Zf03HR_aZWgJ49ffj-d&index=2
Explained with Food: https:/"
"Protect $500,000 Keep It!","He spent so much money lol
Grow your money with the Mighty Oak debit card from Acorns. Sign up at https://www.acorns.com/mrbeast?s2=mrbeast_youtube to learn how to get a $20 bonus investment. New clients only. Offer ends 12/31/24. Additional terms apply.

New Merch - https://mrbeast.store

Check out Viewstats! - https://www.viewstats.com/

SUBSCRIBE OR I TAKE YOUR DOG
╔═╦╗╔╦╗╔═╦═╦╦╦╦╗╔═╗
║╚╣║║║╚╣╚╣╔╣╔╣║╚╣═╣
╠╗║╚╝║║╠╗║╚╣║║║║║═╣
╚═╩══╩═╩═╩═╩╝╚╩═╩═╝
For any questions or inquiries regarding this vid"
This Website Needs to be Shut Down.,"On the 5th of June, my friend MamaMax uploaded a video exposing online predators. A few days later, his upload was taken down, however the website in which he discovered them is still online. 

Max's channel: https://youtube.com/MamaMax

🎡Visit Liminal Land: https://www.liminalland.net
📧Submit a mystery: NightmareExpo@gmail.com
📲Follow me: https://www.twitter.com/NexpoYT
🖤Support the channel: https://www.patreon.com/Nexpo

-------------------------------------------------------------------------"
Let's Talk About Death,"I'M ON A JOURNEY OF MEANING

SoCal Cancer Stand-up: 
Brea Improv
https://improv.com/brea/event/hank+green%3A+pissing+out+cancer/13319233/

San Diego Late Show: https://americancomedyco.com/products/hank-green-live-sun?_pos=1&_sid=ebfb47156&_ss=r

Right now everything else is sold out actually, but I'll be adding more dates soon. Follow our newsletter if you don't want to miss out when I've got the full tour in place: http://eepurl.com/Bgi9b



----
Subscribe to our newsletter! http://eepurl.com/"
World's Tallest Elephant Toothpaste Volcano,"When life gives you lemons... build a 5 ton flask and blast them to space. 

Thanks to the good people of Gridley, CA and everyone else who helped out here.

Science Bob has a new page about making Elephant's Toothpaste on your own- https://sciencebob.com/fantastic-foamy-fountain/

Shoutout to the one and only authentic Orbeez for providing the Orbeez.

I started a company called CrunchLabs where we build a toy together and then I teach you all the juicy physics for how it works.  So if you want"
Metal Pipe Vs School Bus,
kite surfing idiot nearly cut my feet off,"surf music - http://hyperurl.co/7ielyx
other music - http://smarturl.it/venturamusix
intro music - https://soundcloud.com/mickman/tracks"
why are more people not talking about this?,"A critical 10/10 vulnerability has been found in Palo Alto's firewalls, but how important is it really? Check it out in this video.

https://security.paloaltonetworks.com/CVE-2024-3400

🏫 COURSES 🏫 Learn to code in C at https://lowlevel.academy

🛒 GREAT BOOKS FOR THE LOWEST LEVEL🛒
Blue Fox: Arm Assembly Internals and Reverse Engineering: https://amzn.to/4394t87
Practical Reverse Engineering: x86, x64, ARM, Windows Kernel, Reversing Tools, and Obfuscation : https://amzn.to/3C1z4sk
Practical Malwa"
Recreating Gordon Ramsay’s Scotch Egg Recipe From Taste | Reverse Engineering | Bon Appétit,"We challenged resident Bon Appétit supertaster Chris Morocco to recreate Gordon Ramsay’s scotch egg recipe in the Bon Appétit Test Kitchen. The catch? He’s doing it blindfolded with with only his other senses to guide him.


Want Bon Appétit shirts, hats and more? https://shop.bonappetit.com/?utm_source=youtube&utm_brand=ba&utm_campaign=aud-dev&utm_medium=video&utm_content=merch-shop-promo

Still haven’t subscribed to Bon Appétit on YouTube? ►► http://bit.ly/1TLeyPn

Want more Bon Appétit i"
The largest telescope that will ever be built*,"The asterisk is important. ■ AD: 👨‍💻 NordVPN's best deal is here: https://nordvpn.com/tomscott - with a 30-day money-back guarantee. ■ More on the ELT: @ESOobservatory https://eso.org 

The Extremely Large Telescope, in Paranal, Chile, is probably going to be the largest optical telescope that will ever be constructed. I was invited out there by the UK Science and Technology Facilities Council and the European Southern Observatory, and I wasn't going to turn down a chance like that.

📰 DISCLAIME"
Gordon Ramsay Tries Most Expensive Chocolate Bar!,"New Merch - https://shopmrbeast.com/

SUBSCRIBE OR I TAKE YOUR DOG
╔═╦╗╔╦╗╔═╦═╦╦╦╦╗╔═╗
║╚╣║║║╚╣╚╣╔╣╔╣║╚╣═╣ 
╠╗║╚╝║║╠╗║╚╣║║║║║═╣
╚═╩══╩═╩═╩═╩╝╚╩═╩═╝

----------------------------------------------------------------
follow all of these or i will kick you
• Facebook - https://www.facebook.com/MrBeast6000/
• Twitter - https://twitter.com/MrBeast
•  Instagram - https://www.instagram.com/mrbeast
•  Im Hiring! - https://www.mrbeastjobs.com/
--------------------------------------------------------------"
Spark Plug Replacement DIY (the ULTIMATE Guide),"Learn how to replace spark plugs, inspect spark plugs, gap spark plugs,  figure out what spark plugs are best for your car and where to use antiseize and dielectric grease. I cover every aspect in spark plug and wire replacement all in one video!

Use ""ChrisFix25"" at check out to get 25% off and save money (I use the code all the time lol):

Spark Plugs: https://advanceautoparts.rt8x.net/db6gk
Spark Plug wires: https://advanceautoparts.rt8x.net/NnjW2
Tools: https://advanceautoparts.rt8x.net/7WYq"
The Most Powerful Illusion!,"MY SHOP: https://www.1st.shop/

***MY OTHER CHANNELS***
AREA52: @area52investigations
My Podcast: @bottomofthebarrel
Gaming Channel: @chrisramsaytv
My Twitch Channel: https://www.twitch.tv/chrisramsay52
____________________________________________________________
Thanks to Apurture for the lighting:
https://glnk.io/73j1x/chris-ramsayaputureaffiliate
____________________________________________________________
Cool Stuff Available here: https://bit.ly/3f8RDm0
1000's of PUZZLES Available here: htt"
Consumed by the Apocalypse,"[Credits, References, and More]
https://www.lemmi.no/p/consumed-by-the-apocalypse

Become a channel member or join my Patreon with the links below. Both offer the same perks. YouTube members also get unique badges that highlight their comments and gain access to custom emojis.

YouTube Membership: https://www.youtube.com/channel/UCRcgy6GzDeccI7dkbbBna3Q/join
Patreon: https://www.patreon.com/lemmino

Subreddit: https://www.reddit.com/r/lemmino
Twitter: https://www.twitter.com/lemmin0
Discord: htt"
I found the HARDEST Rubik's Cube Scramble,"Without suffering, we cannot appreciate the good things in life.

Scramble: B F U F D R' F D L B2 U' B2 D B' R' F2 L2 R2 U'

Cube ► JPerm RS3 M 2020: https://speedcubeshop.com/products/jperm-rs3-m-2020-3x3

SpeedCubeShop ► https://speedcubeshop.com
Using the code ""JPERM"" supports my channel and also gives you a discount on your order.

Beginner:
2x2 Tutorial ► https://youtu.be/GANnG5a19kg
3x3 Tutorial ► https://www.youtube.com/watch?v=7Ron6MN45LY
4x4 Tutorial ► https://www.youtube.com/watch?v=KW"
GAN Smart Cube / Picture 3x3 Cube / MoYu WR M V9 MagLev + Ball Core | SpeedCubeShop.com,"After using a bluetooth smart cube, I now have +50 IQ points (and blue teeth)

My Main 3x3 Cube ► JPerm WR M MagLev: https://speedcubeshop.com/products/jperm-weilong-wr-m-2021-3x3-maglev

SpeedCubeShop ► https://speedcubeshop.com
Using the code ""JPERM"" supports my channel and also gives you a discount on your order.

Buying anything here helps to support my channel! ► https://speedcubeshop.com/collections/jperm-collection

Products shown ►
Bluetooth Smart Cube (GAN 356 i Carry): https://speedcub"
Things That Mr Fries Likes,"Meet Mr Fries Man aka Craig Batiste.

The man who loves fries so much he created a french fry empire in Southern California.
Also, he says fries a lot.

#fries #food #LA

Subscribe to MUNCHIES here: http://bit.ly/Subscribe-to-MUNCHIES

Follow MUNCHIES here:
TikTok: https://www.tiktok.com/@munchies
Facebook: http://facebook.com/munchies
Instagram: http://instagram.com/munchies
Twitter: http://twitter.com/munchies
Pinterest: https://www.pinterest.com/munchies

More videos from the VICE network: ht"
10 regrets of experienced programmers,"I recently asked ""You are on your deathbed, what do you regret the most about programming?"". Let's break down the biggest mistakes shared by most software engineers. 

⚡Check out https://daily.dev/fireship to keep on on latest developer news!

#programming #tech  #humor

💬 Chat with Me on Discord

https://discord.gg/fireship

🔗 Resources

Original Tweet https://twitter.com/fireship_dev/status/1784964387666804953
How to Flex on Programmers https://youtu.be/r6tH55syq0o

🔥 Get More Content - Upgrad"
MrBeast's $100 Million Suit Against Beast Burger,"Two Beasts enter, one Beast leaves. 🍋 Go to https://legaleagle.link/hellofresh to get 50% off of HelloFresh plus FREE shipping at (code: 50LEGALEAGLE) ⚖️⚖️⚖️ Do you need a great lawyer?  I can help!  https://legaleagle.link/eagleteam 

Welcome back to LegalEagle.  The most avian legal analysis on the internets. 
🚀 Watch my next video early & ad-free on Nebula! https://legaleagle.link/watchnebula
👔 Suits by Indochino! https://legaleagle.link/indochino

GOT A VIDEO IDEA? TELL ME!
▀▀▀▀▀▀▀▀▀▀▀▀▀▀▀▀▀"
This Amazing Spaceship Was Completely Scratch Built!,"We meet BP Taylor, a veteran industrial designer who scratch builds incredibly intricate and detailed scaled spaceship models of his own design. BP introduces us to two models he brought to this year's WonderFest modelmaking show, walking us through his hands-on design process that goes from napkin sketch to physical build without any digital design!

Wonderfest scale model show: https://www.wonderfest.com/

Shot by Joey Fameli and edited by Norman Chan
Music by Jinglepunks
Additional media cour"
"I swear, this is a real iPhone!","PATREON: http://patreon.com/StevenBridges
SOCIALS: 
Instagram: http://instagram.com/StevenBridgesTV
Twitter: http://twitter.com/StevenBridges
Snapchat: StevenBridgesTV
Facebook: http://facebook.com/StevenBridgesMagician
Second Channel: http://youtube.com/stevenbridgestv2

MAGIC:
Cards I use - http://geni.us/cards
Learn card magic - http://geni.us/cardmagicamazon

CAMERA GEAR:
Vlogging Camera - http://geni.us/g7xamazonus (US link), http://geni.us/g7xamazonuk (UK link)
Main Camera - http://geni.us"
Noctua stole my idea!,"Check out Paperlike at: https://paperlike.com/linustech2406

Create your build at https://www.buildredux.com/linus

We're at the Noctua booth at Computex 2024 where they've cooked up a handful of really cool prototypes and upgrades- including one that I suggested to them 3 years ago that they turned down!

Discuss on the forum: https://linustechtips.com/topic/1572653-noctua-stole-my-idea-computex-2024/

► GET MERCH: https://lttstore.com
► GET EXCLUSIVE CONTENT ON FLOATPLANE: https://lmg.gg/lttfl"
I'm a dad now,"🧎#Subscribe🧎

Stock Up On ➡️🥤Gfuel (affiliate): https://gfuel.ly/pewdiepie-collection
#Code #Pewdiepie

Shop my OFFICIAL merch collection: https://bit.ly/pdpstore

∞ Official ƿ૯ωძɿ૯ƿɿ૯ Infinity Stream: https://www.twitch.tv/pewdiepie

⚙️ My Setup (affiliate links)⚙️
🎧 Headphones: https://www.anrdoezrs.net/click-100814745-14330447
🪑 Chair: https://tinyurl.com/clutchpdp
⌨️ 🖱️ Keyboard & Mouse: https://tinyurl.com/ghostpdp

🕹️ PewDiePie's Tuber Simulator
iOS: https://tinyurl.com/tuberIOS
Android: h"
TORNADO V3 M / SPOOKY CUBE / SQUARE-0 Unboxing | SpeedCubeShop.com,"Somehow GAN still manages to sneak its way into the unboxing.

SpeedCubeShop ► https://speedcubeshop.com
Using the code ""JPERM"" supports my channel and also gives you a discount on your order.

Products ►
X-Man Tornado V3 M: https://speedcubeshop.com/products/x-man-tornado-v3-3x3-magnetic
Spooky Cube / Halloween Items: https://speedcubeshop.com/collections/seasonal
Square-0: https://speedcubeshop.com/products/shengshou-mr-m-square-0
7x7 MoYu AoFu WR M: https://speedcubeshop.com/products/moyu-aof"
These Legendary OG Bassists Challenged ME to a BASS BATTLE,"Epic bass battle with OG Bassists @MikiSantamaria , @ViaceslavSvedov & @DavidCaraccio !
The secret story behind this video: https://www.youtube.com/watch?v=AXODrrkghlw

EPIC Merch: https://davie504merch.com/
Patreon: https://www.patreon.com/davie504
TABS: https://paidtabs.com/u/Davie504
Subscribe for more videos: https://goo.gl/G9As1e
Reddit: https://www.reddit.com/r/Davie504/
Twitter: https://twitter.com/Davie504bass
Instagram: https://www.instagram.com/davie504/
Facebook: http://www.facebook.c"
2024 Tech I'm Ready For!,"2024 Tech I'm looking forward to this year!

The Waveform podcast: http://youtube.com/Waveform
Auto Focus videos: http://youtube.com/AutoFocus

Apple Vision Pro Impressions: https://youtu.be/OFvXuyITwBI?si=9121qTtzekqnj6fb

Google’s actual AI output: https://developers.googleblog.com/2023/12/how-its-made-gemini-multimodal-prompting.html?m=1

MKBHD Merch: http://shop.MKBHD.com

Tech I'm using right now: https://www.amazon.com/shop/MKBHD

Playlist of MKBHD Intro music: https://goo.gl/B3AWV5

0:00 "
The Couple Serving the Biggest Tortas in NYC,"Big Tortas = Big ❤️. The husband and wife team at Tortas Neza are serving up street food with the power of love. #tortas #mexicanfood #newyork 

Subscribe to MUNCHIES here: http://bit.ly/Subscribe-to-MUNCHIES

Follow MUNCHIES here:
TikTok: https://www.tiktok.com/@munchies
Facebook: http://facebook.com/munchies
Instagram: http://instagram.com/munchies
Twitter: http://twitter.com/munchies
Threads: https://www.threads.net/@munchies

More videos from the VICE network: https://www.fb.com/vicevideo"
How honey is harvested - From beehive to jars,"Harvesting honey is the most satisfying thing I’ve ever done. Myself and my honey bees worked hard this summer and I am now rewarded with many kilograms of honey! 

Check out my Instagram - https://www.instagram.com/alex_smith1809/
Support the Just Alex Channel on Patreon - https://www.patreon.com/justalexsmith
TicTok - https://www.tiktok.com/@justalexsmith
Watch me live on Twitch - https://www.twitch.tv/justalexsmith
Business enquiries - alexfordhamsmith@gmail.com"
Rabbit R1 makes catastrophic rookie programming mistake,"A group of jailbreakers recently discovered that the Rabbit R1 codebase contains hardcoded API keys - giving them easy access to user data from their AI tech-to-speech service. 

#programming #hacking #thecodereport 

🔥 New Full Linux Course coming soon!

Upgrade at https://fireship.io/pro
Use code LINUX30 for 30% off PRO access 

💬 Chat with Me on Discord

https://discord.gg/fireship

🔗 Resources

Rabbitude Disclosure https://rabbitu.de/articles/security-disclosure-1
AI failures https://youtu.b"
We Downgraded our PCs to Prove You Don’t Need a New One,"Outsmart algorithms and optimize the way you read the news. Go to https://ground.news/linus to get 40% off the Ground News Vantage plan or subscribe to their Pro Plan for just $1/month.

Try Pulseway FREE today, and make IT monitoring simple at: https://lmg.gg/LTT23

We know you probably WANT a new computer, but do you really NEED one? Odds are good that, for most people, a brand new rig is simply not necessary. To prove it, we swapped our writers' sick gaming rigs full of modern hardware like t"
Taiwan voted against Xi. What happens now?,"this video is going to make my trip to Shanghai a bit more difficult. 

WATCH LIVE ► https://www.twitch.tv/atrioc
TWITTER ►https://www.twitter.com/atrioc
DISCORD ►  https://discord.com/invite/Dar3UDx
REDDIT ► https://reddit.com/r/Atrioc/

Edited by eriksenchee | https://twitter.com/eriksenchee

FULL VOD: https://www.twitch.tv/videos/2034965594
#atrioc #stream #gaming"
Patrice Wilson Live Stream: Explained,"Recently, a live stream on a channel run by Patrice Wilson has gained quite a bit of attention, primarily due to the help of h3h3productions. Today, we're going to determine exactly what this really is.

🎡Visit Liminal Land: https://www.liminalland.net
📧Submit a mystery: NightmareExpo@gmail.com
📲Follow me: https://www.twitter.com/NexpoYT
🖤Support the channel: https://www.patreon.com/Nexpo

--------------------------------------------------------------------------------------
Reference links:
Pat"
The Surprising Secret of Synchronization,"How does order spontaneously arise out of chaos? This video is sponsored by Kiwico — go to https://www.kiwico.com/Veritasium50 for 50% off your first month of any crate.

An enormous thanks to Prof. Steven Strogatz — this video would not have been possible without him. Much of the script-writing was inspired and informed by his wonderful book Sync, and his 2004 TED talk. He is a giant in this field, and has literally written the book on chaos, complexity, and synchronization. It was hard to find"
"$10,000 Every Day You Survive In The Wilderness","They survived longer than I expected lol
Feast like a Beast with Zaxby’s new MrBeast Box, served with 4 Chicken Fingerz™, cheddar bites, fries, double Texas toast, two signature sauces, small drink…and a milk chocolate FEASTABLES BAR! Now available at Zaxby's for a limited time. Order today: https://www.zaxbys.com/mrbeast

Want to check out the Galaxy S24? Head over to Samsung https://smsng.us/MrBS24

Please make sure you have an email address on your profile! 
We will be reaching out from givea"
How To Destroy The Universe,"Check out some of our favorite shop products here: https://kgs.link/shop. Our shop is not only our most important source of income, but our passion project where we create sciencey products with of lot of love and detail.

Sources & further reading: https://sites.google.com/view/sources-three-ways-to-destroy/

The universe is going to die one day, and a fight between two titans will decide our cosmic fate.
On one side of this galactic battlefield, we have all the matter in the universe; on the o"
Adam Savage Reacts to His Body Double!,"Adam unboxes and takes a first look at something he's been wanting forever: a custom dress form designed and fabricated to his exact physical measurements. Made by Beatrice Forms, this dress form was actually made using a custom 3D body scan, and Adam is astonished by how perfectly it fits his costumes--it's essentially a body double!

Learn more about Beatrice Forms dress forms: https://beatriceforms.com/
Disclosure: Dress form was provided by manufacturer for purposes of review.

Shot by Josh "
Primitive Technology: Wood shed and Native bee honey,It has been raining here quite a bit in what should normally be the dry season. The wattle and daub hut is standing up well despite this (see video). However this has held back some other projects I had planned. So I decided to build a wood shed across the creek in Eucalypt woodland (where the best firewood is). Keeping firewood dry cuts down the amount of firewood needed and decreases the amount of smoke produced. Also keeping the firewood in an external structure saves room in the hut and leav
The GOAT Is Back,"and other WINS and FAILS this week in Marketing and Business ! 

WATCH LIVE ► https://www.twitch.tv/atrioc
TWITTER ►https://www.twitter.com/atrioc
DISCORD ►  https://discord.com/invite/Dar3UDx
REDDIT ► https://reddit.com/r/Atrioc/

Edited by Eriksenchee | https://twitter.com/eriksenchee

FULL VOD: https://www.twitch.tv/videos/1887058717
#atrioc #stream #gaming 

0:00 Intro
0:20 THE GOAT SBF RETURNS!
2:40 Barbenheimer!
3:40 The Mattel Cinematic Universe
6:30 The SAG-AFTRA March Continues.
13:24 S"
Why Everyone Hates the Supreme Court's Decision on Insurrection & the 14th Amendment,"Trump vs. Biden 2024 rematch is coming soon. 📰  Try GROUND NEWS today and get 40% off your subscription by visiting https://ground.news/legaleagle ⚖️⚖️⚖️ Do you need a great lawyer?  I can help!  https://legaleagle.link/eagleteam 

Welcome back to LegalEagle.  The most avian legal analysis on the internets. 
🚀 Watch my next video early & ad-free on Nebula! https://legaleagle.link/watchnebula
👔 Suits by Indochino! https://legaleagle.link/indochino

GOT A VIDEO IDEA? TELL ME!
▀▀▀▀▀▀▀▀▀▀▀▀▀▀▀▀▀▀▀▀▀"
He Stole $1 Million To Buy Meme Stocks,"and other WINS & FAILS from this past week in Marketing and Business!

WATCH LIVE ► https://www.twitch.tv/atrioc
TWITTER ►https://www.twitter.com/atrioc
DISCORD ►  https://discord.com/invite/Dar3UDx
REDDIT ► https://reddit.com/r/Atrioc/

Edited by THE GANG | 
https://twitter.com/eriksenchee
https://twitter.com/QuacK_001
https://twitter.com/notzinjo
https://twitter.com/kaage021

FULL VOD: https://www.twitch.tv/videos/1913938872
#atrioc #stream #gaming 

0:00 Intro
0:09 Invest $1 Million for free!"
"Alone in Public - A ""No Man's Sky"" Review","This is an exploration of the themes and meanings of the game No Man's Sky through a lens of both personal experience and the synthesis of mechanics with meaning. I do not use the word 'ludonarrative' even though it would be the correct word to use.

Written and performed by Dan Olson"
HE BEAT HIM AGAIN!!!!!!!!!!!!!!!!!!!!!,"➡️ GET BONUS CONTENT: https://www.patreon.com/gothamchess

➡️ Clash of Claims: https://www.clashofclaims.com/
➡️ My Tournament: https://www.chess.com/events/info/2024-madrid-chess-festival?ref_id=33945736

➡️ Get My Chess Courses:  https://www.chessly.com/
➡️ Get my best-selling chess book: https://geni.us/gothamchess

➡️ My book in the UK and Europe: https://bit.ly/3qFqSf7
➡️ Mein Buch auf Deutsch: https://bit.ly/45fKt3R
➡️ Mi libro en Español: https://bit.ly/3Y5xaRx

➡️ Start Playing Chess FOR"
How these impossibly thin cuts are made,"Get 100 free blades here: https://hensonshaving.com/stevemould when you buy a Henson razor with code stevemould

Wire EDM is an insanely precise manufacturing method. But there's a trick behind this objects that appear to have no seam.

Check out Traveling Wire where I filmed the machines: https://www.travellingwire.co.uk

This is the metmo cube: https://www.metmo.co.uk/pages/the-cube-drop

You can buy my books here:
https://stevemould.com/books

You can support me on Patreon and get access to t"
Faster-Than-Light Jumpship Model from Foundation!,"One of the most intricate scale models we saw at this year's WonderFest modelmaking show was Bauble Young's recreation of a Faster-than-light Jumpship from the AppleTV show Foundation. We chat with Bauble about his yearlong effort designing this ship in Sketchup and the combination of 3D printing and styrene scratchbuilding he used to create this absolutely gorgeous ship model!

Wonderfest scale model show: https://www.wonderfest.com/

Shot by Joey Fameli and edited by Norman Chan
Music by Jingl"
Three Whole Onions with Secretary Pete Buttigieg,"Pete Buttigieg is the Secretary of Transportation, which means that he is in charge of the 55,000 person U.S. Department of Transportation. They do a lot of stuff....we get into some of that stuff here now. You will probably not be surprised to find that I quite liked Pete, he's a big ol' nerd and is very focused on understanding people's problems and systems to help people rather than what rhetoric we happen to use to get there. That might be great for a national politician but it is very good "
This is my favorite liquid carcinogen,"Chromyl chloride is one of my favorite chemicals. I'm not sure why, but I've always been a fan of dark liquids that let off scary-looking fumes. In small amounts, it almost looks the same as blood, I mean, if you ignore all of the corrosive and carcinogenic vapor.

WARNING: Chromyl chloride is very toxic, corrosive, and carcinogenic. It is EXTREMELY dangerous if handled improperly.

-------------------------------------------------------------------------------
Merch - https://nilered.tv/store
-"
My Big Fat Obnoxious Fiancé 2,"Go to our sponsor https://betterhelp.com/codyko for 10% off your first month of therapy with BetterHelp and get matched with a therapist who will listen and help.


merch: ko-official.com
podcast: https://www.youtube.com/tinymeatgang
2nd channel: https://www.youtube.com/channel/UCy06jHRS_82N2i5v1YL7glQ


instagram: http://instagram.com/codyko
twitter: http://twitter.com/codyko

business: mahzad.babayan@unitedtalent.com

edited by: https://www.youtube.com/goofyjuice

Jobs: https://www.notion.so/J"
We Opened A Restaurant for OTK... It Was Chaos...,"Cyr, Will, and Rune tried to feed OTK members...

Find me on:
Twitch | https://www.twitch.tv/willneff
Twitter | https://twitter.com/TheWillNeff
Discord | https://discord.gg/neff
Instagram | https://www.instagram.com/thewillneff

Channel edited and managed by https://twitter.com/NeauxArt
#willneff #mizkif #otk"
What Happened To Your Beard? #BeardGone #Transformation #NewLook #python #lowcode #coding,"Live on Twitch: https://twitch.tv/lowlevellearning

🔧💻⚠️ Beard go away.

🏫 COURSES 🏫 Check out my new courses at https://lowlevel.academy

🙌 SUPPORT THE CHANNEL 🙌 Become a Low Level Associate and support the channel at https://youtube.com/c/LowLevelLearning/join

Why Do Header Files Exist? https://youtu.be/tOQZlD-0Scc
How Does Return Work?  https://youtu.be/e46wHUjNDjE

🔥🔥🔥 SOCIALS 🔥🔥🔥
Low Level Merch!: https://lowlevel.store/
Follow me on Twitter: https://twitter.com/lowleveltweets
Join me on D"
Cutting Down Trees To Hurt Protesters? (TREE LAW!),"Donate to SAG-AFTRA here https://members.sagfoundation.org/donate 🍋 Go to https://legaleagle.link/hellofresh to get 50% off of HelloFresh plus FREE shipping at (code: LEGALEAGLE50) ⚖️⚖️⚖️ Do you need a great lawyer?  I can help!  https://legaleagle.link/eagleteam 

Welcome back to LegalEagle.  The most avian legal analysis on the internets. 
🚀 Watch my next video early & ad-free on Nebula! https://legaleagle.link/watchnebula
👔 Suits by Indochino! https://legaleagle.link/indochino

GOT A VIDEO ID"
10 JavaScript changes you missed in 2023,"How has JavaScript and web development changed in 2023? Learn about the top 10 updates to Next.js, React, Angular, Vue, and Node.js. 

#webdevelopment #programming #top10 

💬 Chat with Me on Discord

https://discord.gg/fireship

🔗 Resources

JS groupBy method https://developer.mozilla.org/en-US/docs/Web/JavaScript/Reference/Global_Objects/Object/groupBy
Next.js Criticism https://pilcrow.vercel.app/blog/nextjs-why?s
HTMX in 100 Seconds https://youtu.be/r-GSGH2RxJs?si=jQR6TVNzaJ8dEobC

🔥 Get More "
DIY Odor Remover (For Your Car),"Have bad odors in your car because you just ate a bean borrito? Farting up a storm with a friend on a road trip? Well fear no more, in today's video I show you how to install your own car fart odor remover right into the seat of your car. The odors pass through an activate carbon filter and no one will smell a thing!

Fart Spray: https://amzn.to/39Ayz7Q
Fans: https://amzn.to/2R2JOzs
Charcoal Filter: https://amzn.to/2Jslse3
Fuse Tap: https://amzn.to/39xBeiv
On/Off Switch: https://amzn.to/2WVt4xT
"
The Man Who Killed Millions and Saved Billions,"Fritz Haber is the scientist who arguably most transformed the world. Part of this video is sponsored by Wren. Offset your carbon footprint on Wren: ​https://www.wren.co/start/veritasium1. For the first 100 people who sign up, I will personally pay for the first month of your subscription!

▀▀▀▀▀▀▀▀▀▀▀▀▀▀▀▀▀▀▀▀▀▀▀▀▀▀▀▀▀▀▀▀▀▀▀▀▀▀▀▀▀▀▀▀▀▀▀▀▀▀▀
A huge thanks to Dan Charles for writing a fantastic biography of Fritz Haber, for taking the time to talk to us about it, and providing valuable feedback. "
Primitive Technology: Adobe wall (dry stacked),"Join me for my first Reddit AMA on Friday 1st November 9am BST / 6pm AEST. My username is u/JohnPlant. The AMA will be on the “r/IAmA” subreddit. 
Primitive Technology: Adobe wall (dry stacked) - Building an adobe wall from scratch.
Get my new book:  http://po.st/PrimTechBook | Subscribe: http://bit.ly/subPT
My hut burned down, so I built a new one: https://youtube.com/watch?v=YmFTK-rnzfk&list=PLGnWLXjIDnpBR4xqf3FO-xFFwE-ucq4Fj

Follow Primitive Technology:
Patreon: https://patreon.com/user?u=29"
The Sleight Of Hand Challenge | Steven Bridges,"Use the link http://squarespace.com/stevenbridges to get 10% off your first website!
FREE Magician Advice Videos - https://magicmastery.cc/free
Watch my previous video: https://www.youtube.com/watch?v=6zBVk4hjdNk

Michael Dean on insta - @filmakermike

Credits: 
This routine was inspired by Joel Dickinson's routine 'Bound'. The method/handling I use is totally different to his, although the effect is the same. 

The video was filmed by @RayRoberts"
Rubik's Cube: F2L Tricks #9 (CFOP),"Leave a comment if you have suggestions for the alg sheet!

Best F2L Algorithms PDF ► https://bit.ly/bestf2l

Cube ► JPerm RS3 M 2020: https://speedcubeshop.com/products/jperm-rs3-m-2020-3x3

SpeedCubeShop ► https://speedcubeshop.com
Using the code ""JPERM"" supports my channel and also gives you a discount on your order.

Beginner:
2x2 Tutorial ► https://youtu.be/GANnG5a19kg
3x3 Tutorial ► https://www.youtube.com/watch?v=7Ron6MN45LY
4x4 Tutorial ► https://www.youtube.com/watch?v=KWOZHbDdOeo
5x5 T"
I lied to you...,"If you want to try Rivals 2 for yourself, you can wishlist it on steam now! 

follow me on twitter ► https://www.twitter.com/ludwigahgren
follow me on tiktok ► https://www.tiktok.com/@ludwig
follow me on instagram ► https://www.instagram.com/ludwigahgren
join my subreddit ► https://old.reddit.com/r/LudwigAhgren/
join my discord ► https://discord.gg/ludwig
LINK TO EVERYTHING ► https://wlo.link/@ludwig


edited by: https://twitter.com/

#ludwig"
I Rented a Raccoon to Simulate Having a Child,"Buy My Cat: https://www.catwarehouse.com/pages/buy-my-cat
Cat Warehouse Instagram: https://www.instagram.com/catwarehouseofficial

Music: 'New Shoes' by Blue Wednesday 

Patreon: https://www.patreon.com/williamosman
Instagram: https://www.instagram.com/crabsandscience/
Twitter: https://twitter.com/CrabsAndScience

Thanks to:
@Daxflame 
@allenpan 
@JLaservideo 
@AudreyEmber"
Lava vs Lasers - Which Is More Destructive?,"I’m never microwaving my popcorn again. Welcome to your LEAST BORING SUMMER EVER! Come join me at Camp CrunchLabs all summer long- https://www.crunchlabs.com/lavalaser

Join Camp CrunchLabs to get a new build box every week this summer! If you want to learn to think like an engineer and have a really fun time doing it, join Camp CrunchLabs at: https://www.crunchlabs.com/lavalaser

Meet your favorite makers and creators at Open Sauce on June 15-16! https://opensauce.com/tickets/

Check out my fie"
Solving a 6 Piece Puzzle... How hard could it be? - Record 6 by Yuu Asaka,"Today we're going to attempt to solve a 6 piece puzzle by Yuu Asaka. 
MY SHOP: https://www.1st.shop/
Get the puzzle here: https://www.puzzlemaster.ca/browse/novelty/packing/16675-record-6-puzzle-original-version?a=681162

***MY OTHER CHANNELS***
AREA52: @area52investigations
My Podcast: @bottomofthebarrel
Gaming Channel: @chrisramsaytv
My Twitch Channel: https://www.twitch.tv/chrisramsay52
____________________________________________________________
Thanks to Apurture for the lighting:
https://g"
"Preparing for my 3rd Year of Beekeeping - Building hives, cleaning equipment and getting more bees","This is my 3rd season of beekeeping and I'm excited to see how much honey we can harvest! In this video I spent some time cleaning my equipment, doing some wood work and also I managed to get hold of a new beehive!
Check out my Instagram - https://www.instagram.com/alex_smith1809/
Support the Just Alex Channel on Patreon - https://www.patreon.com/justalexsmith
TikTok - https://www.tiktok.com/@justalexsmith
Business enquiries - alexfordhamsmith@gmail.com"
The Casino Did NOT See Us Coming! (Card Counting Team Play!),"Free Card Counting Guide:  https://stevenbridges.ck.page/free-guide
Get Nebula using my link for 40% off an annual subscription: https://go.nebula.tv/stevenbridges
Watch the next episode right now! https://nebula.tv/videos/stevenbridges-this-casino-stole-from-us

FREE: Why you probably shouldn't learn to count cards: https://stevenbridges.ck.page/free-guide
Learn to count: https://blackjackapprenticeship.com/?steven (affiliate link - using my link gives you free access to a Steven Bridges chat r"
how a simple programming mistake ended 6 lives,"I've been told the worst thing that can happen to a developer is their code crashes in production? Well.... what happens if that production environment is in a hospital? This video tells the story of one of the Therac-25 incidents, and how Ray Cox ultimately died because of a programming error in a safety critical system.

Therac-25 Paper: https://web.stanford.edu/class/cs240/old/sp2014/readings/therac-25.pdf
Therac-25 User Interface: https://web.mit.edu/6.033/2007/wwwdocs/assignments/therac.c

"
Can a Vacuum Cleaner Pull Your Eye Out? (Real Test),"This is a educational video demonstrating the dangers of vacuum cleaners, with the aim of preventing further injuries. Never place a vacuum cleaner on your eye or any part of your body!


Follow me twitter: https://twitter.com/ididathing1
Discord: https://discord.gg/FMAgmBk
Patreon: https://www.patreon.com/user?u=13180179

Sources: https://emj.bmj.com/content/19/1/80"
"The Rock Vs MrBeast For $100,000","Winning totally Rocks!

New Merch - https://shopmrbeast.com/

SUBSCRIBE OR I TAKE YOUR DOG
╔═╦╗╔╦╗╔═╦═╦╦╦╦╗╔═╗
║╚╣║║║╚╣╚╣╔╣╔╣║╚╣═╣ 
╠╗║╚╝║║╠╗║╚╣║║║║║═╣
╚═╩══╩═╩═╩═╩╝╚╩═╩═╝

----------------------------------------------------------------
follow all of these or i will kick you
• Facebook - https://www.facebook.com/MrBeast6000/
• Twitter - https://twitter.com/MrBeast
•  Instagram - https://www.instagram.com/mrbeast
•  Im Hiring! - https://www.mrbeastjobs.com/
--------------------------------------"
We Built A Squirrel Car To Spy On Squirrels,"Go watch Ian's video: https://youtu.be/yQ1J1Klo9dg

Support us on Patreon: https://www.patreon.com/williamosman
Website: http://www.williamosman.com/
InstaHam: https://www.instagram.com/crabsandscience/
Twitter: https://twitter.com/CrabsAndScience
Facebook: https://www.facebook.com/williamosmanscience/
CameraManJohn: https://www.instagram.com/cameraman_john"
Vegans Look Away,"You spin me right 'round, baby, right 'round.
#food #meat #foodasmr #rotisserie #chicken #meat 

Subscribe to MUNCHIES here: http://bit.ly/Subscribe-to-MUNCHIES

Follow MUNCHIES here:
TikTok: https://www.tiktok.com/@munchies
Facebook: http://facebook.com/munchies
Instagram: http://instagram.com/munchies
Twitter: http://twitter.com/munchies
Threads: https://www.threads.net/@munchies

More videos from the VICE network: https://www.fb.com/vicevideo"
What’s in a candle flame?,"In a candle flame there are electrically charged particles, which you can pull apart using an electric field."
How Do Computers Remember?,"Exploring some of the basics of computer memory: latches, flip flops, and registers!

Series playlist: https://www.youtube.com/playlist?list=PLFt_AvWsXl0dPhqVsKt1Ni_46ARyiCGSq
Simulation tool (work in progress): https://sebastian.itch.io/digital-logic-sim
Source code: https://github.com/SebLague/Digital-Logic-Sim
Support the channel: https://www.patreon.com/SebastianLague

Resources and Inspiration:
https://www.youtube.com/c/BenEater
https://www.coursera.org/learn/build-a-computer
https://en.wik"
A $200 Glass of Ice Tea… puzzle.,"MY SHOP: https://www.1st.shop/
Today, I'm taking a look at a vintage packing puzzle from the 80's called Ice Java. It's a creation from Toyo Glass and the goal is to fit the pieces of ice tea , the straw and the ice cubes in to the glass so that it fits nice and snug! Enjoy!
Cool Stuff Available here: https://bit.ly/3f8RDm0
Deck spinner: https://www.penguinmagic.com/p/18580
Gaming Channel: https://www.youtube.com/chrisramsaytv
My Twitch Channel: https://www.twitch.tv/chrisramsay52
My Lighting se"
Don't take your eyes off the ring!,"TOP 4 BUSKING AMPS: http://www.stevenbridges.co.uk/best-amp

PATREON: http://patreon.com/StevenBridges

BUSKER FRIENDS IN THIS VID: 
Dynamike: http://facebook.com/dynamikelovesyou

SOCIALS: 
Instagram: http://instagram.com/StevenBridgesTV
Twitter: http://twitter.com/StevenBridges
Snapchat: StevenBridgesTV
Facebook: http://facebook.com/StevenBridgesMagician
Second Channel: http://youtube.com/stevenbridgestv2

MAGIC:
Cards I use - http://geni.us/cards
Learn card magic - http://geni.us/cardmagicama"
How I Get Thousands In Free Food! (semi-legal),"I am going to show you have to get thousands of dollars in free food. This method should work anywhere in the world and is easier if you can time it with blackouts as well. Enjoy eating your Thousands of dollars of free food!
Second channel: https://www.youtube.com/channel/UCpeliX_ewtnn6f467wyM0YA
https://twitter.com/ididathing1
Discord: https://discord.gg/FMAgmBk"
Spot the short king,"For 65% off with HelloFresh plus FREE shipping, use code CODYKO65 at https://bit.ly/3TWXL0s!

listen to my new song: https://open.spotify.com/track/7qqzKjEg2X12hMfTjwJXKv?si=556e17abde2e4e84

merch: http://ko-official.com
podcast: https://www.youtube.com/tinymeatgang
2nd channel: https://www.youtube.com/channel/UCy06jHRS_82N2i5v1YL7glQ

instagram: http://instagram.com/codyko
twitter: http://twitter.com/codyko

business: mahzad.babayan@unitedtalent.com

edited by: https://www.youtube.com/goofyjui"
"Can an Average IQ Defeat ""The Cube""?!","UNCUT sheets!: https://www.1st.shop/products/1st-v6-uncut-sheet
Wes Barker's Cards: https://wesbarker.shop/
The Cube:  https://questbox.top/product/color-cube
Questbox YT channel:  @QuestBox  
Cool Stuff Available here: https://bit.ly/3f8RDm0
Gaming Channel: https://www.youtube.com/chrisramsaytv
My Twitch Channel: https://www.twitch.tv/chrisramsay52
My Lighting setup: https://glnk.io/73j1x/chris-ramsayaputureaffiliate
____________________________________________________________
1000's of PUZZLES"
Recreating the Worst Prison Weapons,"Prison is dangerous. Life is dangerous. Here are some hacks that will help you with neither. 

Second channel: https://www.youtube.com/channel/UCpeliX_ewtnn6f467wyM0YA
Patreon: https://www.patreon.com/user?u=13180179
Twitter: https://twitter.com/ididathing1
Discord: https://discord.gg/FMAgmBk

Folsom Prison Blues: https://www.youtube.com/watch?v=FReNB2vhGmc

Ring of Fire: https://www.youtube.com/watch?v=EEQwr9MokWA"
I Can't Believe I Got This EARLY 😨,"THIS PHONE LOOKS INSANE 😯 I tried the new @oneplus 12... It's GORGEOUS Some highlights are definitely the 2k 120hz screen, the incredible flowy emerald color, and the Hasselblad camera system 🧐 Should I check it out more in depth? #onepluspartner #oneplus #oneplus12 #phone"
Disturbing Things from Around the Internet [Vol. 4],"The Internet is full of creepy and disturbing finds. Tonight, we're going to dive headstrong into this fourth entry with five more unsettling things that I've recently discovered. Enjoy.

🎡Visit Liminal Land: https://www.liminalland.net
📧Submit a Disturbing Thing: dtfaisubmissions@gmail.com
📲Follow me: https://www.twitter.com/NexpoYT
🖤Support the channel: https://www.patreon.com/Nexpo

--------------------------------------------------------------------------------------
#1: https://tinyurl.com/"
Elon Musk Will Pay For Your Lawyer If You've Been Cancelled #shorts,"⚖️⚖️⚖️ Get a great lawyer with EagleTeam: https://legaleagle.link/eagleteams

Welcome back to LegalEagle.  The most avian legal analysis on the internets. 
🚀 Watch my next video early & ad-free on Nebula! https://legaleagle.link/watchnebula
👔 Suits by Indochino! https://legaleagle.link/indochino

GOT A VIDEO IDEA? TELL ME!
▀▀▀▀▀▀▀▀▀▀▀▀▀▀▀▀▀▀▀▀▀▀▀▀▀▀
Send me an email: devin@legaleagle.show

MY COURSES
▀▀▀▀▀▀▀▀▀▀▀▀▀▀▀▀▀▀▀▀▀▀▀▀▀▀
Interested in LAW SCHOOL?  Get my guide to law school! https://legale"
Risking My Life To Settle A Physics Debate,"Even some physics professors say this craft breaks the laws of physics. This video is sponsored by Kiwico, For 50% off your first month of any subscription crate from KiwiCo (available in 40 countries!) head to https://www.kiwico.com/Veritasium50 

 ▀▀▀▀▀▀▀▀▀▀▀▀▀▀▀▀▀▀▀▀▀▀▀▀▀▀ 
A HUGE thanks to Rick and Neil for letting me drive Blackbird. Check out Rick's YouTube Channel for more in depth videos and explanations on going faster than the wind downwind -- https://ve42.co/Rick 

Gene Nagata made th"
We Drank Every Countries National Alcohol,"We Travelled The World... of Alcohol! 
🌈 Get 10% OFF OUR DRIP with code ""COLDONES""  👉🏻 https://bit.ly/coolshirtzz
🥤 FOR 10% OFF YOUR GAMERSUPPS use code ""COLDONES"" 👉 https://bit.ly/coldonesGG
🅿️ Pledge to our patreon for extended videos: https://www.patreon.com/coldones

SEND STUFF TO OUR PO BOX AND IT MIGHT BE FEATURED IN A VID: ✉️📬
PO Box 5091
Glenferrie south
VIC 3122
Australia
_______________________________________________________________
SOCIAL MEDIA LINKS
Twitter⇨ https://twitter.com/Cold"
Keyboard interface hardware,"Check out https://eater.net/6502 for more 6502 goodness

Support these videos on Patreon: https://www.patreon.com/beneater or https://eater.net/support for other ways to support.

------------------

Social media:
Website: https://www.eater.net
Twitter: https://twitter.com/ben_eater
Patreon: https://patreon.com/beneater
Reddit: https://www.reddit.com/r/beneater

Special thanks to these supporters for making this video possible:
Aleksey Smolenchuk, Alexander Wendland, Andrew C. Young, A"
"MAGNUS, NOOOOOOOO!!!!!!!!!","Photo by Lennart Ootes: https://www.chessphotoshop.com/Superbet-Rapid-Bltz-Poland-2024-Warsaw/i-zjFRTjT

➡️ Get My Chess Courses:  https://www.chessly.com/
➡️ Get my best-selling chess book: https://geni.us/gothamchess

➡️ My book in the UK and Europe: https://bit.ly/3qFqSf7
➡️ Mein Buch auf Deutsch: https://bit.ly/45fKt3R
➡️ Mi libro en Español: https://bit.ly/3Y5xaRx

➡️ Start Playing Chess FOR FREE: http://bit.ly/3Xa3EsB

➡️ Enjoy my videos? Donate Here : https://www.paypal.me/gothamchess

Em"
I WILL BE GM!!!!!!!!!!!!!!!!!,"This is Road to GM, Episode 7. 
➡️ COMMUNITY CHALLENGE:  https://www.chessly.com/
➡️ JOIN THE ROAD TO GM: https://www.patreon.com/gothamchess

➡️ Get my best-selling chess book: https://geni.us/gothamchess

➡️ My book in the UK and Europe: https://bit.ly/3qFqSf7
➡️ Mein Buch auf Deutsch: https://bit.ly/45fKt3R
➡️ Mi libro en Español: https://bit.ly/3Y5xaRx

➡️ Start Playing Chess FOR FREE: http://bit.ly/3Xa3EsB

➡️ Enjoy my videos? Donate Here : https://www.paypal.me/gothamchess

Email me your g"
They were wrong about Keyboards.... 🙀,#mechanicalkeyboard #customkeyboard #keyboard #gamingkeyboard
EGG DROP - Caretaker vs William Osman,"Thanks to Keeps for sponsoring this video!
Head to https://keeps.com/William to get 50% off your first order of hair loss treatment.

Thanks to Ian Dokie

Support on Patreon: https://www.patreon.com/williamosman
Twitter: https://twitter.com/CrabsAndScience
Instagram: https://www.instagram.com/crabsandscience/"
Is it Possible to live in a Micro Camper Like this? Van camping Q&A,"I've been travelling for a whole month now in my DIY micro camper van! To be honest I didn't think my trip would last this long but I have found so many great people on my travels who are making this adventure so exciting and fun! 
Check out my Instagram - https://www.instagram.com/alex_smith1809/
Support the Just Alex Channel on Patreon - https://www.patreon.com/justalexsmith
TikTok - https://www.tiktok.com/@justalexsmith
Watch me live on Twitch - https://www.twitch.tv/justalexsmith
Business en"
The Devil vs. Jesus - The Battle of Paradise Regained Explained,"Try Rocket Money for free: https://RocketMoney.com/WENDIGOON #rocketmoney #personalfinance

My Paradise Lost Video: https://youtu.be/QI_qpsODXck

Paradise Regained HTML: https://www.luminarium.org/renascence-editions/regained.html

My Links

Second channel/ Wendigang: https://www.youtube.com/@UCuX9VrqRC3-EUq1eZ0NBbQg 

Twitter: https://mobile.twitter.com/wendigoon8

Subreddit: https://www.reddit.com/r/wendigoon/

Business email: Wendigoon@streamworks.gg
Personal/Inquiries: Wendigoon8@gmail.com"
Trump's Bombshell Federal Document Indictment,"This is a bombshell. 👨‍💻 Remove personal information off the web with Incogni with code LEGALEAGLE https://legaleagle.link/incogni  
⚖️ Need a lawyer? Get a FREE CONSULTATION with my firm! https://legaleagle.link/eagleteam 

⚖️⚖️⚖️ Do you need a great lawyer?  I can help!  https://legaleagle.link/eagleteam 

Welcome back to LegalEagle.  The most avian legal analysis on the internets. 
🚀 Watch my next video early & ad-free on Nebula! https://legaleagle.link/watchnebula
👔 Suits by Indochino! https"
This bizarre density toy just got an upgrade,"Click the link https://www.kiwico.com/stevemould to get 50% of your first crate of a monthly subscription at KiwiCo.

I've been trying to make this 3 immiscible liquids thing work for years. Finding three liquids that don't mix with each other and beads that have the right density to make it a science puzzle object.

The original video from 7 years ago: https://youtu.be/-gKGWzvZleE
Why white things are white: https://youtu.be/gug67f1_8jM

You can buy my books here:
https://stevemould.com/books

"
Testing the CHEAPEST (Worst) Drinking Games from Wish,"We bought Cheap Drinking Games from China and Punished our Bodies with them! 
🌈BUY THE CLOTHES WE'RE WEARING! 10% OFF w/ code ""COLDONES"" 👉 https://bit.ly/coolcloth

🎬SUPPORT US ON PATREON FOR BONUS CONTENT: https://patreon.com/coldones 
_______________________________________________________________
SEND STUFF TO OUR PO BOX:
Cool Shirtz
Parcel Locker 10168 81071 
208 Riversdale Road
HAWTHORN VIC 3122
_______________________________________________________________
SOCIAL MEDIA LINKS
Twitter - htt"
"10,000 Calorie FLAMIN' HOT CHEETOS Challenge!!!","Download Lords Mobile to Win part of the $15,000!! And a $350 gift pack for everyone! http://igg.com/event/mattstonie
Video Sponsored By: Lords Mobile

10,200 Calories of Flamin' Hot Cheetos! Someone had to do it! Actually, no one had to do it, I just felt like it would be a fun idea...

ENJOY!!!

---Try Stonie Bowls!---

Website - https://www.stoniebowls.com/
INSTAGRAM - https://www.instagram.com/stoniebowls/

---Socials & Stuff----
FACEBOOK  - https://www.facebook.com/mattmegatoad
INSTAGRAM "
Top 10 Facts - Battlefield,"[Credits, References, and More]
https://www.lemmi.no/p/t10f-battlefield

Patreon: https://www.patreon.com/lemmino
Subreddit: https://www.reddit.com/r/lemmino
Twitter: https://www.twitter.com/lemmin0
Discord: https://www.discord.gg/lemmino"
"This ""Miracle Drug"" Is Breaking The Stock Market","and other WINS & FAILS from the past week in Marketing & Business

CHECK OUTDOCTORBATTLE ► https://www.twitch.tv/doctorbattle 
https://twitter.com/doctorbattle

WATCH LIVE ► https://www.twitch.tv/atrioc
TWITTER ►https://www.twitter.com/atrioc
DISCORD ►  https://discord.com/invite/Dar3UDx
REDDIT ► https://reddit.com/r/Atrioc/

Edited by QuacK and Erik | https://twitter.com/quack_001 https://twitter.com/eriksenchee

FULL VOD: https://www.youtube.com/watch?v=TP6IGLPOarI 

0:00 Intro
0:17 Ozempic
8:"
Sprinting with More and More Money,
geoguessr pro reacts to youtubers playing geoguessr for the first time,"no guess shaming
timestamps:
intro: 00:00
speed: 00:53
xqc: 07:30
sidemen: 16:40
timthetatman: 24:55
codyko: 31:26

edited by: rawcruz (linktr.ee/rawcruz)
patreon for more: https://www.patreon.com/professionalgeoguessr"
Claude 3 just destroyed GPT-4 and Gemini... AGI is near?,"Let's take a first look at Claude 3, the latest LLM from Anthropic and see how it compares to GPT-4 and Gemini Ultra. Is Claude Opus the best AI tool for writing code?

#programming #ai #thecodereport 

💬 Chat with Me on Discord

https://discord.gg/fireship

🔗 Resources

Claude 3 Announcement https://www.anthropic.com/news/claude-3-family
Gemini 1.5 https://youtu.be/xPA0LFzUDiE
ChatGPT Store https://youtu.be/9T_wv6D8PYo
How I record by Fireship videos https://youtu.be/N6-Q2dgodLs

📚 Chapters

🔥 "
I WON AGAIN!!!!!!!!!!!!!!!!!!!!,"This is Road to GM, Episode 8. 
➡️ COMMUNITY CHALLENGE:  https://www.chessly.com/
➡️ JOIN THE ROAD TO GM: https://www.patreon.com/gothamchess

➡️ Get my best-selling chess book: https://geni.us/gothamchess

➡️ My book in the UK and Europe: https://bit.ly/3qFqSf7
➡️ Mein Buch auf Deutsch: https://bit.ly/45fKt3R
➡️ Mi libro en Español: https://bit.ly/3Y5xaRx

➡️ Start Playing Chess FOR FREE: http://bit.ly/3Xa3EsB

➡️ Enjoy my videos? Donate Here : https://www.paypal.me/gothamchess

Email me your g"
These chemicals singe my eyeballs,"Today I've decided to singe my eyeballs. To do this, I just have to mix some powdered magnesium metal with some dried silver nitrate. Now, I just have to splash it with a speck of water.

-------------------------------------------------------------------------------
Merch - https://nilered.tv/store
-------------------------------------------------------------------------------

■ NileRed is now available on Nebula!  https://go.nebula.tv/nilered
(when signing up with this link, a portion of your"
be more productive by doing less,"Just touch grass, man.

🏫 COURSES 🏫
Learn to code in C at https://lowlevel.academy

🙌 SUPPORT THE CHANNEL 🙌 Become a Low Level Associate and support the channel at https://youtube.com/c/LowLevelLearning/join

🔥🔥🔥 SOCIALS 🔥🔥🔥
Low Level Merch!: https://lowlevel.store/
Follow me on Twitter: https://twitter.com/lowleveltweets
Follow me on Twitch: https://twitch.tv/lowlevellearning
Join me on Discord!: https://discord.gg/gZhRXDdBYY"
What is error correction? Hamming codes in hardware,"3blue1brown's video: https://www.youtube.com/watch?v=X8jsijhllIA

See https://eater.net/crc for more error detection and correction stuff.

Support these videos on Patreon: https://www.patreon.com/beneater or https://eater.net/support for other ways to support.

------------------

Social media:
Website: https://www.eater.net
Twitter: https://twitter.com/ben_eater
Patreon: https://patreon.com/beneater
Reddit: https://www.reddit.com/r/beneater

Special thanks to these supporters for mak"
PRO GEOGUESSR TOURNAMENT FINALS!,THIS IS THE FINALE OF A 10 WEEK GEOGUESSR TOURNAMENT. 10 OF THE BEST PLAYERS IN THE WORLD 1V1 UNTIL THERE IS ONE VICTORIOUS WINNER.
Top 10 Facts - The Ocean,"Twitter: http://lemmi.no/twitter
Facebook: http://lemmi.no/facebook


[Music]
Kevin MacLeod - Music for Manatees

Creative Commons Attribution:
http://creativecommons.org/licenses/by/3.0/

Link:
http://incompetech.com/music/royalty-free/index.html?isrc=USUAN1400009


[References & Further Reading]
https://docs.google.com/spreadsheets/d/1uUFmXkfYhKiq46Hol5o_YoWrrGn2WmoaZAMS8XugkX4/pub?gid=1457935955


[Thumbnail]
http://lemmino.deviantart.com/art/The-Ocean-478533864"
ITS OVER!!!!!!!!!!!!!,"➡️ Get my courses: https://www.chessly.com/courses

➡️ Follow the Candidates: https://www.chess.com/events/info/2024-fide-candidates-chess-tournaments?ref_id=33945736

➡️ Get my best-selling chess book: https://geni.us/gothamchess

➡️ My book in the UK and Europe: https://bit.ly/3qFqSf7
➡️ Mein Buch auf Deutsch: https://bit.ly/45fKt3R
➡️ Mi libro en Español: https://bit.ly/3Y5xaRx

➡️ Start Playing Chess FOR FREE: http://bit.ly/3Xa3EsB

➡️ Enjoy my videos? Donate Here : https://www.paypal.me/got"
Look At What Happens When I Heat Treat a Metal Lattice!,"You can buy my books here:
https://stevemould.com/books

You can support me on Patreon and get access to the exclusive Discord:
https://www.patreon.com/stevemould

just like these amazing people:

Glenn Watson
Peter Turner
Joël van der Loo
Matthew Cocke
Mark Brouwer
Deneb

Twitter: http://twitter.com/moulds
Instagram: https://www.instagram.com/stevemouldscience/
Facebook: https://www.facebook.com/stevemouldscience/
TikTok: https://www.tiktok.com/@stevemould
Buy nerdy maths things: http://mathsge"
Do Men Lie About Their Height?,"New Merch - https://shopmrbeast.com/

SUBSCRIBE OR I TAKE YOUR DOG
╔═╦╗╔╦╗╔═╦═╦╦╦╦╗╔═╗
║╚╣║║║╚╣╚╣╔╣╔╣║╚╣═╣ 
╠╗║╚╝║║╠╗║╚╣║║║║║═╣
╚═╩══╩═╩═╩═╩╝╚╩═╩═╝

----------------------------------------------------------------
follow all of these or i will kick you
• Facebook - https://www.facebook.com/MrBeast6000/
• Twitter - https://twitter.com/MrBeast
•  Instagram - https://www.instagram.com/mrbeast
•  Im Hiring! - https://www.mrbeastjobs.com/
--------------------------------------------------------------"
"The Siege of Ruby Ridge - An American Standoff, Story, & Controversy","Use code WENDIGOON50 to get 50% OFF First Box and free wellness shots for life with any active subscription at  https://bit.ly/407Vu5D!

GET THE T-SHIRT & BEANIE WHILE YOU CAN: https://wendigoon.shop


My Waco video: https://youtu.be/xZwFxWb0y7w?si=ixQ1mnnIv1j3TXRN

Initial DOJ report regarding Ruby Ridge: https://www.justice.gov/sites/default/files/opr/legacy/2006/11/09/rubyreportcover_39.pdf

FBI incident report: https://vault.fbi.gov/Ruby%20Ridge%20Incident/Ruby%20Ridge%20Incident%20Part%201%"
RS232 interface with the 6551 UART,"Support these videos on Patreon: https://www.patreon.com/beneater or https://eater.net/support for other ways to support.

------------------

Social media:
Website: https://www.eater.net
Twitter: https://twitter.com/ben_eater
Patreon: https://patreon.com/beneater
Reddit: https://www.reddit.com/r/beneater

Special thanks to these supporters for making this video possible:
Adrien Friggeri, Aleksey Smolenchuk, Alex, An Dương, Anthony Weems, anula, Ben, Ben Cochran, Ben Williams, Bill Coo"
Building a $1000 Gaming PC in 2024,"Looking to build a new Gaming PC in 2024? With the right parts on sale, you can build this PC for just around $1,000!

#gamingpc #pcbuild #pcgaming #techtips 

Motherboard - Gigabyte B550M DS3H AC Micro ATX AM4: https://geni.us/wF2k0M4
CPU - AMD 5700X3D: https://lmg.gg/5tKtP
Cooler - Thermalright Peerless Assassin 120: https://geni.us/532fyl1
GPU - XFX Speedster QICK 319 BLACK Radeon RX 7700: https://geni.us/EAkR21r
RAM - 16GB TEAMGROUP T-Force Vulcan Z DDR4: https://geni.us/GNHPU
Storage - King"
The portal illusion,Check out the full video here: https://youtu.be/Fg0qy9L12_g
FUNNIEST moments From AI RICK and MORTY,"Head to https://brilliant.org/CodeBullet/ to start your free 30-day trial, and the first 200 people get 20% off an annual premium subscription.

Twitter: https://twitter.com/code_bullet
Patreon: https://www.patreon.com/CodeBullet
Discord: https://discord.gg/UZDMYx5

Art created by @Dachi.art https://www.instagram.com/dachi.art"
MASSIVE Tuberculosis News,"Not often you get a standing ovation for an academic study! Learn more about the stunning results of the EndTB Trial here: https://endtb.org/endtb-clinical-trial-results

In which John talks about the recent endTB trials and what they mean for the future of people living with multidrug-resistant tuberculosis--and also what it means that it took us so long to find a faster, less toxic, better, and less expensive cure for MDR-TB.

p.s. The world is watching to make sure these new regimens are impl"
[Ludum Dare #43] The Resistance: Behind the Scenes,"A game about batteries. Made in 48 hours for the Ludum Dare 43 game jam.
https://ldjam.com/events/ludum-dare/43/the-resistance

Support the creation of more tutorials and get early access to new videos: https://www.patreon.com/SebastianLague"
DEATH NOTE KEYCAPS!?,#deathnote #keycaps #mechanicalkeyboard #customkeyboard #hipyotech #deathnotekeycaps
i took a cia test,"*renegades harder*

edited by: rawcruz (linktr.ee/rawcruz)"
Avoid These Words (And Not Just at Work),"How does Adam Savage deal with colleagues who are knowledgable but condescending and judgmental of your work? After you land your dream job, what's next?  In this live stream excerpt Adam answers questions from Tested members @Northof60Maker and @Chris Pitoniak, whom we thank for their support! What's the phrase that drives YOU crazy? (We vote for ""Oh! I would have ..."")

Sharing Space: An Astronaut's Guide to Mission, Wonder, and Making Change by Cady Coleman: https://amzn.to/3V1Prhq
Disclaimer"
Do You Want Free Tips?,"Thank you Nexigo for sponsoring this video! Check out the NexiGo Gripcon   https://lmg.gg/NexiGoShort

#sponsored #techtips"
My Best Friend Got The Coronavirus,"to make a donation and a resource for those in need of food assistance; https://www.feedingamerica.org/
100% of merch proceeds donated to Feeding America https://shopcaseyneistat.com/

music in this video is from;  http://smarturl.it/jordynedmonds"
My PC is Slow… Can These “Speed Up” Tools Fix it?,"Visit https://www.squarespace.com/LTT and use offer code LTT for 10% off

Check out the GL.iNet Flint 2 using the link below!
https://lmg.gg/GL.iNet-LTT-Q1-2024

Everyone wants their computer to be running in the best condition possible, but they dont want to re install windows. Thats why we decided to run 6 Different tools to see if any of these can Speed up your computer. Will they work? Are they Snake Oil? The only way to find out was to hand over our credit card, and get Labs to test them!

"
Epic Star Wars Sandcrawler Scale Model Build!,"We're back in Louisville for the annual WonderFest scale modelmaking convention, where we meet Chris Benware, the maker of this epic Star Wars Sandcrawler model and diorama. Not only has Chris painstaking recreated the studio scale Sandcrawler model using hand-cut styrene and accurate sourced model kit parts, he's also filled out the interior with a highly-detailed scene complete with lights and easter eggs! 

Chris Benware Nerf Herder's Workshop: https://www.instagram.com/nerf_herders_workshop/"
Is This The Future of Puzzles?,"Save 15% with coupon code ""ramfam"": https://bit.ly/n1series 
NKD: https://nkd-puzzle.com/fr/98-puzzle-box-oenologic-3770013843525.html
Karakuri: https://www.karakuribox-webshop.com/language/en
Today I'm going to have a look at a much anticipated project by @XaviorSpade . This is a deck of cards that reveals an alternate reality game within. Puzzles, ciphers and stories unfold as soon as you pick one up! Also having a look at a few goodies from NKD Puzzles and The Karakuri Creation Group!
MY SHOP"
"i made a stupid mistake, here's the truth","music Wolf Saga https://soundcloud.com/enterwolfsaga
music MickMan - https://soundcloud.com/mickman/tracks"
Warminster UFO Analysis,"Back in July, a supposed UFO was spotted in what is regarded as the ""UFO capital of the UK"" and citizens from all over got footage of this. Tonight, we determine what this is. Enjoy.

🎡Visit Liminal Land: https://www.liminalland.net
📧Submit a mystery: NightmareExpo@gmail.com
📲Follow me: https://www.twitter.com/NexpoYT
🖤Support the channel: https://www.patreon.com/Nexpo

--------------------------------------------------------------------------------------
Music:
Myuuji - Misconception
Myuuji - T"
Let's build a voltage multiplier!,"In this video, I explain the how a Dickson charge pump operates and how to build a basic example.

Support these videos on Patreon: https://www.patreon.com/beneater or https://eater.net/support for other ways to support.

------------------

Social media:
Website: https://www.eater.net
Twitter: https://twitter.com/ben_eater
Patreon: https://patreon.com/beneater
Reddit: https://www.reddit.com/r/beneater

Special thanks to these supporters for making this video possible:
Adrien Friggeri,"
The New York Breakfast Queen,"Mama Jo has been serving breakfast staples (like bacon, egg, cheese sandwiches, omelette) and traditional Greek pastries (such as spanakopita and baklava) from her food truck in Midtown Manhattan for over 35 years. 

Claiming to be NYC’s oldest street vendor, she isn’t planning on retiring her legendary food cart any time soon. She gets her ingredients fresh every morning in Queens, serves food with a smile and genuinely cares about her customers – earning her the affectionate nickname Mama Jo.
"
How Difficult is it to Find Food in the Forest?,"If you feel I've earned it  you can support the channel here: https://www.patreon.com/mikeboyd
If you prefer, YouTube's ""Join"" feature, you can support here: https://www.youtube.com/channel/UCIRiWCPZoUyZDbydIqitHtQ/join
Want to give a one-off donation instead? https://www.buymeacoffee.com/mikeboyd
I am so grateful for any support you choose to give, financial or emotional! 🙏 Visit https://skl.sh/learnquick20 to get 2 months of Skillshare for free!

This week I try my hand at wild foraging in the"
Installing the world’s worst video card,"More info at https://eater.net/vga

Support these videos on Patreon: https://www.patreon.com/beneater or https://eater.net/support for other ways to support.

------------------

Social media:
Website: https://www.eater.net
Twitter: https://twitter.com/ben_eater
Patreon: https://patreon.com/beneater
Reddit: https://www.reddit.com/r/beneater

Special thanks to these supporters for making this video possible:
Aaron Todd, Alexander Wendland, Andrew Vauter, Anson VanDoren, Anthanasius, Arm"
the time i nearly died from hunger,"Start eating healthier today with Factor and get 50% off your first box using my code GSQDOUGDOUG! Link: https://sdqk.me/ZJcXRFPh/3cnOOXtm

Streaming live on Twitch! https://www.twitch.tv/dougdoug

My 2nd Channel: http://bit.ly/dougdoug2
Twitter: https://twitter.com/DougDougFood

More DugDug:
Latest Uploads: https://www.youtube.com/watch?v=rp4cH7mb4X4&list=PLzTxt5iYdhziB3Zf03HR_aZWgJ49ffj-d&index=2
DougDoug Challenges: https://www.youtube.com/playlist?list=PLzTxt5iYdhzh_SW60_g3HPVjBupwUZOFA
Popu"
Pushing A Roomba To Its Limits,"My cat shirts https://www.catwarehouse.com

Please don't try this at home, we are trained professionals. 
Featuring:
@Gus Johnson 
@iDubbbzTV 
@jacksfilms 
@Michael Reeves 
@Smosh 

Support me on Patreon: https://www.patreon.com/williamosman
InstaHam: https://www.instagram.com/crabsandscience/
Twitter: https://twitter.com/CrabsAndScience
CameraManJohn: https://www.instagram.com/cameraman_john"
how to find an image with very little info,"facing the camera

edited by: vidmok"
A Feeling I've Never Felt Before,"The thing I cut out of this video is that I have a new kind of pain that I've never felt before and because it's new it's just kinda hard to deal with. I don't know what it means. I don't know how to make it feel better and I don't yet know what makes it worse. It's common to have muscle pain after radiation but I thought it would feel like other muscle pain I've had before and it just doesn't! 

So weird. Anyway, that's a bummer. Good thing I got some positive new sensations as well! Thanks for"
The Conspiracy Behind MLK’s Assassination,"Get Honey for FREE today ▸ https://joinhoney.com/wendigoon
Honey finds coupons with one click. Thanks to Honey for sponsoring!

SCP Heretic Kickstarter: https://www.kickstarter.com/projects/retrodigital/scp-heretic

SCP Heretic Trailer: https://www.youtube.com/watch?v=10z7pDY3KBk

A few sources for interviews and transcripts:

https://www.youtube.com/watch?v=NfsW8nptgeI

https://www.youtube.com/watch?v=YpEiGW-lzt4&t=1312s

https://www.youtube.com/watch?v=9gD19zevHJM&t=574s

https://laboratoryofh"
Expanding my Beekeeping Operation - building hives and treating for disease,"I keep 2 hives of bees but this year I'm planning to expand my beekeeping project with the hope to have more bee hives and more honey harvest!
Check out my Instagram - https://www.instagram.com/alex_smith1809/
Support the Just Alex Channel on Patreon - https://www.patreon.com/justalexsmith
TikTok - https://www.tiktok.com/@justalexsmith
Watch me live on Twitch - https://www.twitch.tv/justalexsmith
Business enquiries - alexfordhamsmith@gmail.com"
I Spent 7 Days With MASTER Magicians!,"I spent a week on a private island in Spain with some of the world's best magicians. 
MY SHOP: https://www.1st.shop/
Follow these guys:
https://www.instagram.com/magic4yourbrain
https://www.instagram.com/officialchriskorn
https://www.instagram.com/mransonchen
https://www.instagram.com/dougmckenzie
https://www.instagram.com/johnsteinermagic
https://www.instagram.com/pablozafrilla
https://www.instagram.com/juancapilla_
https://www.instagram.com/giancarloscalia_
https://www.instagram.com/juan.colas"
The Craziest Fact I Know,
Killer Frequency: A Serial Killer Comedy Game,"You are Forrest Nash, a Radio DJ. Your job is to stop your listeners from being murdered tonight

Watch more Comedy Horror: https://www.youtube.com/watch?v=90XXoswaBhk&list=PLliBvQE3gg9fPOkvCH9wbo-2bGBNbg4ky

~This video was recorded live on my Twitch Channel: http://www.twitch.tv/rtgame
~Subscribe if you'd like to see more! https://www.youtube.com/@RTGame?sub_confirmation=1
~Become a Youtube Member to support me: https://www.youtube.com/channel/UCRC6cNamj9tYAO6h_RXd5xA/join

~Follow me on Twitt"
"Skyrim, but NPCs spawn a Cheese Wheel every second","Can you cheese a Skyrim speedrun?

Streaming live on Twitch! https://www.twitch.tv/dougdoug
Full stream recording: https://www.youtube.com/watch?v=UigG-ElEYSg

Edited by Keke! https://twitter.com/CozyKeke
Thumbnail Animation by Jeagle! https://www.youtube.com/c/Jeagle_g

My 2nd Channel: http://bit.ly/dougdoug2
Twitter: https://twitter.com/DougDougFood

More DugDug:
Latest Uploads: https://www.youtube.com/watch?v=rp4cH7mb4X4&list=PLzTxt5iYdhziB3Zf03HR_aZWgJ49ffj-d&index=2
DougDoug Challenges: htt"
1.2 Gallon FRUIT COCKTAIL Eaten in ~5 Minutes!!,"Thanks to Dollar Shave Club for sponsoring. Go to http://DollarShaveClub.com/MattStonie to get your starter set for $5 . After that, the restock box ships full-
sized products at regular price.

So much FRUIT!!!
Probably one of the healthier challenges I've done in awhile, today I attempt to consume 10 cans/1.2 Gallons of Fruit Cocktail in one sitting!

ENJOY!!!

---Try Stonie Bowls!---

Website - https://www.stoniebowls.com/
INSTAGRAM - https://www.instagram.com/stoniebowls/

---Socials & Stuff"
"What Does ""Real-Time"" Mean? #programming #coding #lowcode","Live on Twitch: https://twitch.tv/lowlevellearning

🎥 Check out this video to learn about RTOS! 🤔🔧 If you code for critical systems, you need an operating system that offers precise control.⏱️⚙️ Watch now! #RTOS #coding #technology #operatingsystem #criticalsystems

🏫 COURSES 🏫 Check out my new courses at https://lowlevel.academy

🙌 SUPPORT THE CHANNEL 🙌 Become a Low Level Associate and support the channel at https://youtube.com/c/LowLevelLearning/join

Why Do Header Files Exist? https://youtu.b"
I Got Kicked Out Of A Casino For Counting Cards!,"Free Card Counting Guide:  https://stevenbridges.ck.page/free-guide
Learn to count cards: https://www.blackjackapprenticeship.com/?steven *
Bonus Card Counting Content: https://stevenbridges.ck.page/

In this card counting blackjack video, I get my first back off for counting cards at a casino. I travel to the US to count cards for a whole month, with a bankroll of $250,000 dollars! 

FREE: Why you probably shouldn't learn to count cards: https://stevenbridges.ck.page/free-guide
Learn to count: "
But what is a partial differential equation?  | DE2,"The heat equation, as an introductory PDE.
Strogatz's new book: https://amzn.to/3bcnyw0
Special thanks to these supporters: http://3b1b.co/de2thanks
An equally valuable form of support is to simply share some of the videos.

Timestamps:
0:00 - Introduction
3:29 - Partial derivatives
6:52 - Building the heat equation
13:18 - ODEs vs PDEs
14:29 - The laplacian
16:04 - Book recommendation

Typo corrections:
- 1:33 - it should be “Black-Scholes”
- 16:21 - it should read ""scratch an itch"".
If anyone "
The Best Binutil for Programming #lowcode #coding,"Live on Twitch: https://twitch.tv/lowlevellearning

🏫 COURSES 🏫 Check out my new courses at https://lowlevel.academy

🙌 SUPPORT THE CHANNEL 🙌 Become a Low Level Associate and support the channel at https://youtube.com/c/LowLevelLearning/join

Why Do Header Files Exist? https://youtu.be/tOQZlD-0Scc
How Does Return Work?  https://youtu.be/e46wHUjNDjE

🔥🔥🔥 SOCIALS 🔥🔥🔥
Low Level Merch!: https://lowlevel.store/
Follow me on Twitter: https://twitter.com/lowleveltweets
Join me on Discord!: https://disc"
AI learns to play pool,"Using the genetic algorithm I train an AI to play pool.
Source code is up
https://github.com/Code-Bullet/Pool_AI"
"CUFFerage - ""The Lure""","Written and performed by Dan Olson

Twitter: @FoldableHuman - https://twitter.com/FoldableHuman"
5 Sets of Triplets vs 1 Fake,"Use code CODYKO for $20 off your first SeatGeek order. 
https://seatgeek.onelink.me/RrnK/CODYKO

merch: http://ko-official.com
podcast: https://www.youtube.com/tinymeatgang
2nd channel: https://www.youtube.com/channel/UCy06jHRS_82N2i5v1YL7glQ
new song: https://song.link/us/i/1533963500

instagram: http://instagram.com/codyko
twitter: http://twitter.com/codyko

business: mahzad.babayan@unitedtalent.com

edited by: https://www.youtube.com/goofyjuice"
I can tell you what day of the week you were born on (without looking it up),"If you feel I've earned it  you can support the channel here: https://www.patreon.com/mikeboyd
If you prefer, YouTube's ""Join"" feature, you can support here: https://www.youtube.com/channel/UCIRiWCPZoUyZDbydIqitHtQ/join
Want to give a one-off donation instead? https://www.buymeacoffee.com/mikeboyd
I am so grateful for any support you choose to give, financial or emotional! 🙏 This week I thought I'd learn the ""doomsday"" algorithm which allows you to tell what day of the week any date will fall on"
I Tried Over 60 Keyboards... (So You Don't Have To.),"I tried over 60 custom keyboards so you know the best mechanical keyboard to buy in 2024... 
⬇️Paid links to help out the channel ⬇️
Get the Keychron V1 here: https://www.keychron.com/products/keychron-v1-qmk-via-custom-mechanical-keyboard?ref=Hipyo
Rainy 75: https://www.kickstarter.com/projects/keeb/rainy-75-keyboard-redefining-90-ish-mechanical-keyboards?ref=cz9rbw
Coastal Desk Mat: https://hipyo-shop.fourthwall.com/
My other desk mats: https://kineticlabs.com/link/hipyo-tech?ref=hipyo
Keychro"
5 Whole Pizzas + Q&A (#TakeoutTuesday ep.2),"I love pizza

This week for #TakeoutTuesday the spin wheel chose PIZZA! Ordered 5 from a Mod Pizza near my house, had it delivered, all while #StayingAtHome :)

Have any Questions or Ideas for the next episode, please let me know in the comment box below!!

#TakeoutTuesday is kinda my attempt to pump the #GreatAmericanTakeout inititive, to help local businesses and resturants keep aflot during these difficult time. If you can, consider ordering some Takeout or Delivery on Tuesday's, and feel fre"
Coding Adventure: Terraforming,"I got a bit tired of my simple heightmap-based planets and decided to experiment with generating them using the Marching Cubes algorithm instead, so that I could add a 'terraforming' ability for shaping the world with caves and tunnels and so on. I hope you enjoy!

Project files are available here:
https://github.com/SebLague/Terraforming

If you’d like to support me in creating more videos, I have a Patreon page over here: https://www.patreon.com/SebastianLague

Have a look at these videos if y"
AI Generated Videos Just Changed Forever,"Reminder: It’s only been 1 YEAR since the Will Smith eating spaghetti video

OpenAI Sora: https://openai.com/sora#research

Thumbnail character: BasedAF

MKBHD Merch: http://shop.MKBHD.com

Tech I'm using right now: https://www.amazon.com/shop/MKBHD

Playlist of MKBHD Intro music: https://goo.gl/B3AWV5

~
http://twitter.com/MKBHD
http://instagram.com/MKBHD
http://facebook.com/MKBHD"
Top 10 Facts - Animals,"[Credits, References, and More]
https://www.lemmi.no/p/t10f-animals

Patreon: https://www.patreon.com/lemmino
Subreddit: https://www.reddit.com/r/lemmino
Twitter: https://www.twitter.com/lemmin0
Discord: https://www.discord.gg/lemmino"
"Ages 1 - 100 Decide Who Wins $250,000","I can’t believe who they picked
Thanks Top Troops for sponsoring this video. Download Top Troops at https://toptroops.onelink.me/JHnC/mrbeast or scan the QR code to get a FREE special Starter Pack for a limited time

Thanks Samsung for the Tab S9s - the Galaxy AI features are cool too: https://smsng.us/MrBTabS9

New Merch - https://mrbeast.store

Check out Viewstats! - https://www.viewstats.com/

SUBSCRIBE OR I TAKE YOUR DOG
╔═╦╗╔╦╗╔═╦═╦╦╦╦╗╔═╗
║╚╣║║║╚╣╚╣╔╣╔╣║╚╣═╣ 
╠╗║╚╝║║╠╗║╚╣║║║║║═╣
╚═╩══╩═╩═╩"
Magnus Carlsen lie detector,"➡️ Get My Chess Courses:  https://www.chessly.com/
➡️ Get my best-selling chess book: https://geni.us/gothamchess

➡️ My book in the UK and Europe: https://bit.ly/3qFqSf7
➡️ Mein Buch auf Deutsch: https://bit.ly/45fKt3R
➡️ Mi libro en Español: https://bit.ly/3Y5xaRx

➡️ Start Playing Chess FOR FREE: http://bit.ly/3Xa3EsB

➡️ Enjoy my videos? Donate Here : https://www.paypal.me/gothamchess

Email me your games: gothamletters@gmail.com
Sponsors, Business, Media: gotham@night.co - [DO NOT SEND GAME"
The most delusional lady in dating show history,"Go to our sponsor https://betterhelp.com/codyko for 10% off your first month of therapy with BetterHelp and get matched with a therapist who will listen and help.


merch: ko-official.com
podcast: https://www.youtube.com/tinymeatgang
2nd channel: https://www.youtube.com/channel/UCy06jHRS_82N2i5v1YL7glQ

instagram: http://instagram.com/codyko
twitter: http://twitter.com/codyko

business: mahzad.babayan@unitedtalent.com

edited by zade: 
twitter http://twitter.com/realzade 
insta https://www.insta"
Disturbing Things from Around the Internet [Vol. 12],"Eerie, bone-chilling content is nothing but a Google search away. Tonight, we're diving in to five more disturbing things that I've recently discovered.

🎡Visit Liminal Land: https://www.liminalland.net
📧Submit a Disturbing Thing: dtfaisubmissions@gmail.com
📲Follow me: https://www.twitter.com/NexpoYT
🖤Support the channel: https://www.patreon.com/Nexpo

--------------------------------------------------------------------------------------
[1]: https://tinyurl.com/y2z7mfx5
[2]: https://tinyurl.com"
What Makes Kurzgesagt So Special?,"We're finally revealing the secret sauce behind kurzgesagt videos.


OUR CHANNELS
▀▀▀▀▀▀▀▀▀▀▀▀▀▀▀▀▀▀▀▀▀▀▀▀▀▀
German:        https://kgs.link/youtubeDE
Spanish:        https://kgs.link/youtubeES
French:          https://kgs.link/youtubeFR
Portuguese:  https://kgs.link/youtubePT
Arabic:           https://kgs.link/youtubeAR
Hindi:             https://kgs.link/youtubeHI
Japanese:     https://kgs.link/youtubeJA
Korean:          https://kgs.link/youtubeKO


HOW CAN YOU SUPPORT US?
▀▀▀▀▀▀▀▀▀▀▀▀▀▀▀▀▀▀▀▀"
"Primitive Technology: Brick kiln, brick mold and bricks","Primitive Technology: Brick kiln, brick mold and bricks
Subscribe: http://bit.ly/subPT | Never miss a video! Enable ‘ALL’ Notifications!
Watch my newest content: https://youtube.com/playlist?list=PLGnWLXjIDnpBR4xqf3FO-xFFwE-ucq4Fj&playnext=1&index=2

Follow Primitive Technology:
Wordpress: https://primitivetechnology.wordpress.com/
Patreon: https://patreon.com/user?u=2945881

Watch More Primitive Technology:
Newest Uploads: https://youtube.com/playlist?list=PLGnWLXjIDnpBR4xqf3FO-xFFwE-ucq4Fj&pla"
World's Worst Tik Toks w/ Kurtis Conner,"kurtis' channel: https://www.youtube.com/user/kurtisconner

merch: http://ko-official.com
podcast: https://www.youtube.com/tinymeatgang
2nd channel: https://www.youtube.com/channel/UCy06jHRS_82N2i5v1YL7glQ
new song: https://song.link/us/i/1533963500

instagram: http://instagram.com/codyko
twitter: http://twitter.com/codyko

business: mahzad.babayan@unitedtalent.com

edited by: https://www.twitter.com/realzade"
How to Install LED Bed Lights (Fun DIY Project),"Learn how to install LED strip lights in the bed of your truck or under the hood of your car for less than $30. I show you how to wire the white LED strip lights with a push button switch and a magnetic switch so when you open the tailgate the lights come on automatically and illuminate the inside of the truck bed. 

You can also install the LED lights under the hood of your car so when you open your hood, the lights turn on automatically or with the push of a button. In this case we are working"
"Catch, Cook, Serve: Hong Kong’s Legendary One-Stop Fish Market | Street Eats | Bon Appétit","Bon Appétit joins chef Lucas Sin to try some of Hong Kong’s freshest steamed fish at Ap Lei Chau Market. Steamed fish is a traditional Cantonese dish and the fresher the better–at Ap Lei Chau Market they're serving fish caught in the harbor that morning straight to your plate.

Director: Nic Ko
Director of Photography: Hanley Chu
Editor: Kris Knight; JC Scruggs
Host: Lucas Sin
Producer: Mag Shuiman
Line Producer: Jen McGinity
Production Manager: Janine Dispensa
Production Coordinator: E"
I FIXED THE GAN 12 (Piece Swap),"GAN did a piece swap so I swapped them back. Today we learn to count from 11 to 12.

Cubes Used (GAN 11 12) ►
GAN 11 M Pro: https://speedcubeshop.com/products/gan-11-m-pro-3x3
GAN 12 M MagLev & Leap: https://speedcubeshop.com/products/gan-12-m-3x3

SpeedCubeShop ► https://speedcubeshop.com
Using the code ""JPERM"" supports my channel and also gives you a discount on your order.

Beginner:
2x2 Tutorial ► https://youtu.be/GANnG5a19kg
3x3 Tutorial ► https://www.youtube.com/watch?v=7Ron6MN45LY
4x4 Tut"
STREET MAGICIAN: One Year Of Street Performing!,"I've been a professional Street Performer for over 1 year. And what a year it's been!

PATREON: http://patreon.com/StevenBridges
TOP 4 BUSKING AMPS: http://www.stevenbridges.co.uk/best-amp

BUSKER FRIENDS IN THIS VID: 
Marcello: https://www.youtube.com/channel/UCxjMgyg2rmy60yGTsAALx1A
Murdo: https://www.youtube.com/user/murdoM75
Intensi-T: https://www.youtube.com/user/intensityofficial
Jonny

THUMBNAIL PHOTO BY:
http://instagram.com/iamtimchung

SOCIALS: 
Instagram: http://instagram.com/StevenBr"
Primitive Technology: Iron knife made from bacteria,"Iron knife made from bacteria
Subscribe: http://bit.ly/subPT | Never miss a video! Enable ‘ALL’ Notifications!
Watch my newsest content: https://youtube.com/playlist?list=PLGnWLXjIDnpBR4xqf3FO-xFFwE-ucq4Fj&playnext=1&index=2

Follow Primitive Technology:
Wordpress: https://primitivetechnology.wordpress.com/
Patreon: https://patreon.com/user?u=2945881

Watch More Primitive Technology:
Newest Uploads: https://youtube.com/playlist?list=PLGnWLXjIDnpBR4xqf3FO-xFFwE-ucq4Fj&playnext=1&index=2
Pyrotechn"
I Broke Balatro by using Terrifying Seed Science,"My hand in Balatro now scores more chips than atoms in the observable universe. We've completely broken Balatro.

Watch more Balatro: https://youtu.be/P-ivLWqUK1A

~This video was recorded live on my Twitch Channel: http://www.twitch.tv/rtgame
~Subscribe if you'd like to see more! https://www.youtube.com/@RTGame?sub_confirmation=1
~Become a Youtube Member to support me: https://www.youtube.com/channel/UCRC6cNamj9tYAO6h_RXd5xA/join

~Follow me on Twitter: https://twitter.com/RTGameCrowd
~Follow m"
How Japanese Masters Turn Sand Into Swords,"This is a video about how Japanese samurai swords, aka katanas, are made – from the gathering of the iron sand, to the smelting of the steel, to the forging of the blade. Head over to https://hensonshaving.com/veritasium and enter code 'Veritasium' for 100 free blades with the purchase of a razor. Make sure to add both the razor and the blades to your cart for the code to take effect.

Special thanks to our Patreon supporters! Join this list to help us keep our videos free, forever: 
https://ve4"
This Casino STOLE From Us! (Card Counting Team Play),"Free Card Counting Guide:  https://stevenbridges.ck.page/free-guide
Go to https://brilliant.org/StevenBridges to get a 30-day free trial + the first 200 people will get 20% off their annual subscription.

FREE: Why you probably shouldn't learn to count cards: https://stevenbridges.ck.page/free-guide
Learn to count: https://blackjackapprenticeship.com/?steven (affiliate link - using my link gives you free access to a Steven Bridges chat room)
Book a call with me: https://stevenbridges.thrivecart."
What Happens When We Heat Treat Metal? #shorts,"You can buy my books here:
https://stevemould.com/books

You can support me on Patreon and get access to the exclusive Discord:
https://www.patreon.com/stevemould

just like these amazing people:

Glenn Watson
Peter Turner
Joël van der Loo
Matthew Cocke
Mark Brouwer
Deneb

Twitter: http://twitter.com/moulds
Instagram: https://www.instagram.com/stevemouldscience/
Facebook: https://www.facebook.com/stevemouldscience/
TikTok: https://www.tiktok.com/@stevemould
Buy nerdy maths things: http://mathsge"
"Putin ""Wins"" 6 More Years. What Now?","and other WINS & FAILS from the past week in Marketing and Business!

WATCH LIVE ► https://www.twitch.tv/atrioc
TWITTER ►https://www.twitter.com/atrioc
DISCORD ►  https://discord.com/invite/Dar3UDx
REDDIT ► https://reddit.com/r/Atrioc/

Edited by eriksenchee | https://twitter.com/eriksenchee

FULL VOD: https://www.twitch.tv/videos/2095009509?filter=archives&sort=time
#atrioc #stream #gaming

0:00 Intro
0:21 Putin Forever.
07:26 SBF's Master Plan
08:44 The $9.5M Wine Crime
11:01 NVIDIA Annoucemen"
i almost did it,#shorts
FIFTY THOUSAND DOLLARS,"thanks NordVPN for always being chill with my ideas. Go to https://NordVPN.com/casey or use code CASEY to get 70% off a 3 year plan plus 1 additional month free. 

if youre in a position to help others financially this is GREAT way to help directly - https://www.1kproject.org/

I Believe by Jordyn Edmonds feat. Ty Heeter https://smarturl.it/jordyneibelieve

Mike's Channel - https://www.youtube.com/channel/UCHp-_faz2gINcwGEf9A6ZZg

Julio's IG - https://instagram.com/fitflexjuli?igshid=m4r99lyi5wj"
[New] EVERY CUBE EXAMPLE SOLVE,"It's an inevitable part of every cuber's journey: to lose your 2x2 skill, so you can practice other events.

SpeedCubeShop ► https://speedcubeshop.com
Using the code ""JPERM"" supports my channel and also gives you a discount on your order.

My Mains ►
2x2 YJ MGC: https://speedcubeshop.com/products/yj-mgc-magnetic-2x2
3x3 JPerm RS3 M 2020: https://speedcubeshop.com/products/jperm-rs3-m-2020-3x3
4x4 YJ MGC: https://speedcubeshop.com/products/yj-mgc-magnetic-4x4
5x5 YJ MGC: https://speedcubeshop.com"
I Risked My Life Testing A Race Car's Top Speed,"And I only peed a little. 

Check out the full video on @T-Mobile channel, where I explore the Las Vegas Grand Prix. 
https://youtu.be/5-WluFEXpU0?feature=shared
#tmobilepartner #LasVegasGP"
The bizarre patterns that emerge when you heat ANY fluid,"Click this link https://hensonshaving.com/stevemould and use the code
stevemould to receive 100 free blades with the purchase of your AL13 razor

Are convection diagrams accurate? I built one to find out.

Paper about solutal convection: https://www.sciencedirect.com/science/article/abs/pii/S0378437102010804

You can buy my books here:
https://stevemould.com/books

You can support me on Patreon and get access to the exclusive Discord:
https://www.patreon.com/stevemould

just like these amazing p"
The most comfortable way to strap hang,
Australians Attempt Pumpkin Carving,"WE DON'T CELEBRATE HALLOWEEN HERE BUT WE'RE TRYING ANYWAY 🎃
🌈 BUY WHAT WE'RE WEARING FOR 10% OFF 👉 https://bit.ly/codecoldones
🅿️ Pledge to our patreon for extended videos: https://www.patreon.com/coldones

SEND STUFF TO OUR PO BOX AND IT MIGHT BE FEATURED IN A VID: ✉️📬
PO Box 5091
Glenferrie south
VIC 3122
Australia
_______________________________________________________________
SOCIAL MEDIA LINKS
Twitter⇨ https://twitter.com/ColdOnes
Reddit⇨ https://www.reddit.com/r/ColdOnes/
Discord⇨ https://"
Sam Bankman-Fried Convicted,"Surprising no one, SBF convicted on all 7 counts. 🕵️ Boost your online privacy with NordVPN https://legaleagle.link/nordvpn ⚖️ Get a great lawyer with EagleTeam!  https://legaleagle.link/eagleteam 

Welcome back to LegalEagle.  The most avian legal analysis on the internets. 
🚀 Watch my next video early & ad-free on Nebula! https://legaleagle.link/watchnebula
👔 Suits by Indochino! https://legaleagle.link/indochino

GOT A VIDEO IDEA? TELL ME!
▀▀▀▀▀▀▀▀▀▀▀▀▀▀▀▀▀▀▀▀▀▀▀▀▀▀
Send me an email: devin@leg"
I tried building my own wheels,"This week I tried to build my own mountain bike wheels for my new Deviate Claymore. Wasn't too bad in the end!
To get 5% off your Deviate frame, use code MIKEBOYDFIVE at https://www.deviatecycles.com/

If you feel I've earned it, you can support the channel here: https://www.patreon.com/mikeboyd
Want to give a one-off donation instead? https://www.buymeacoffee.com/mikeboyd

Park Tool video I used to learn: https://www.youtube.com/watch?v=X5gs00ttvdg

Thumbnail by: @Kim_Norrie"
The Dark Side of r/RBI [Stream Archive],"This is an archived live stream that took place on the evening of April 20th.

The Reddit Bureau of Investigation is home to many obscure finds. Tonight, we're going to explore a few of these stories together.

Twitter: https://www.twitter.com/NexpoYT
Patreon: https://www.patreon.com/Nexpo

Music by CO.AG"
very serious family problems.,"MUSIC - https://soundcloud.com/mickman/tracks

xo"
The Best Barbecue Chicken (Without a Recipe) | Basics with Babish,"This episode is sponsored by ButcherBox. New users will receive 4 x 6 oz 100% grass-fed and grass-finished top sirloin steaks FREE in every box for a year. https://butcherbox.pxf.io/c/3816753/2053940/16419

Summer is here, and cookout season is upon us. Let's us guide you in grilling the perfect barbecue chicken--no recipe needed.

For recipes and more, visit https://www.babi.sh

Get the new Basics with Babish Cookbook on Amazon: https://www.amazon.com/Basics-Babish-Guide-Making-Mistakes/dp/1982"
Google's Gemini just made GPT-4 look like a baby’s toy?,"Take a first look at Gemini - Google's latest AI model and GPT-4 competitor. Learn how the multimodal Gemini can handle generative AI tasks, solve programming challenges with Alpha Code 2, and how it was trained using TPU superpods. 

#ai #google #thecodereport 

💬 Chat with Me on Discord

https://discord.gg/fireship

🔗 Resources

Google's Gemini Technical Report https://deepmind.google/technologies/gemini/
Tech Trends in 2023 https://youtu.be/vyQv563Y-fk
Generative AI Influencers https://youtu."
‘The Slamming Door’ Haunting: Revisited,"The first mystery that I ever attempted to tackle on Nightmare Expo was one surrounding the Polish haunting called ""The Slamming Door"". Today, we're going to give it a second look to see what else we can find. Enjoy.

🎡Visit Liminal Land: https://www.liminalland.net
📧Submit a mystery: NightmareExpo@gmail.com
📲Follow me: https://www.twitter.com/NexpoYT
🖤Support the channel: https://www.patreon.com/Nexpo

--------------------------------------------------------------------------------------
Links:"
John Goes ... to the UNITED NATIONS?,"Get your pizzamas. Totally normal, very cool: http://pizzamas.com

In which John attends the United Nations' High Level Meeting on Tuberculosis, and gets to give a speech arguing that in the 21st century, the cure needs to be where the disease is.

Thanks to @unitednations for the footage!

----
Subscribe to our newsletter! http://eepurl.com/Bgi9b
And join the community at http://nerdfighteria.com  
Help transcribe videos - http://nerdfighteria.info
Learn more about our project to help Partners "
The Harrowing Disappearance of Kris Kremers & Lisanne Froon,"Back in 2014, two Dutch girls went missing in a Panamanian jungle. To date, the cause of their disappearance and the exact story hasn't been determined. Today, we're going to explore the evidence and story behind this disturbing mystery.

🎡Visit Liminal Land: https://www.liminalland.net
📧Submit a mystery: NightmareExpo@gmail.com
📲Follow me: https://www.twitter.com/NexpoYT
🖤Support the channel: https://www.patreon.com/Nexpo

------------------------------------------------------------------------"
How to Break the Rubik's Cube World Record,"A simple and complete guide to becoming a top Rubik's Cube solver in 2023!

My Main Speed Cube ► JPerm WR M MagLev: https://speedcubeshop.com/products/jperm-weilong-wr-m-2021-3x3-maglev

SpeedCubeShop ► https://speedcubeshop.com
Using the code ""JPERM"" supports my channel and also gives you a discount on your order.

Buying anything here helps to support my channel! ► https://speedcubeshop.com/collections/jperm-collection

Beginner:
2x2 Tutorial ► https://youtu.be/GANnG5a19kg
3x3 Tutorial ► https"
how to make views (100% working method),#shorts
The Button is BACK!!,"thank u cut gods

merch: http://ko-official.com
podcast: https://www.youtube.com/tinymeatgang
2nd channel: https://www.youtube.com/channel/UCy06jHRS_82N2i5v1YL7glQ
new song: https://song.link/us/i/1533963500

instagram: http://instagram.com/codyko
twitter: http://twitter.com/codyko

business: mahzad.babayan@unitedtalent.com

edited by: https://www.youtube.com/goofyjuice"
The Worst of RTGame,"Celebrating the absolute worst moments of my career, the Worst of RTGame is here for your viewing displeasure 

Watch more terrible RTGame moments: https://www.youtube.com/rtgame

~This video was recorded live on my Twitch Channel: http://www.twitch.tv/rtgame
~Subscribe if you'd like to see more! https://www.youtube.com/@RTGame?sub_confirmation=1
~Become a Youtube Member to support me: https://www.youtube.com/channel/UCRC6cNamj9tYAO6h_RXd5xA/join

~Follow me on Twitter: https://twitter.com/RTGam"
Cooking Wiener Schnitzel in a Mountain Hut - Cooking with Alex Ep1,"I'm not very good at cooking so let's learn together! Wiener Schnitzel is simply a breaded piece of meat. This simple Austrian dish is a filling and tasty meal, perfect for a cold winter day!
HOW TO COOK WIENER SCHNITZEL
Learn more here about Wiener Schnitzel - https://www.austrianwine.com/our-wine/wine-dine/austrian-food-wine/wiener-schnitzel
Potato Salad Recipe - https://www.lilvienna.com/austrian-potato-salad/
Check out my Instagram - https://www.instagram.com/alex_smith1809/
Support the Just"
Does this mean I get minions? 🟨🟦,
The Dancing Liquid 🫠. #physics #toy,"MY SHOP: https://www.1st.shop/

***MY OTHER CHANNELS***
AREA52: @area52investigations
My Podcast: @bottomofthebarrel
Gaming Channel: @chrisramsaytv
My Twitch Channel: https://www.twitch.tv/chrisramsay52
____________________________________________________________
Thanks to Apurture for the lighting:
https://glnk.io/73j1x/chris-ramsayaputureaffiliate
____________________________________________________________
Cool Stuff Available here: https://bit.ly/3f8RDm0
1000's of PUZZLES Available here: htt"
"A quick trick for computing eigenvalues | Chapter 15, Essence of linear algebra","How to write the eigenvalues of a 2x2 matrix just by looking at it.
Need a refresher on eigenvalues?  https://youtu.be/PFDu9oVAE-g
Thanks to Tim for the jingle: https://www.youtube.com/acapellascience
Help fund future projects: https://www.patreon.com/3blue1brown​
An equally valuable form of support is to simply share the videos.
Special thanks to these supporters: https://3b1b.co/quick-eigen-thanks

Lockdown math lecture talking about the mean product formula:
https://youtu.be/MHXO86wKeDY

Time"
Finger Limes: Little Citrus Pop Rocks,"Finger limes! They're nature's candy.

Want Bon Appétit shirts, hats and more? https://shop.bonappetit.com/?utm_source=youtube&utm_brand=ba&utm_campaign=aud-dev&utm_medium=video&utm_content=merch-shop-promo

Still haven’t subscribed to Bon Appétit on YouTube? ►► http://bit.ly/1TLeyPn

Want more Bon Appétit in your life? Subscribe to the magazine! https://bit.ly/313UWRu

ABOUT BON APPÉTIT
Bon Appétit is a highly opinionated food brand that wants everyone to love cooking and eating as much "
This $89 Keyboard Changes Everything??? (Chilkey ND75),"What is the best budget keyboard? The Rainy 75, or the ND75? 
Check Out Boardwalk! https://district.net/boardwalk?referral=HIPYO
⬇️Affiliate links to help out the channel ⬇️
Chilkey ND75: https://chilkey.com/r?id=s3ndib
Rainy 75:  https://www.wobkey.com/hipyo
Coastal Desk Mat: https://hipyo-shop.fourthwall.com/
My other desk mats: https://kineticlabs.com/link/hipyo-tech?ref=hipyo
My camera: https://amzn.to/3jCtq49
My lens: https://amzn.to/2TyBvw6
My lighting: https://amzn.to/34A3emg
Buy Any Epom"
Fixing the Faulty Bambu A1 3D Printer,"While we loved using the Bambu Lab A1 3D printer when we reviewed it last year, the printer has been out of service since Bambu Lab recalled every single A1 unit due to the heatbed cable at risk for damage. And with the replacement heatbed just arrived, let's end this week replacing it on the A1 and get this printer back into action. 

BambuLab A1 3D Printer: https://us.store.bambulab.com/products/a1?variant=41583355199624
Bambu A1 mini phone charger kit: https://us.store.bambulab.com/products/w"
Blind Dating Girls By Dads w/ NUT,"Go to our sponsor https://betterhelp.com/codyko for 10% off your first month of therapy with BetterHelp and get matched with a therapist who will listen and help.

merch: http://ko-official.com


vlog: https://www.youtube.com/channel/UC1zrPxxLTkfQdbwdn6lJQ7w
podcast: https://www.youtube.com/tinymeatgang
2nd channel: https://www.youtube.com/channel/UCy06jHRS_82N2i5v1YL7glQ

instagram: http://instagram.com/codyko
twitter: http://twitter.com/codyko

business: mahzad.babayan@unitedtalent.com

edited"
this is forbidden,#shorts
PRO GEOGUESSR TOURNAMENT (LIVE),"WEEKLY GEOGUESSR TOURNAMENT. THE BEST PLAYERS IN THE WORLD COME TOGETHER TO COMPETE IN A TEAM OF 5 TO SEE WHO WILL PREVAIL THE VICTORIOUS.

PRIZE POOL DONO: https://streamelements.com/rainbolt/tip"
Unboxing My First 10x10 / JPerm Mini Mat | SpeedCubeShop.com,"Is that a 10x10??? yes

SpeedCubeShop ► https://speedcubeshop.com
Using the code ""JPERM"" supports my channel and also gives you a discount on your order.

Product List ►
JPerm Speed Cuber Bundle: https://speedcubeshop.com/products/jperm-speed-cuber-bundle

JPerm RS3 M 2020: https://speedcubeshop.com/products/jperm-rs3-m-2020-3x3
JPerm Mini Mat: https://speedcubeshop.com/products/jperm-mini-mat
MFJS MeiLong 10x10: https://speedcubeshop.com/products/mofang-jiaoshi-meilong-10x10
YuXin Little Magic "
How to Make Sanji's Tuna Saute from One Piece | Binging with Babish,"Get 50% off your first order of CookUnity meals — go to https://cookunity.com/babish50 and use my code BABISH50 at checkout to try them out for yourself! Thanks to CookUnity for sponsoring this video!

Grab your best straw hat, and get ready to enjoy some delicious bluefin tuna, inspired by One Piece.

Get the new Basics with Babish Cookbook on Amazon: https://www.amazon.com/Basics-Babish-Guide-Making-Mistakes/dp/198216753X

Babish Cookware on Amazon: http://bit.ly/babishstore

My playlist of pr"
Is there something wrong with my camera?,"If you feel I've earned it, you can support the channel here: https://www.patreon.com/mikeboyd
Want to give a one-off donation instead? https://www.buymeacoffee.com/mikeboyd
If you prefer, the ""Join"" feature and Superthanks on YouTube are also available: https://www.youtube.com/channel/UCIRiWCPZoUyZDbydIqitHtQ/join"
Giant Sour Patch Kids Challenge x 2 (EXTREMELY SOUR),"Go to https://www.buyraycon.com/Stonie for 15% off your order!
Brought to you by Raycon.

Video Sponsored By : Raycon

The Family-Size Sour Patch Kids Challenge... x2!!! 
3.8lbs & 6,300 Calories of Sour Gummy Candy!
When I did this challenge back in 2018 it was very painful... so why not double it..

What a ba.. I mean good idea!

ENJOY!!!

---Try Stonie Bowls!---

Website - https://www.stoniebowls.com/
INSTAGRAM - https://www.instagram.com/stoniebowls/

---Socials & Stuff----
FACEBOOK  - https:"
Pt. 4 | If TikTok is gone… 💣,
i am now supreme leader,"Get exclusive NordVPN deal here ➵ https://NordVPN.com/pewdiepie It’s risk free with Nord’s 30 day money-back guarantee!""✌

Stock Up On ➡️🥤Gfuel (affiliate): https://gfuel.ly/bogo-pewdiepie
#Code #Pewdiepie

Shop my OFFICIAL merch collection: https://bit.ly/pdpstore

∞ Official ƿ૯ωძɿ૯ƿɿ૯ Infinity Stream: https://www.twitch.tv/pewdiepie

⚙️ My Setup (affiliate links)⚙️
🎧 Headphones: https://www.anrdoezrs.net/click-100814745-14330447
🪑 Chair: https://tinyurl.com/clutchpdp
⌨️ 🖱️ Keyboard & Mouse: ht"
Magnus or Stockfish?,"➡️ VLOGS ARE HERE: https://www.patreon.com/gothamchess

➡️ Clash of Claims: https://www.clashofclaims.com/
➡️ My Tournament: https://www.chess.com/events/info/2024-madrid-chess-festival?ref_id=33945736

➡️ Get My Chess Courses:  https://www.chessly.com/
➡️ Get my best-selling chess book: https://geni.us/gothamchess

➡️ My book in the UK and Europe: https://bit.ly/3qFqSf7
➡️ Mein Buch auf Deutsch: https://bit.ly/45fKt3R
➡️ Mi libro en Español: https://bit.ly/3Y5xaRx

➡️ Start Playing Chess FOR FR"
Do Bad Reviews Kill Companies?,"Let's talk about reviews

MKBHD Merch: http://shop.MKBHD.com

Tech I'm using right now: https://www.amazon.com/shop/MKBHD

Playlist of MKBHD Intro music: https://goo.gl/B3AWV5

~
http://twitter.com/MKBHD
http://instagram.com/MKBHD
http://facebook.com/MKBHD"
Trying the World's Most Famous Alcohol,"We Tried The Most Famous Drinks in the World!
🌈 Get the Clothes We're Wearing for 10% OFF with code ""COLDONES""  👉🏻 https://bit.ly/coolshirtzz
🅿️ Pledge to our patreon for extended videos: https://www.patreon.com/coldones

SEND STUFF TO OUR PO BOX AND IT MIGHT BE FEATURED IN A VID: ✉️📬
PO Box 5091
Glenferrie south
VIC 3122
Australia
_______________________________________________________________
SOCIAL MEDIA LINKS
Twitter⇨ https://twitter.com/ColdOnes
Reddit⇨ https://www.reddit.com/r/ColdOnes/
Di"
鬼滅の刃 刀鍛冶の里編 OP 絆ノ奇跡 [ベース],"Demon Slayer: Kimetsu no Yaiba Swordsmith Village Arc Opening but it's on BASS

鬼滅の刃 刀鍛冶の里編 OP 絆ノ奇跡 [ベース] 
my new outfit (◕‿◕)

Subscribe for more videos: https://goo.gl/G9As1e
Reddit: https://www.reddit.com/r/Davie504/
Patreon: https://www.patreon.com/davie504
Merch: https://represent.com/store/davie504-official-merch
Twitter: https://twitter.com/Davie504bass
Instagram: https://www.instagram.com/davie504/
Facebook: http://www.facebook.com/Davie504
Discord: https://discord.gg/davie504

my new ou"
How Trump (Allegedly) Tried to Steal the Election,"Here's how the conspiracy went down. 🍋 Go to https://legaleagle.link/hellofresh to get 50% off of HelloFresh plus FREE shipping at (code: 50LEGALEAGLE) ⚖️⚖️⚖️ Do you need a great lawyer?  I can help!  https://legaleagle.link/eagleteam 

Welcome back to LegalEagle.  The most avian legal analysis on the internets. 
🚀 Watch my next video early & ad-free on Nebula! https://legaleagle.link/watchnebula
👔 Suits by Indochino! https://legaleagle.link/indochino

GOT A VIDEO IDEA? TELL ME!
▀▀▀▀▀▀▀▀▀▀▀▀▀▀▀▀"
"SPECIAL GAN ""CHAN"" CUBE / ALL BLUE 2X2 / SQUARE-2 UNBOXING | SpeedCubeShop.com","GAN really got me excited by a slightly green cube with air bubbles.

My Main Cube ► JPerm RS3 M 2020: https://speedcubeshop.com/products/jperm-rs3-m-2020-3x3

SpeedCubeShop ► https://speedcubeshop.com
Using the code ""JPERM"" supports my channel and also gives you a discount on your order.

My PB Sheet ► https://bit.ly/JPERMPBS

Products ►
GAN Chan Limited Edition (sold out)
ShengShou Mr. M Square-2: https://speedcubeshop.com/products/shengshou-mr-m-square-2
QiYi OS Cube: https://speedcubeshop.co"
Using AirDrop with Android!,"How to use AirDrop between an Android phone and a Mac!

WarpShare: https://github.com/MoKee/android_packages_apps_WarpShare

NearDrop: https://github.com/grishka/NearDrop"
Primitive Technology: Round hut,I built a round hut using palm thatch and mud walls to replace the damaged A-frame hut built a few months ago. The A frame hut was damaged due to torrential rain and poor design elements considering the wet conditions. The thatch had rotted in the part of the roof that gets shade. Moth larvae and mold grew and consumed the thatch in these places. The hut also tilted forward due to the back post being hammered in only 25 cm into the ground. So on returning to the property (it was cut off by flood
The Bizarre Mystery of the Khamar Daban Deaths,"Go to https://galaxylamps.co/wendigoon for a 15% discount for the first 100


Cadaber's video: https://www.youtube.com/watch?v=u6Zm9WV1kOI&t=147s

Nick Crowley's video: https://www.youtube.com/watch?v=RZXr2LlnG9o


Time Stamps

Introduction - 00:00

The Mystery - 2:45

The Evidence - 10:38

The Theories - 16:57

Pointless Mumbling - 25:09


Thank you all so much for watching and please let me know what you think! 

My Links

Wendigang: https://www.youtube.com/channel/UCuX9VrqRC3-EUq1eZ0NBbQg

Tw"
The Bushman Strikes Again!,
The Spy Who Hilariously Won World War 2,"Thanks a lot Download FilmoraGo Video Editor: https://bit.ly/37afeeU Learn more editing tutorials: https://bit.ly/3casiBK #filmorago

Thank you all so much for watching and please let me know what you think! 

My Links

Gaming Channel/Wendigames: https://www.youtube.com/channel/UCuX9VrqRC3-EUq1eZ0NBbQg

Patreon: https://www.patreon.com/wendigoon

Twitter: https://mobile.twitter.com/wendigoon8

Subreddit: https://www.reddit.com/r/wendigoon/

Merch Store: https://wendigoon.myshopify.com/

Email: W"
Weird Animation Technique,"You can buy my books here:
https://stevemould.com/books

You can support me on Patreon and get access to the exclusive Discord:
https://www.patreon.com/stevemould

just like these amazing people:

Glenn Watson
Peter Turner
Joël van der Loo
Matthew Cocke
Mark Brouwer
Deneb

Twitter: http://twitter.com/moulds
Instagram: https://www.instagram.com/stevemouldscience/
Facebook: https://www.facebook.com/stevemouldscience/
TikTok: https://www.tiktok.com/@stevemould
Buy nerdy maths things: http://mathsge"
OpenAI Stole Scarlet Johansson's Voice,"Time for everyone's favorite subject: IP law 👨‍💻 Remove personal information off the web with Incogni with code LEGALEAGLE https://legaleagle.link/incogni ⚖️⚖️⚖️ Do you need a great lawyer?  I can help!  https://legaleagle.link/eagleteam 

Welcome back to LegalEagle.  The most avian legal analysis on the internets. 
🚀 Watch my next video early & ad-free on Nebula! https://legaleagle.link/watchnebula
👔 Suits by Indochino! https://legaleagle.link/indochino

GOT A VIDEO IDEA? TELL ME!
▀▀▀▀▀▀▀▀▀▀▀▀▀"
Hand-Making 480 Desserts Each Night at a 2 Michelin Star Restaurant | On The Line | Bon Appetit,"“In a tasting menu restaurant, everybody gets a dessert. So if you have 80 a day, you gotta have 80 desserts a day. We have to be very fast. There's only a couple of other restaurants in the city that has two Michelin stars.” Go behind the scenes at Providence with pastry chef Mac Daniel Dimla for a day crafting decadent desserts in the heart of Hollywood.

Director: Maria Paz Mendez Hodes
Director of Photography: April Maxey
Editor: Jamie Gordon
Director of Culinary Production: Kelly Janke"
iPhone Update PSA,Just to be clear: You can update your software
How to Super Clean your Wheels,"Learn how to Super Clean your wheels with 5 simple steps. Not only will I show you how to clean the brake dust off but I will show you how to remove stains and tar which can be difficult to clean off. Then I will show you how to protect the wheel surface and also add tire shine to the tire sidewall to protect it from UV rays and ozone.

This video includes product placement of Meguiars detailing products.

Detailing Brush Set: https://amzn.to/3QWot7F
Wheel Cleaner (safe for all wheels): advancea"
London's Oldest Fast Food,"Pie and mash is London's oldest and most traditional fast food. 

We met up with owner Joe Cooke, great grandson of Robert Cooke, who opened East London's first pie and mash shop in 1862. Joe taught us how to make a traditional pie and mash, complete with parsley sauce, known as liquor.

Would you try this British delicacy? 

#london #fastfood #foodlover #britishfood #pie

Subscribe to MUNCHIES here: http://bit.ly/Subscribe-to-MUNCHIES

Follow MUNCHIES here:
TikTok: https://www.tiktok.com/@munch"
When a Giftee Throws Away Your Homemade Gift,"Has Adam Savage ever experienced someone throwing away his homemade gift, and how did he move past the knock to his confidence as a maker? In this live stream excerpt Adam answers this question from @ianrigby7395, whom we thank for their support! Has this ever happened to you, and if so, how did it impact you?

Join this channel to support Tested and get access to perks, like asking Adam a question during live streams:
https://www.youtube.com/channel/UCiDJtJKMICpb9B1qf7qjEOA/join

Subscribe for "
🔴 Can I play in Immortal lobbies? ft. @tarik,"DONATE FOR TTS HERE ► https://streamelements.com/ludwig/tip
AI TTS GUIDE (ONLY WORKS WITH ABOVE LINK) ► https://tts.monster/yt/ucrpseylgpnygvi34qpgnqpa

GET THE TRUFFLE.TV EXTENSION FOR EMOTES, CHANNEL POINTS, PREDICTIONS, AND MORE! ► https://truffle.vip/extension 

follow me on twitter ► https://www.twitter.com/ludwigahgren
follow me on tiktok ► https://www.tiktok.com/@ludwig
follow me on instagram ► https://www.instagram.com/ludwigahgren
join my subreddit ► https://old.reddit.com/r/LudwigAhgre"
How to Buy a Budget Friendly Project Car,"Learn how you can buy a project car for less than the cost of a new cell phone! Project cars are great for learning how to fix a car and when you are ""done"" (project cars are never done), you can be proud to drive the car you fixed up!
In this series eBay Motors challenged me to buy a 24hr endurance race car for the 24hrs of Lemons race series. The car I chose had to be fast, reliable, and under $500!

eBay Motors (show them some love): https://ebayvehicle.com/app/ChrisFix

BlueDriver OBD 2 Code"
I Tricked These Trick-Or-Treaters  @CrunchLabs @MrBeast,This is why no one ever picks Trick.
Oh No! Alex Jones Can't Use Bankruptcy to Avoid the Sandy Hook Judgments,"Sometimes bad things happen to bad people.  ☕️ Get your first bag free with Trade Coffee https://legaleagle.link/trade ⚖️⚖️⚖️ Do you need a great lawyer?  I can help!  https://legaleagle.link/eagleteam 

Welcome back to LegalEagle.  The most avian legal analysis on the internets. 
🚀 Watch my next video early & ad-free on Nebula! https://legaleagle.link/watchnebula
👔 Suits by Indochino! https://legaleagle.link/indochino

GOT A VIDEO IDEA? TELL ME!
▀▀▀▀▀▀▀▀▀▀▀▀▀▀▀▀▀▀▀▀▀▀▀▀▀▀
Send me an email: devi"
Bun is disrupting JavaScript land,"Let's take a first look at Bun 1.0 - the worlds fastest JavaScript runtime. Find out how Bun compares to Node.js and Deno. 

#webdevelopment #javascript #thecodereport 

🔥 Level up AI code generation with DevGPT

Try it for free: https://devgpt.com/?utm_source=fireship

💬 Chat with Me on Discord

https://discord.gg/fireship

🔗 Resources

Bun 1.0 details https://bun.sh/blog/bun-v1.0
Bun.js Launch Video https://youtu.be/BsnCpESUEqM
Deno NPM modules https://youtu.be/cv7ci6GT5Hg

🎨 My Editor Setting"
The top secret plan to explode a nuclear bomb in Yorkshire,"In the 1960s, America was running ""Operation Plowshare"": the idea that perhaps nuclear bombs could be used for peace, not war. At least some British scientists had similar ambitions, and it involved setting off a nuclear bomb under Wheeldale, in the North York Moors National Park.

Based on catalogue reference ES 26 in the National Archives, mainly ES 26/2 and 26/4. ""Atomic Weapons Research Establishment and Atomic Weapons Establishment: Peaceful Uses of Nuclear Explosions: Files and Reports"". C"
"Can I Eat $14,000 of A5 Wagyu in 5 Minutes?? (ft. Guga Foods)","Check out Guga Food's Video!! - https://youtu.be/ymzJxuith-g

One of the MOST EPIC Challenges I've ever done!!! I teamed up with the one and only Guga Foods to attempt to set 3 Wagyu Beef records. He did the preparing, I did the eating!

Full disclosure, I couldn't find a 100% reliable source on the calorie count, but they say it's 677 per 4oz, so thats crazy!!

ENJOY!!!

---Try Stonie Bowls!---

Website - https://www.stoniebowls.com/
INSTAGRAM - https://www.instagram.com/stoniebowls/

---Social"
Real Lawyers React to Primal Fear,"ARE YOU HAPPY BEN?! 🔪 🔪 Extended version on Nebula! Get 40% off your subscription! https://legaleagle.link/nebulaforlife ⚖️⚖️⚖️ Do you need a great lawyer?  I can help!  https://legaleagle.link/eagleteam 

Welcome back to LegalEagle.  The most avian legal analysis on the internets. 
🚀 Watch my next video early & ad-free on Nebula! https://legaleagle.link/watchnebula
👔 Suits by Indochino! https://legaleagle.link/indochino

GOT A VIDEO IDEA? TELL ME!
▀▀▀▀▀▀▀▀▀▀▀▀▀▀▀▀▀▀▀▀▀▀▀▀▀▀
Send me an email: de"
Can crusher vs human hand,
Avalanche Expert Explains How To Survive One,"Avalanches are beautiful, majestic, and completely terrifying – this is a video all about the science of avalanches. Head to https://brilliant.org/veritasium to start your free 30-day trial, and get 20% off an annual premium subscription.

A massive thank you to everyone at Whistler Blackcomb for making this shoot happen – Dane Gergovich, David Iles, Alastair Collis, Erin Taylor, and everyone else on the ski patrol team. Thank you for keeping us safe!

A massive thank you to Bruce Tremper, Niko "
The Rasta Chef Ripping up the Rulebook,"Meet the rasta blending food from Japan and Jamaica.  

Come for the mouth-watering vegan food, stay for the charismatic owners.
Izaba and Tomomi started TerraZen Centre together after living in Tokyo for 25 years, and combine their backgrounds with dishes like vegan jerk, karaage, and crunchy dragon rolls.

#Jamaicanfood #Japanesefood #foodtok #Amsterdam #food #foodporn

Subscribe to MUNCHIES here: http://bit.ly/Subscribe-to-MUNCHIES

Follow MUNCHIES here:
TikTok: https://www.tiktok.com/@munchi"
This Keyboard is BUDGET.,(This keyboard was sent to me for free by Wobkey - I'll have a vid on it this Saturday!) #keyboards #mechanicalkeyboards #mechanicalkeyboard #customkeyboard #keycaps
How Do Magnets Climb This Screwdriver?!,"You can buy my books here:
https://stevemould.com/books

You can support me on Patreon and get access to the exclusive Discord:
https://www.patreon.com/stevemould

just like these amazing people:

Glenn Watson
Peter Turner
Joël van der Loo
Matthew Cocke
Mark Brouwer
Deneb

Twitter: http://twitter.com/moulds
Instagram: https://www.instagram.com/stevemouldscience/
Facebook: https://www.facebook.com/stevemouldscience/
TikTok: https://www.tiktok.com/@stevemould
Buy nerdy maths things: http://mathsge"
Asbestos is dangerous,"What I have here looks just like a generic rock, but it's actually pretty dangerous. All of the white stuff is actually asbestos, which is horrible to breathe in.

-------------------------------------------------------------------------------
Merch - https://nilered.tv/store
-------------------------------------------------------------------------------

■ NileRed is now available on Nebula!  https://go.nebula.tv/nilered
(when signing up with this link, a portion of your membership directly sup"
Pop-up tents are weirder than you think,"Click the link https://www.kiwico.com/stevemould and use the code
STEVEMOULD to get 50% of your first month at KiwiCo

Pop-up tents are hard to put away. Find out how by understanding the maths and science of them.

You can buy my books here:
https://stevemould.com/books

You can support me on Patreon and get access to the exclusive Discord:
https://www.patreon.com/stevemould

just like these amazing people:

Alex Hackman
Glenn Sugden
Tj Steyn
Pavel Dubov
Lizzy and Jack
Jeremy Cole
Brendan Willi"
Why are there drugs in my pee?,"This is a cup of my own pee, and I've decided to test it for drugs.

-------------------------------------------------------------------------------
Merch - https://nilered.tv/store
-------------------------------------------------------------------------------

■ NileRed is now available on Nebula!  https://go.nebula.tv/nilered
(when signing up with this link, a portion of your membership directly supports the channel)

Join the community:
Patreon - https://www.patreon.com/nilered
Discord - htt"
Testing VIRAL TikTok Life Hacks,"We Test 5 Minute Craft Life Hacks from Tik Tok!
🍎 LIMITED EDITION CUTLERY APPLE SHIRT 👉 http://shirtz.cool/clapple 
🌈 Get 10% Off Anything Else from http://shirtz.cool with the code ""COLDONES""

Pledge to our Patreon for EXTRA FOOTAGE 👉  Patreon.com/coldones

#TikTok #LifeHacks #ColdOnes"
How to Install a Hidden Kill Switch in your Car or Truck (Cheap Anti Theft System),"Instead of installing an expensive car alarm system or using ineffective methods to prevent your car from getting stolen, learn how to install an inexpensive, hidden kill switch. http://simplisafe.com/dreamcar

This kill switch is easy to install and anyone can do it at home with basic tools. It can also work along with your car's current alarm system. How it works is it cuts the power to the fuel pump so you cannot jump start the car, hot wire it, or even push start it. In order to steal the ca"
Feeling Like a Failure (During an Eclipse),"I'm OK, it's just been a rollercoaster of a week!

Subscribe to our newsletter! https://werehere.beehiiv.com/subscribe

Check out Good.Store's new website. You can get 25% off your first order right now! https://good.store/

Some of my favorite episodes of Microcosmos: 
Microscopic Predators: https://www.youtube.com/watch?v=rWtMIQguUOo
Proof of Atoms: https://www.youtube.com/watch?v=W7WzxpI3eWE
This Ciliate is About to Die: https://www.youtube.com/watch?v=ibpdNqrtar0

----
Subscribe to our newsl"
I DID IT!!!!!!!!!!!!!!!!!!!!!!,"This is Road to GM Episode 14. 
➡️ COMMUNITY CHALLENGE:  https://www.chessly.com/
➡️ JOIN THE ROAD TO GM: https://www.patreon.com/gothamchess

➡️ Get my best-selling chess book: https://geni.us/gothamchess

➡️ My book in the UK and Europe: https://bit.ly/3qFqSf7
➡️ Mein Buch auf Deutsch: https://bit.ly/45fKt3R
➡️ Mi libro en Español: https://bit.ly/3Y5xaRx

➡️ Start Playing Chess FOR FREE: http://bit.ly/3Xa3EsB

➡️ Enjoy my videos? Donate Here : https://www.paypal.me/gothamchess

Email me your g"
This Monster Samsung Tablet is Awesome!,"Galaxy Tab S9 Ultra, for those wondering. It's pretty sick. iPad Who?"
The Real Story of Oppenheimer,"J. Robert Oppenheimer forever changed the course of history. He may be the most important physicist to have ever lived. Part of this video is sponsored by Wren. Offset your carbon footprint on Wren: ​https://www.wren.co/start/veritasium1 For the first 100 people who sign up, I will personally pay for the first month of your subscription!

If you want to learn more about Oppenheimer, I strongly recommend the book “American Prometheus” By Kai Bird and Martin Sherwin. It was the inspiration for Chr"
My New Favorite Show - Love at First Kiss,"Use code CODYKO for $20 off your first SeatGeek order. 
https://seatgeek.onelink.me/RrnK/CODYKO



merch: http://ko-official.com
podcast: https://www.youtube.com/tinymeatgang
2nd channel: https://www.youtube.com/channel/UCy06jHRS_82N2i5v1YL7glQ

instagram: http://instagram.com/codyko
twitter: http://twitter.com/codyko

business: mahzad.babayan@unitedtalent.com

edited by: https://www.youtube.com/goofyjuice"
SIMPLE Van Camper Conversion -  Start to finish project build,"Please know that this simple van conversion is within anyones capability. I have no previous experience with DIY projects, or van conversions and I managed to create this camper that I travelled round Europe in! 
Watch my van travel series here - https://www.youtube.com/watch?
Check out my Instagram - https://www.instagram.com/alex_smith1809/
Support the Just Alex Channel on Patreon - https://www.patreon.com/justalexsmith
TikTok - https://www.tiktok.com/@justalexsmith
Watch me live on Twitch - h"
Eating McDonald's Happy Meals until I get EVERY POKEMON CARD!!,"Go to https://buyraycon.com/stonie for 15% off your order!
Video Sponsored by: Raycon

Pokemon is Back!!
I couldn't resist, I had to make an attempt to collect all the cards. But of course, we can't let food go to waste, so we're eating every McDonalds Happy Meal on the way!

Will I make it? Will I collect them all?! 

ENJOY!!!

---Try Stonie Bowls!---

Website - https://www.stoniebowls.com/
INSTAGRAM - https://www.instagram.com/stoniebowls/

---Socials & Stuff----
FACEBOOK  - https://www.facebo"
Why build an entire computer on breadboards?,"More on breadboards: https://www.eater.net/breadboards
More on the 6502 project: https://www.eater.net/6502

Here are the graphing calculator models if you'd like to play with them:
https://www.desmos.com/calculator/txls6jc88c
https://www.desmos.com/calculator/i75gnzi3jb


Support these videos on Patreon: https://www.patreon.com/beneater or https://eater.net/support for other ways to support.

------------------

Social media:
Website: https://www.eater.net
Twitter: https://twitter.com/ben"
Top 10 HARDEST Bass Lines I CANNOT Play..,"So apparently these are the 10 basslines I CANNOT play because they are too hard for me...
From John Myung to Jaco Pastorious.. lets see...
EPIC Merch: https://davie504merch.com/
Patreon: https://www.patreon.com/davie504
TABS: https://paidtabs.com/u/Davie504
Subscribe for more videos: https://goo.gl/G9As1e
Reddit: https://www.reddit.com/r/Davie504/
Twitter: https://twitter.com/Davie504bass
Instagram: https://www.instagram.com/davie504/
Facebook: http://www.facebook.com/Davie504

My music:
Spotif"
Just The Two Of Us (Couple Bass Cover),"First bass playing video we make together since we got married!  ""Just the two of us"" playing bass.
Backing track: https://youtu.be/WxOLAg8_UKM?si=znS7Eh4U4C_BjjjW

EPIC Merch: https://davie504merch.com/
Patreon: https://www.patreon.com/davie504
TABS: https://paidtabs.com/u/Davie504
Subscribe for more videos: https://goo.gl/G9As1e
Reddit: https://www.reddit.com/r/Davie504/
Twitter: https://twitter.com/Davie504bass
Instagram: https://www.instagram.com/davie504/
Facebook: http://www.facebook.com/D"
Primitive Technology: Freshwater Prawn Trap,"I built a prawn trap from lawyer cane, sticks and vine. Then I caught some prawns and ate them.
Prawn (and fish) traps are simple traps designed to catch aquatic life due to their shape. It consists of a simple basket with a funnel shaped entrance. Prawns easily find their way into the trap as they are funneled in, but have difficulty finding the way out.
I wove the main body of the trap from lawyer cane then made the funnel from sticks with vines woven between them. The funnel was then inserted"
The Most Extreme Explosion in the Universe,"Sources & further reading:
https://sites.google.com/view/sources-supernovadeath

Supernovae are the most powerful explosions in the universe, unleashing enough energy to outshine galaxies. We have no real metaphor for their power – if the sun were to magically go supernova it would feel like you were being hit by the energy of a nuclear explosion, every second. For weeks.
While supernovae are the engines of creation, forging the elements that enable life, they also burn sterile whole regions of "
"Strange Reviews for ""Pie"" that Doesn't Exist","There's been a strange mystery online for about a decade now. Hundreds upon hundreds of users have been raving about a certain ""key lime pie"" that has never existed. The conversations that people have with each other about said pie are nothing short of odd. In this one, Elder's Vault and I will tackle this long-time mystery and bring it to the limelight.

🎡Visit Liminal Land: https://www.liminalland.net
📧Submit a mystery: NightmareExpo@gmail.com
📲Follow me: https://www.twitter.com/NexpoYT
🖤Suppo"
"I'm Not Retiring, but we should chat","I can't believe RTGame is retiring oh my God

~Twitch Channel: http://www.twitch.tv/rtgame
~Subscribe if you'd like to see more! https://www.youtube.com/@RTGame?sub_confirmation=1
~Become a Youtube Member to support me: https://www.youtube.com/channel/UCRC6cNamj9tYAO6h_RXd5xA/join

~Follow me on Twitter: https://twitter.com/RTGameCrowd
~Follow me on Instagram: https://www.instagram.com/rtgamecrowd
~Join the RTGame Discord Server: https://discord.gg/rtgame
~Watch my full streams on my Archive Cha"
Fast PLL Algorithms You Should Try!,"My Main PLLs: https://www.youtube.com/watch?v=9r_HqG4zSbk

Cube ► JPerm RS3 M 2020: https://speedcubeshop.com/products/jperm-rs3-m-2020-3x3

SpeedCubeShop ► https://speedcubeshop.com
Using the code ""JPERM"" supports my channel and also gives you a discount on your order.

Beginner:
2x2 Tutorial ► https://youtu.be/GANnG5a19kg
3x3 Tutorial ► https://www.youtube.com/watch?v=7Ron6MN45LY
4x4 Tutorial ► https://www.youtube.com/watch?v=KWOZHbDdOeo
5x5 Tutorial ► https://www.youtube.com/watch?v=d1I-jJlVw"
this sound brought back some memories..,#shorts
How I learned crankflips in 30 seconds,"If you feel I've earned it  you can support the channel here: https://www.patreon.com/mikeboyd
If you prefer, YouTube's ""Join"" feature, you can support here: https://www.youtube.com/channel/UCIRiWCPZoUyZDbydIqitHtQ/join
Want to give a one-off donation instead? https://www.buymeacoffee.com/mikeboyd
I am so grateful for any support you choose to give, financial or emotional! 🙏 Get Riders Republic on Playstation, Xbox, PC and Stadia: https://www.ubisoft.com/en-us/game/riders-republic

This week I d"
We went to Italy...?,"🧎#Subscribe🧎

#AD - Shop G FUEL’s June Hydration BOGO:
https://gfuel.ly/pewdiepie-bogo

👘 Tsuki: https://bit.ly/3xrWsgY
👔 Based: https://www.based.gg

📱Customized Devices: https://rhinoshield.io/pewdiepie

⚙️My Setup (affiliate links)⚙️
🪑 Chair: https://bit.ly/3r51IUS
💻 Browser: https://operagx.gg/Pewds
⌨️ 🖱️ Keyboard & Mouse: https://ghostkeyboards.com/pages/pewd...

🕹️ Pewdiepie's Pixelings
iOS: https://buff.ly/2pNG0aT
Android: https://buff.ly/34C68nZ

🕹️Pewdiepie’s Tuber Simulator
iOS: https:"
PRIVATE RUSSIAN SUITES: Inside the NEW Aeroflot Business Class,"Enter for the chance to win First-Class plane tickets (worth up to $20,000!) for your next big trip and support a great cause at https://omaze.com/trektrendy

Today I’m onboard Aeroflot and their brand new Business Class suites, flown exclusively on their Airbus A350. Given that only a few of their A350’s have been delivered and are flying, this is quite the exclusive look onboard. 

I’m flying today from Dubai international airport over to Moscow’s Sheremetyevo. This will be a day flight so as "
the end,"The worlds first ever Music Battle. February 17, 2023.
Tickets: https://www.sistic.com.sg/events/twosetdavie0223
More info at: https://twosetvsdavie.com/

Davie504 vs @twosetviolin 
BASS vs violin"
Whackadoo! Here's our take on the famous #duckcake from #bluey,Whackadoo! Here's our take on the famous #duckcake from #bluey
The Problem with Adam Savage's Favorite Pencil,"Among the tools Adam always keeps at arm's reach in his workshop is his favorite mechanical pencil: the venerable PaperMate Sharpwriter #2. But he's noticed something disappointedly different about the newest models of this pencil, and it has everything to do with color. What product did YOU love that underwent a disappointing change later on?

PaperMate SharpWriter: https://amzn.to/3TyMjZK
Disclaimer: Tested may earn an affiliate commission when you buy through the links here.

Shot by Adam Sav"
Learn How to Solve a 1x1 Rubik's Cube,"Learning to solve a Rubik's Cube can be easy!

Where I get my cubes:
1x1 ► https://speedcubeshop.com/products/1x1-speed-cube
3x3 ► https://speedcubeshop.com/products/jperm-rs3-m-2020-3x3
Using the code ""JPERM"" supports my channel and also gives you a discount on your order.

Beginner:
2x2 Tutorial ► https://youtu.be/GANnG5a19kg
3x3 Tutorial ► https://www.youtube.com/watch?v=7Ron6MN45LY
4x4 Tutorial ► https://www.youtube.com/watch?v=KWOZHbDdOeo
5x5 Tutorial ► https://www.youtube.com/watch?v=d1I-j"
this is the most anime music battle of all times,#shorts
POOR: Don't Bother With TURKISH Business Class,"The first 1,000 people to use this link will get a 1 month free trial of Skillshare: https://skl.sh/trektrendy11211
Today I’m flying Turkish Airlines Business Class on their newest Boeing 787 Business Class product all the way from Vancouver, Canada over to Istanbul Turkey. And boy do I have a trip report in for you today. I experienced the worst ever service interaction onboard; where I was shouted at, and left feeling very uncomfortable. What’s more boarding was a shambles, seating onboard was"
Babish Culinary Universe Live Stream,
Most people don't think this is possible #shorts,"If you feel I've earned it  you can support the channel here: https://www.patreon.com/mikeboyd
If you prefer, YouTube's ""Join"" feature, you can support here: https://www.youtube.com/channel/UCIRiWCPZoUyZDbydIqitHtQ/join
Want to give a one-off donation instead? https://www.buymeacoffee.com/mikeboyd
I am so grateful for any support you choose to give, financial or emotional! 🙏 Breaking a wine glass with my voice"
Dune: Part 2 Is Awesome! | Spoiler Free Review,"Will gives his review of Dune: Part 2.

Find me on:
Twitch | https://www.twitch.tv/willneff
Twitter | https://twitter.com/TheWillNeff
Discord | https://discord.gg/neff
Instagram | https://www.instagram.com/thewillneff

Channel edited and managed by https://twitter.com/NeauxArt
#willneff #dunepart2  #twitch"
"The $100 Billion ""Snack War"" Is Heating Up","and other WINS & FAILS from this past week in Marketing & Business! 

WATCH LIVE ► https://www.twitch.tv/atrioc
TWITTER ►https://www.twitter.com/atrioc
DISCORD ►  https://discord.com/invite/Dar3UDx
REDDIT ► https://reddit.com/r/Atrioc/

Edited by eriksenchee | https://twitter.com/eriksenchee

FULL VOD: https://youtu.be/3e1U5Sadco8?si=rwdUosdKxJBAccO7
#atrioc #winsandfails #snackwars 

0:00 Intro
0:08 Marketers will never forget.
02:04 Win or Fail Coin Flip!
02:25 If you are reading this.. you ar"
The Perfect Puzzle Box for Parties 🎉,"MY SHOP: https://www.1st.shop/
Felix Ure: https://www.felixure.com/

***MY OTHER CHANNELS***
AREA52: @area52investigations
My Podcast: @bottomofthebarrel
Gaming Channel: @chrisramsaytv
My Twitch Channel: https://www.twitch.tv/chrisramsay52
____________________________________________________________
Thanks to Apurture for the lighting:
https://glnk.io/73j1x/chris-ramsayaputureaffiliate
____________________________________________________________
Cool Stuff Available here: https://bit.ly/3f8RDm0
"
"Trump's Lawyer Is So Bad, She's a Double Agent","⚖️⚖️⚖️ Do you need a great lawyer?  I can help!  https://legaleagle.link/eagleteam 

Welcome back to LegalEagle.  The most avian legal analysis on the internets. 
🚀 Watch my next video early & ad-free on Nebula! https://legaleagle.link/watchnebula
👔 Suits by Indochino! https://legaleagle.link/indochino

GOT A VIDEO IDEA? TELL ME!
▀▀▀▀▀▀▀▀▀▀▀▀▀▀▀▀▀▀▀▀▀▀▀▀▀▀
Send me an email: devin@legaleagle.show

MY COURSES
▀▀▀▀▀▀▀▀▀▀▀▀▀▀▀▀▀▀▀▀▀▀▀▀▀▀
Interested in LAW SCHOOL?  Get my guide to law school! https:/"
i started a fight i'll never win,"MUSIC - Mickman - https://soundcloud.com/mickman/tracks
MUSIC - Men I Trust  https://soundcloud.com/men-i-trust/tracks"
How Big Oil Bought Gaming,"and other WINS AND FAILS in this past week of Marketing & Business!

WATCH LIVE ► https://www.twitch.tv/atrioc
TWITTER ►https://www.twitter.com/atrioc
DISCORD ►  https://discord.com/invite/Dar3UDx
REDDIT ► https://reddit.com/r/Atrioc/

Edited by eriksenchee | https://twitter.com/eriksenchee
Thumbnail Image:  Kotaku / Epic / Shell Jacob Silberberg (Getty Images)

FULL VOD: [VOD LINK]
#atrioc #stream #gaming 

0:00 Intro
0:11 BIG OIL BIG BANDS
07:36 BOE-NO!
09:55 Twitch Layoffs
12:05 Tiger's Final"
The ring on a chain trick,For the answer: https://youtu.be/K-Fc08X56R0?t=228
Turnip Boy Robs a Bank: A Cinematic Masterpiece,"The sequel to Turnip Boy Commits Tax Evasion is here. Turnip Boy is back to commit crime.

Watch Turnip Boy Commits Tax Evasion here: https://www.youtube.com/watch?v=4_YXjp5z7d4

~This video was recorded live on my Twitch Channel: http://www.twitch.tv/rtgame
~Subscribe if you'd like to see more! https://www.youtube.com/@RTGame?sub_confirmation=1
~Become a Youtube Member to support me: https://www.youtube.com/channel/UCRC6cNamj9tYAO6h_RXd5xA/join

~Follow me on Twitter: https://twitter.com/RTGame"
Cooking out the Back of my NEW Van,"I give my new van a test run in preparation for doing a full van camper conversion. I go foraging wild mushrooms and cook up a tasty snack in the back of the van!
Check out my Instagram - https://www.instagram.com/alex_smith1809/
Support the Just Alex Channel on Patreon - https://www.patreon.com/justalexsmith
Business enquiries - alexfordhamsmith@gmail.com
Fried Chicken of the Woods Recipe - https://foragerchef.com/chicken-fried-chicken-of-the-woods/"
Stopping Lizards From Eating All My Frogs!,"I built a frog pond but it turned out that i actually built an all you can eat buffet for lizards. 
Second channel: https://www.youtube.com/channel/UCpeliX_ewtnn6f467wyM0YA
Find me on the patreon! https://www.patreon.com/user?u=13180179
https://twitter.com/ididathing1"
Wii are Running Out Of Time,"It's 2006 and you're breaking out the Nintendo Wii for Christmas bowling with Granddad, except he didn't wear the wrist strap and the remote just smashed the TV

Donate to WDC here: https://tiltify.com/@rtgamecrowd/rtgame-saves-whales-and-dolphins-2023
Learn more about WDC: https://uk.whales.org/
Learn more about the Yogscast Jingle Jam: https://www.jinglejam.co.uk/impact

This stream was recorded as part of the Yogscast Jingle Jam 2023. Thank you to everyone who's helped us support charity this"
5 wild new AI tools you can try right now,"Collect massive amounts of data from the web to train your LLM with Bright Data https://brdta.com/fireship

Learn about 5 new state-of-the-art AI tools released in 2024 that can generate videos, images, sound effects, code, and more. 

#ai #programming #thecodereport 

💬 Chat with Me on Discord

https://discord.gg/fireship

🔗 Resources

- Stable Diffusion 3 Medium https://stability.ai/news/stable-diffusion-3-medium
- Luma Labs Demo https://lumalabs.ai/dream-machine
- Sora First Look https://yout"
🔴 I AM TRAPPED HERE SO MIGHT AS WELL STREAM,"DONATE FOR TTS HERE ► https://streamelements.com/ludwig/tip
AI TTS GUIDE (ONLY WORKS WITH ABOVE LINK) ► https://tts.monster/yt/ucrpseylgpnygvi34qpgnqpa

GET THE TRUFFLE.TV EXTENSION FOR EMOTES, CHANNEL POINTS, PREDICTIONS, AND MORE! ► https://truffle.vip/extension 

follow me on twitter ► https://www.twitter.com/ludwigahgren
follow me on tiktok ► https://www.tiktok.com/@ludwig
follow me on instagram ► https://www.instagram.com/ludwigahgren
join my subreddit ► https://old.reddit.com/r/LudwigAhgre"
Form 4 Resin 3D Printer In-Depth Review!,"We go in-depth with the newly announced Form 4 resin 3D printer, which we've been testing for the past month! Formlabs has shifted the core printing technology in the Form 4 to utilize an LCD mSLA system, and we find out from their engineers how their implementation differs from other mSLA printers on the market. Here's how the Form 4 compares with the Form 3+ in terms of speed and print detail!

Formlabs Form 4: http://www.formlabs.com https://www.matterhackers.com/store/l/formlabs-form-4-msla-"
Is Detective Pikachu Mathematically The Worst?!,"Clickbait Title: A Short Review and Discussion of Detective Pikachu and The Broader Subject of Video Game Movies

Written and performed by Dan Olson

Twitter: https://twitter.com/FoldableHuman
Support the Channel: https://d.rip/foldablehuman/"
Robot Hat PROTECTS You,"In this episode William drastically overestimates his abilities. 
Go watch Bobby's invention of Giant Wooden Hat that also is a Salad Bowl: https://youtu.be/Y27Jtbx6tKE
Support us on Patreon: https://www.patreon.com/williamosman
Website: http://www.williamosman.com/
InstaHam: https://www.instagram.com/crabsandscience/
Twitter: https://twitter.com/CrabsAndScience
Facebook: https://www.facebook.com/williamosmanscience/
CameraManJohn: https://www.instagram.com/cameraman_john"
The Unexplainable Disappearances of Missing 411,"Let Audible help you discover new ways to laugh, be inspired, or be entertained. New members can try it free for 30 days. Visit https://Audible.com/wendigoon or text wendigoon to 500-500.


The Lore Lodge: https://www.youtube.com/c/TheLoreLodge


My Links

Second channel/ Wendigang: https://www.youtube.com/channel/UCuX9...

Twitter: https://mobile.twitter.com/wendigoon8

Subreddit: https://www.reddit.com/r/wendigoon/

Merch Store: https://wendigoon.myshopify.com/

Email: Wendigoon@streamworks.gg"
Our Phone Number Got Leaked...,"Our Phone Number Got Leaked and We Received some Interesting Calls...
🌈 Get 10% OFF OUR DRIP with code ""COLDONES""  👉🏻 https://bit.ly/coolshirtzz
🥤 FOR 10% OFF YOUR GAMERSUPPS use code ""COLDONES"" 👉 https://bit.ly/coldonesGG
🅿️ Pledge to our patreon for extended videos: https://www.patreon.com/coldones

SEND STUFF TO OUR PO BOX AND IT MIGHT BE FEATURED IN A VID: ✉️📬
PO Box 5091
Glenferrie south
VIC 3122
Australia
_______________________________________________________________
SOCIAL MEDIA LINKS
Tw"
The Story & Footage of LA's Most Infamous Heist Gone Wrong,"Go to https://buyraycon.com/wendigoon to get 15% off your Raycon purchase!
Thank you to Raycon for sponsoring today’s video!

The legends who made this possible: https://www.northhollywoodshootout.net/

And show support here: https://www.paypal.com/donate?token=gnJF45GbMClQvEsJOZWQcUwwkZhGuLXQpoKMFx0_epkYTSWS9JEUjrep2wVGEc5Mguiy0BRLYWsN2bDl

Clips sourced from: https://www.youtube.com/watch?v=uHi1w7tpV7E

Uncut escape attempt footage (copyright mention): https://www.youtube.com/watch?v=wZg4mcYkI"
A Dominican Quesadilla by Meyhem Lauren,"""I had a dream."" Meyhem Lauren's dream of combining his two favorite cuisines, Dominican and Mexican, comes to life with these mouthwatering quesadillas.

Inspired by Meyhem's love for chimis (Dominican hamburgers) and his desire to bridge Mexican and Dominican cultures, these flavor-packed quesadillas feature pollo guisado, Oaxacan cheese, and smashed fried plantains for a unique and decadent meal. 🌮🇩🇴🇲🇽 

#mexicanfood #dominicanfood #foodlover #recipes

Subscribe to MUNCHIES here: http://bit.l"
What is POSTcontent?,"In December of last year, a channel would sprout on YouTube that follows a man as he documents some strange activity taking place in his home. Tonight, we're going to explore what exactly is going on, and draw some theories as to what it could be. 

🎡Visit Liminal Land: https://www.liminalland.net
📧Submit a mystery: NightmareExpo@gmail.com
📲Follow me: https://www.twitter.com/NexpoYT
🖤Support the channel: https://www.patreon.com/Nexpo

-------------------------------------------------------------"
Primitive Technology: Wood Ash Cement & Fired Brick Hut,"Primitive Technology: Wood Ash Cement & Fired Brick Hut
Subscribe: http://bit.ly/subPT | Never miss a video! Enable ‘ALL’ Notifications!
Watch my newest content: https://youtube.com/playlist?list=PLGnWLXjIDnpBR4xqf3FO-xFFwE-ucq4Fj&playnext=1&index=2

Follow Primitive Technology:
Wordpress: https://primitivetechnology.wordpress.com/
Patreon: https://patreon.com/user?u=2945881

Watch More Primitive Technology:
Newest Uploads: https://youtube.com/playlist?list=PLGnWLXjIDnpBR4xqf3FO-xFFwE-ucq4Fj&pla"
she's ready to leave,"MUSIC - https://soundcloud.com/mickman/tracks

xo"
This too shall pass.,"My New Cards: https://www.1st.shop/
Honeycomb Puzzle: https://www.kickstarter.com/projects/puzzlemaster/the-honeycomb-metal-puzzle-brain-teaser-from-puzzle-master?ref=asne7w
Intricuts: https://www.instagram.com/intricuts/
Cool Stuff Available here: https://bit.ly/3f8RDm0
Gaming Channel: https://www.youtube.com/chrisramsaytv
My Twitch Channel: https://www.twitch.tv/chrisramsay52
My Lighting setup: https://glnk.io/73j1x/chris-ramsayaputureaffiliate
_________________________________________________"
Guitar Hero VS Autoclicker,"yo my first short on this channel, what did you think?
Art created by @Dachi.art https://www.instagram.com/dachi.art

Twitter: https://twitter.com/code_bullet
Patreon: https://www.patreon.com/CodeBullet
Discord: https://discord.gg/UZDMYx5"
Making Flappy Bird But Everything is its own WINDOW,"🕹 Get a browser that’s literally better at everything: https://operagx.gg/CodeBullet3  Sponsored by Opera GX!
Merch: https://codebulletshop.com
Patreon: https://www.patreon.com/CodeBullet
Twitter: https://twitter.com/code_bullet
Discord: https://discord.gg/UZDMYx5

Art created by @Dachi.art https://www.instagram.com/dachi.art"
Still AWFUL? Air Canada Signature BUSINESS CLASS *Surprise Review!*,"Head to https://squarespace.com/trektrendy to save 10% off your first purchase of a website or domain using code TREKTRENDY

Is Air Canada still awful? Today i'm flying Air Canada in a surprise review onboard their Boeing 787 Dreamliner. After my last awful experience, it's time to find out how they perform with their reintroduced Signature Business Class product. I'll be departing from their flagship Toronto YYZ airport and, as i'm now allowed to enter Canada i'll be reviewing their ground expe"
These CELEBRITIES Will Say ANYTHING For Money!,"We found out how far Celebrities on Cameo will go for a Cheque 💵
🌈 BUY WHAT WE'RE WEARING FOR 10% OFF 👉  http://bit.ly/codecoldones

🅿️ Pledge to our patreon for extended videos and deleted footage :https://www.patreon.com/coldones

SEND STUFF TO OUR PO BOX AND IT MIGHT BE FEATURED IN A VID: ✉️📬
PO Box 5091
Glenferrie south
VIC 3122
Australia
_______________________________________________________________
SOCIAL MEDIA LINKS
Twitter⇨ https://twitter.com/ColdOnes
Reddit⇨ https://www.reddit.com/r/C"
Majora's Mask and the Art of Dark Symbolism,"The Legend of Zelda: Majora's Mask is a game that I hold on the pedestal as my favorite of all-time. Tonight, we're going to explore the many themes throughout this work of art, and drum up a fresh theory of our own.

🎡Visit Liminal Land: https://www.liminalland.net
📧Submit a mystery: NightmareExpo@gmail.com
📲Follow me: https://www.twitter.com/NexpoYT
🖤Support the channel: https://www.patreon.com/Nexpo

---------------------------------------------------------------------------------------------"
SR latch,"Digital logic gets really interesting when we connect the output of gates back to an input. The SR latch is one of the most basic memory circuits that we can build on to make counters, registers, and all sorts of other interesting things.

Support me on Patreon: https://www.patreon.com/beneater

You can get all the components used in this video from any online electronic components distributor for a few dollars.

Complete parts list (everything in this video):
1x 74LS32 (Quad two-input OR gate)
"
they put SUDOKU on a RUBIK'S CUBE...,"Thank you to Kevin Matthews for lending me this and indirectly causing me so much pain.

My Main 3x3 Cube ► JPerm WR M MagLev: https://speedcubeshop.com/products/jperm-weilong-wr-m-2021-3x3-maglev

SpeedCubeShop ► https://speedcubeshop.com
Using the code ""JPERM"" supports my channel and also gives you a discount on your order.

Buying anything here helps to support my channel! ► https://speedcubeshop.com/collections/jperm-collection

Beginner:
2x2 Tutorial ► https://youtu.be/GANnG5a19kg
3x3 Tutor"
"I speedrun Peggle, but Twitch Chat shoots half my shots","This is the greatest speedrun of all time.

Streaming live on Twitch! https://www.twitch.tv/dougdoug
Full stream recording: https://www.youtube.com/watch?v=TrH4kIkTMKs

My 2nd Channel: http://bit.ly/dougdoug2
Twitter: https://twitter.com/DougDougFood

Edited by Berry Bebop! https://www.youtube.com/c/berrybebop

More DugDug:
Latest Uploads: https://www.youtube.com/watch?v=rp4cH7mb4X4&list=PLzTxt5iYdhziB3Zf03HR_aZWgJ49ffj-d&index=2
Explained with Food: https://www.youtube.com/playlist?list=PLzTxt5"
They Made A Crypto Shark Tank. It's Hilariously Bad.,"WATCH LIVE ► https://www.twitch.tv/atrioc
TWITTER ►https://www.twitter.com/atrioc
DISCORD ►  https://discord.com/invite/Dar3UDx
REDDIT ► https://reddit.com/r/Atrioc/

Edited by QuacK | https://twitter.com/QuacK_001

FULL VOD: https://www.youtube.com/watch?v=IDWStv7PECk

0:00 Intro
1:11 Lumara
7:03 Pundi X
10:41 Ape Water
15:25 Plastiks
#atrioc #crypto #sharktank"
I rode a giant mechanical elephant. You can too.,"Les machines de l'île, in Nantes, are famous for their giant mechanical elephant. And to my surprise, tourists can just pay and ride it. ■ More information: https://www.lesmachines-nantes.fr/

Edited by Michelle Martin https://twitter.com/mrsmmartin
Camera: Guillaume Juin https://www.guillaumejuin.fr
Producer: Axel Zeiliger at Block8 https://block8production.com

Thanks to Jérémie Chabot for the suggestion

🟥 MORE FROM TOM: https://www.tomscott.com/
(you can find contact details and social links"
Google Pixel 8/8 Pro Review: We'll Fix It In Post!,"Pixel 8 Pro is my new daily driver, but not just because of the hardware...

Can we trust Google on the 7 years of software updates? https://youtu.be/dxVaP0-aFIE?si=g6uGe-6bBJUmQpQ-

MKBHD Merch: http://shop.MKBHD.com

Tech I'm using right now: https://www.amazon.com/shop/MKBHD

Playlist of MKBHD Intro music: https://goo.gl/B3AWV5

Phone provided by Google for review.

~
http://twitter.com/MKBHD
http://instagram.com/MKBHD
http://facebook.com/MKBHD"
The ARM chip race is getting wild… Apple M4 unveiled,"Apple just released their latest M4 chip. Let's take a look at it's performance specs and AI neural engine features. Compare M4 to Snapdragon and find out why big tech companies are competing to build the best ARM chips. 

#computerscience #ai #thecodereport 

💬 Chat with Me on Discord

https://discord.gg/fireship

🔗 Resources

Apple M4 https://www.apple.com/newsroom/2024/05/apple-introduces-m4-chip/
CPU vs GPU https://youtu.be/r5NQecwZs1A
CUDA in 100 Seconds https://youtu.be/pPStdjuYzSI

🔥 Get "
My hot sauce sold out in minutes #willneff #twitch #stream,"Follow me!
TWITCH → https://www.twitch.tv/willneff
TIKTOK → https://www.tiktok.com/@willyneff
TWITTER → https://twitter.com/TheWillNeff
INSTAGRAM → https://www.instagram.com/thewillneff/

Find my podcast here → @FearAndPodcast

Edited by:  https://twitter.com/jookien"
How I Learned Bunnyhops in 17 Days,"If you feel I've earned it  you can support the channel here: https://www.patreon.com/mikeboyd
If you prefer, YouTube's ""Join"" feature, you can support here: https://www.youtube.com/channel/UCIRiWCPZoUyZDbydIqitHtQ/join
Want to give a one-off donation instead? https://www.buymeacoffee.com/mikeboyd
I am so grateful for any support you choose to give, financial or emotional! 🙏 Play Riders Republic free now at https://www.ubisoft.com/en-gb/game/riders-republic/trial-week

This month, I learned how "
How (and why) to raise e to the power of a matrix | DE6,"General exponentials, love, Schrödinger, and more.
Help fund future projects: https://www.patreon.com/3blue1brown
An equally valuable form of support is to simply share some of the videos.
Special thanks to these supporters: https://3b1b.co/mat-exp-thanks

Thanks to these viewers for their contributions to translations
Hebrew: Omer Tuchfeld

------------------
The Romeo-Juliet example is based on this essay by Steven Strogatz:
http://www.stevenstrogatz.com/essays/loves-me-loves-me-not-do-the-mat"
Making a trap for car thief,Check out full video on my youtube channel
24hrs in World's Best First Class Flight,"Get started with Odoo for free today: https://www.odoo.com/r/IgK

Today i'm flying the world's best First Class flights for 24 hours from Singapore to London. This will be over three first class flights, starting in the brand new Starlux A350. After we'll move onto the brand new Emirates A380 first class, which features similar finishing to the famous Gamechanger (yes of course there's a shower onboard!). Lastly we'll finish on Etihad's three room apartment in the sky, known as The Residence. Th"
"2 years of beekeeping - honey production, queen breeding, splitting honeybee colonies and stings!","I've been a beekeeper for 2 years and this video documents all the tasks involved in beekeeping.
Watch the amazing rewilding videos from my friends at Planet Wild:
1) Saving Europe's cutest bird https://planetwild.com/go/mission4?utm_campaign=justalex_2306&utm_source=youtube
2) Protecting the European Bison from extinction https://planetwild.com/go/mission1?utm_campaign=justalex_2306&utm_source=youtube
Check out my Instagram - https://www.instagram.com/alex_smith1809/
Support the Just Alex Chann"
Why Humans Are Vanishing,"Go to https://brilliant.org/nutshell/ to dive deeper into these topics and more with a free 30-day trial + 20% off for the first 200 people! 
This video was sponsored by Brilliant. Thanks a lot for the support!

If you want to support this channel and get something nice in return check out our shop: https://shop.kgs.link/earth-plushie

Sources & further reading:
https://sites.google.com/view/sources-populationcrash/startseite?authuser=2 

Every two years one million Japanese disappear, China’s p"
Ruined?! What Happened to Adam Savage's Mercury Spacesuit,"One of Adam's very first spacesuit replica projects was a NASA Mercury program Navy Mark IV pressure suit, but the materials he chose to recreate its iconic silver fabric have since completely deteriorated! That's why Adam is so thrilled to unveil his newest Mercury suit replica, constructed by costumer Christine Knobel (who worked on Adam's xEMU concept suit). Adam couldn't be happier with this latest iteration, and commences work on weathering the suit to make it look as if it's been part of t"
LOCAL58: The Broadcast Station that Manipulates You,"In late 2015, a channel by the name of Local 58 began broadcasting strange footage under the guise of an ordinary public access station. While some initially found the footage to be off-putting, little did they know that they were just scratching the surface of an undercover operation much larger than they could imagine.

🎡Visit Liminal Land: https://www.liminalland.net
📧Submit a mystery: NightmareExpo@gmail.com
📲Follow me: https://www.twitter.com/NexpoYT
🖤Support the channel: https://www.patreo"
🔴 POKEROGUE TOURNAMENT | LAST STREAM IN THIS ROOM | PAYING A RANDOM VIEWERS TUITION END OF STREAM,"DONATE FOR TTS HERE ► https://streamelements.com/ludwig/tip
AI TTS GUIDE (ONLY WORKS WITH ABOVE LINK) ► https://tts.monster/yt/ucrpseylgpnygvi34qpgnqpa

GET THE TRUFFLE.TV EXTENSION FOR EMOTES, CHANNEL POINTS, PREDICTIONS, AND MORE! ► https://truffle.vip/extension 

follow me on twitter ► https://www.twitter.com/ludwigahgren
follow me on tiktok ► https://www.tiktok.com/@ludwig
follow me on instagram ► https://www.instagram.com/ludwigahgren
join my subreddit ► https://old.reddit.com/r/LudwigAhgre"
Primitive Technology: Cord drill and Pump drill,I made a cord drill and then upgraded it to a pump drill. A cord drill is basically a spindle with a fly wheel attached so it looks like a spinning top. the middle of a piece of cord is then put into a notch at the top of the spindle. The ends of the cord are then wrapped around the spindle and then pulled quickly outwards causing the drill to spin. The momentum of the fly wheel causes the cord to wrap back around the spindle in the other direction. When it stops the cords are pulled outwards ag
Primitive Technology: Sandals,"I made a pair of sandals from loya cane. Walking bare footed in the bush generally doesn't cause problems for my feet. But when repetitively carrying loads of various materials the soles of the feet become cracked and split. So I made some basic footwear for the purpose of working on rough surfaces. 

I cut some cane and measured out a length 6 times the length of the foot (about 1.5 m), folded it into loops and wove more cane between the loops to form the sole, adding new cane as needed. Next, "
how it all ends,"In which John explores the roller coaster of human information accrual, which has gone way up and will go way (way way) down. Crash Course The Universe: https://www.youtube.com/playlist?list=PL8dPuuaLjXtPrbBlasHP1BA23MwXJ8Gpm (or wherever you get your pods)

The Crash Course Coin: http://crashcoursecoin.com

Other matters discussed include astrophysics, the future our solar system, the sun's journey to being a red giant and then a white dwarf, and our responsibilities to the present and the (lim"
We Tricked Brands into Sending us Free Stuff,"How much free stuff can we get for being ""influencers""?

🌈 Buy what we're Wearing for 10% OFF  👉 https://bit.ly/codecoldones

🅿️ Pledge to our patreon for extended videos and deleted footage :https://www.patreon.com/coldones

SEND STUFF TO OUR PO BOX AND IT MIGHT BE FEATURED IN A VID: ✉️📬
PO Box 5091
Glenferrie south
VIC 3122
Australia
_______________________________________________________________
SOCIAL MEDIA LINKS
Twitter⇨ https://twitter.com/ColdOnes
Reddit⇨ https://www.reddit.com/r/ColdOnes"
Primitive Technology: Making Charcoal in a Closed Pot,"Primitive Technology: Making charcoal in a closed pot, small scale success but failed to scale up
Subscribe: http://bit.ly/subPT | Never miss a video! Enable ‘ALL’ Notifications!
Watch my newest content: https://youtube.com/playlist?list=PLGnWLXjIDnpBR4xqf3FO-xFFwE-ucq4Fj&playnext=1&index=2

Follow Primitive Technology:
Wordpress: https://primitivetechnology.wordpress.com/
Patreon: https://patreon.com/user?u=2945881

Watch More Primitive Technology:
Newest Uploads: https://youtube.com/playlist?l"
"This pattern breaks, but for a good reason | Moser's circle problem","An apparent pattern that breaks, and the reason behind it.
Summer of math exposition: https://3blue1brown.substack.com/p/some3-begins
Learn more at https://some.3b1b.co/
Help fund future projects: https://www.patreon.com/3blue1brown
An equally valuable form of support is to simply share the videos.

For the long-time viewers among you, if this sounds familiar, it's because it's a remake of one of the earliest videos on the channel. It's such a wonderful problem, and the audio/pacing in earlier v"
"NEW ""ORIGINAL"" RUBIK'S 2x2 / RUBIK'S 4x4 CUBES","They say you haven't solved a Rubik's Cube until you solve THE Rubik's Cube.

My Main 3x3 Speedcube ► https://speedcubeshop.com/products/jperm-rs3-m-2020-3x3
2x2 ► https://speedcubeshop.com/products/yj-mgc-magnetic-2x2

SpeedCubeShop ► https://speedcubeshop.com
Using the code ""JPERM"" supports my channel and also gives you a discount on your order.

Beginner:
2x2 Tutorial ► https://youtu.be/GANnG5a19kg
3x3 Tutorial ► https://www.youtube.com/watch?v=7Ron6MN45LY
4x4 Tutorial ► https://www.youtube.c"
"Eating an 11,000 Year Old Fruit","Mmm....Dusty...

TODAY IS THE LAST DAY: https://complexly.info/cccoin24-8

----
Subscribe to our newsletter! https://werehere.beehiiv.com/subscribe
Learn more about our project to help Partners in Health radically reduce maternal mortality in Sierra Leone: https://www.pih.org/hankandjohn
If you're able to donate $2,000 or more to this effort, please join our matching fund: https://pih.org/hankandjohnmatch
If you're in Canada, you can donate here: https://pihcanada.org/hankandjohn"
Top 10 Facts - Gravity Falls,"Twitter: http://lemmi.no/twitter
Facebook: http://lemmi.no/facebook


[Music]
Kevin MacLeod - Pippin the Hunchback

Creative Commons Attribution:
http://creativecommons.org/licenses/by/3.0/

Link:
http://incompetech.com/music/royalty-free/index.html?isrc=USUAN1400005


[References & Further Reading]
https://docs.google.com/spreadsheets/d/1uUFmXkfYhKiq46Hol5o_YoWrrGn2WmoaZAMS8XugkX4/pub?gid=918311422


[Thumbnail]
http://lemmino.deviantart.com/art/Gravity-Falls-551734120"
How Do I Learn Assembly?,"Live on Twitch: https://twitch.tv/lowlevellearning

Learn assembly through C coding! Understand the binary, stack, and while loop concepts. #Assembly #Programming #Ccoding #TechEducation #CodeLearning

🏫 COURSES 🏫 Check out my new courses at https://lowlevel.academy

🙌 SUPPORT THE CHANNEL 🙌 Become a Low Level Associate and support the channel at https://youtube.com/c/LowLevelLearning/join

Why Do Header Files Exist? https://youtu.be/tOQZlD-0Scc
How Does Return Work?  https://youtu.be/e46wHUjNDjE"
World’s Most Dangerous Escape Room!,"Buy my new chocolate bar: https://www.Feastables.com for a chance to win my chocolate factory in an upcoming video

SUBSCRIBE OR I TAKE YOUR DOG
╔═╦╗╔╦╗╔═╦═╦╦╦╦╗╔═╗
║╚╣║║║╚╣╚╣╔╣╔╣║╚╣═╣ 
╠╗║╚╝║║╠╗║╚╣║║║║║═╣
╚═╩══╩═╩═╩═╩╝╚╩═╩═╝

Check out Viewstats! - https://www.viewstats.com/

For any questions or inquiries regarding this video please reach out to chucky@mrbeastbusiness.com

----------------------------------------------------------------
follow all of these or i will kick you
• Facebook - https"
A Bad City Planner Plays Timberborn: The Beaver City Game,"Humanity is Dead - it is now up to the Beavers to rebuild Civilization in Timberborn

Watch more Societal Collapse: https://www.youtube.com/playlist?list=PLliBvQE3gg9dNVEj6v6iXaTqqrZYwFc7e

~This video was recorded live on my Twitch Channel: http://www.twitch.tv/rtgame
~Subscribe if you'd like to see more! https://www.youtube.com/@RTGame?sub_confirmation=1
~Become a Youtube Member to support me: https://www.youtube.com/channel/UCRC6cNamj9tYAO6h_RXd5xA/join

~Follow me on Twitter: https://twitter"
Oops… Wrong remote 🙃,
🔴 DAILY GAME THEN ELDEN RING WHEEL PUNISHMENTS,"DONATE FOR TTS HERE ► https://streamelements.com/ludwig/tip
AI TTS GUIDE (ONLY WORKS WITH ABOVE LINK) ► https://tts.monster/yt/ucrpseylgpnygvi34qpgnqpa

GET THE TRUFFLE.TV EXTENSION FOR EMOTES, CHANNEL POINTS, PREDICTIONS, AND MORE! ► https://truffle.vip/extension 

follow me on twitter ► https://www.twitter.com/ludwigahgren
follow me on tiktok ► https://www.tiktok.com/@ludwig
follow me on instagram ► https://www.instagram.com/ludwigahgren
join my subreddit ► https://old.reddit.com/r/LudwigAhgre"
Jason Derulo was NOT expecting that 😡,
"The 2,000,000 Scoville Chicken Tender.... (HWHAP)","Get 10% off your first month! - https://www.betterhelp.com/stonie/
Take charge of your Mental Health!
Video Sponsored by : BetterHelp

Today I'm taking on the HOTTEST Chicken Tender I've ever eaten!
Houston''s Hot Chicken, here in Vegas, has a 2 Million Scoville chicken tender named the 'Houston we have a problem'. Can I handle the heat?

ENJOY!!!

---Try Stonie Bowls!---

Website - https://www.stoniebowls.com/
INSTAGRAM - https://www.instagram.com/stoniebowls/

---Socials & Stuff----
FACEBOOK  "
Trying Pottery was a Mistake...,"We Tried Pottery and It Got Messy...
🌈 Get the Clothes We're Wearing for 10% OFF with code ""COLDONES""  👉🏻 https://bit.ly/coolshirtzz
🅿️ Pledge to our patreon for extended videos: https://www.patreon.com/coldones

SEND STUFF TO OUR PO BOX AND IT MIGHT BE FEATURED IN A VID: ✉️📬
PO Box 5091
Glenferrie south
VIC 3122
Australia
_______________________________________________________________
SOCIAL MEDIA LINKS
Twitter⇨ https://twitter.com/ColdOnes
Reddit⇨ https://www.reddit.com/r/ColdOnes/
Discord⇨ ht"
Turning paint thinner into cherry soda,"🕹 Thanks to Opera for sponsoring this video! Get a browser that’s literally better at everything, download Opera today: https://opr.as/Opera-browser-NileRed

Check out my pinboard: https://pinboard.opera.com/view/d406cd14-7fe0-44ee-9b03-458d35708f71

For this video, I attempt to turn toxic and nasty paint thinner into some beautiful and amazing tasting cherry soda. If I am successful, I can add it to my soda collection, along with my plastic glove grape soda!

-----------------------------------"
I Spent a Week Making an AI's Video Game Idea,"I've recently been on a streak of unfinished projects, so I decided to focus one week on actually completing something -- anything! I thought it would be fun to make a small game, and so I asked an AI for some ideas...

If you'd like to support me in making more of these programming / game dev videos, I have a Patreon page over here: https://www.patreon.com/SebastianLague

Project Files:
https://github.com/SebLague/Super-Chore-Man
https://github.com/SebLague/Cloth-and-IK-Test

Music:
Super Chore"
It's been Four Years since Animal Crossing: New Horizons,"It's been four years since Animal Crossing New Horizons released. This game means a lot to many of us, especially during 2020. Let's check in on my Animal Crossing island

Watch all my Animal Crossing videos: https://www.youtube.com/playlist?list=PLliBvQE3gg9d-fNPw44AfB2IRINZkjJhU
Thank you so much to Shenpai for my new avatar: https://www.youtube.com/@AeroViro

I can't understate just how much Animal Crossing New Horizons means to me. This was the game that got me through the first Covid Lockdo"
"The ""RUBIK'S IMPOSSIBLE"" Cube Broke My Brain","Every time I get a Rubik's product I go through all 5 stages of grief.

Sponsored by SpeedCubeShop ► https://speedcubeshop.com
Using the code ""JPERM"" supports my channel and also gives you a discount on your order.

Beginner:
2x2 Tutorial ► https://youtu.be/GANnG5a19kg
3x3 Tutorial ► https://www.youtube.com/watch?v=7Ron6MN45LY
4x4 Tutorial ► https://www.youtube.com/watch?v=KWOZHbDdOeo
5x5 Tutorial ► https://www.youtube.com/watch?v=d1I-jJlVwB4

Special Tutorials:
3x3 One Handed ► https://www.yout"
The Founding of the Fartocracy,"Twitch Chat creates a new government using Channel Points.

Streaming live on Twitch! https://www.twitch.tv/dougdoug
Full stream recording: https://www.youtube.com/watch?v=MnZ37KmtKCM

My 2nd Channel: http://bit.ly/dougdoug2
Twitter: https://twitter.com/DougDougFood

More DugDug:
Latest Uploads: https://www.youtube.com/watch?v=rp4cH7mb4X4&list=PLzTxt5iYdhziB3Zf03HR_aZWgJ49ffj-d&index=2
Explained with Food: https://www.youtube.com/playlist?list=PLzTxt5iYdhzjMJF--_xpj4s4jgOPe0NWF
DougDoug Challeng"
Who do you trust more?? 📦💥,
M3 Macbook Pro Impressions: Is It Enough?,"Matte space black laptops are cool, but we got M3, M3 Pro and M3 Max chips as well.

Check out the Apple MacBook Pro M3 at https://geni.us/4bBV

MKBHD Merch: http://shop.MKBHD.com

Tech I'm using right now: https://www.amazon.com/shop/MKBHD

Playlist of MKBHD Intro music: https://goo.gl/B3AWV5

~
http://twitter.com/MKBHD
http://instagram.com/MKBHD
http://facebook.com/MKBHD"
I created an Ai to beat a children's game,"I taught ChatGPT to beat Pajama Sam. 

Streaming live on Twitch! https://www.twitch.tv/dougdoug
Full stream recording: https://youtu.be/dIUGsHG2vtc

Edited by Luka! @DougDougClips 

My 2nd Channel: http://bit.ly/dougdoug2
Twitter: https://twitter.com/DougDougFood

More DugDug:
Latest Uploads: https://www.youtube.com/watch?v=rp4cH7mb4X4&list=PLzTxt5iYdhziB3Zf03HR_aZWgJ49ffj-d&index=2
DougDoug Challenges: https://www.youtube.com/playlist?list=PLzTxt5iYdhzh_SW60_g3HPVjBupwUZOFA
Popular Videos: http"
We Bought Every Weird Ad We Saw,"We See It? We Buy It! NO EXCEPTIONS
💃 GET OUR NEW LIMITED WAIFU CUPS 👉🏻 https://bit.ly/coldoneswaifu
🌈 Get 10% OFF OUR CLOTHES with code ""COLDONES""  👉🏻 https://bit.ly/coolshirtzz

🅿️ Pledge to our patreon for extended videos: https://www.patreon.com/coldones

SEND STUFF TO OUR PO BOX AND IT MIGHT BE FEATURED IN A VID: ✉️📬
PO Box 5091
Glenferrie south
VIC 3122
Australia
___________________________________________________________
SOCIAL MEDIA LINKS
Twitter⇨ https://twitter.com/ColdOnes
Reddit⇨ htt"
Apology Videos have reached a new low,"#ad #clashofclans #clashfornature - Let’s Clash for Nature! Click the link to join my team and contribute to the environment by getting gold from multiplayer battles! https://wehy.pe/y/2/PewDiePie 


Stock Up On ➡️🥤Gfuel (affiliate): https://gfuel.ly/pewdiepie-collection
#Code #Pewdiepie

Official ƿ૯ωძɿ૯ƿɿ૯ TikTok: https://www.tiktok.com/@pewdiepie

∞ Official ƿ૯ωძɿ૯ƿɿ૯ Infinity Stream: https://www.twitch.tv/pewdiepie

⚙️ My Setup (affiliate links)⚙️
🎧 Headphones: https://www.anrdoezrs.net/click"
CPU flags register,"Share your requests for future video topics here: https://www.reddit.com/r/beneater/comments/88m9jy/ben_eater_video_suggestions/
Intel x86 developers guide (4800 pages!): https://software.intel.com/sites/default/files/managed/39/c5/325462-sdm-vol-1-2abcd-3abcd.pdf#page=80

More 8-bit computer: https://eater.net/8bit
Support me on Patreon: https://www.patreon.com/beneater

------------------

Social media:
Website: https://www.eater.net
Twitter: https://twitter.com/ben_eater
Patreon: https://patr"
i wrote my own memory allocator in C to prove a point,"Malloc sucks. Memory leaks, use after free? What ELSE is there to say? Instead of suffering through using malloc, I decided to write my own heap. 

Heaps are, interesting. I learned alot here. Lets find out more together.

🏫 COURSES 🏫 Learn to code in C at https://lowlevel.academy
📰 NEWSLETTER 📰  Sign up for our newsletter at https://mailchi.mp/lowlevel/the-low-down

🛒 GREAT BOOKS FOR THE LOWEST LEVEL🛒
Blue Fox: Arm Assembly Internals and Reverse Engineering: https://amzn.to/4394t87
Practical Re"
Riding the Overnight Jungle Train (First Class Private Room),"Head to https://squarespace.com/trektrendy to save 10% off your first purchase of a website or domain using code TREKTRENDY

Join me today onboard the Jungle express in First Class from Chiang Mai all the way down to Bangkok. The journey will take around 13 hours covering close to 500 miles - it will give me the chance to show you all the features of this new sleeper train. There are two levels of service offered, Second Class sleepers and First Class sleeper cabins. Only First cabins have acces"
Game Console Tier List,"Visit https://www.squarespace.com/LTT and use offer code LTT for 10% off

Save 10% and Free Shipping at Ridge by using offer code LINUS at https://www.ridge.com/LINUS

Console Wars never change.. and we want to enlist on the side of Gamers. Tier Lists are a great way to rate gaming machines and there are PLENTY of rankings to go around. What PlayStation is the greatest of all time? What Xbox sits atop of the rest? Why is Nintendo always changing their naming?

Discuss on the forum: https://linus"
First Person View POV PC BUILD Guide! (2024),"From May 10th until May 31st, you can get a whopping 20% off select iFixit Toolkits! Check out the sale over at https://ifix.gd/ltt-toolkits

Building a PC is can be tricky, but now you can see exactly how to do it through the eyes of a professional! This is our 2024 POV PC Build guide!

Discuss on the forum: https://linustechtips.com/topic/1569871-first-person-view-gaming-pc-build-guide/

Buy a DJI Osmo Action 4 4K Camera: https://geni.us/AizaxhO (Canada: https://lmg.gg/MNKl5)
Buy a Gigabyte B7"
Ranking Trump's Terrible Lawyers,"Sometimes there is no S-tier.  🥗 Use code LEGALEAGLE50 to get 50% OFF at Factor https://legaleagle.link/factor  ⚖️ Get a great lawyer with EagleTeam!  https://legaleagle.link/eagleteam 

Welcome back to LegalEagle.  The most avian legal analysis on the internets. 
🚀 Watch my next video early & ad-free on Nebula! https://legaleagle.link/watchnebula
👔 Suits by Indochino! https://legaleagle.link/indochino

GOT A VIDEO IDEA? TELL ME!
▀▀▀▀▀▀▀▀▀▀▀▀▀▀▀▀▀▀▀▀▀▀▀▀▀▀
Send me an email: devin@legaleagle.show"
8-bit CPU reset circuit and power supply tips,"More 8-bit computer: https://eater.net/8bit
Check out Julian's channel: https://www.youtube.com/user/julius256

Support me on Patreon: https://www.patreon.com/beneater

https://www.eater.net
https://twitter.com/ben_eater
https://www.patreon.com/beneater"
geoguessr pros play geoguessr but in gartic phone,"we are all retiring

PATREON FOR MORE:
https://www.patreon.com/professionalgeoguessr
EDITED BY: rawcruz (linktr.ee/rawcruz)"
How I WON A Chess Tournament,"➡️ BONUS CONTENT HERE: https://www.patreon.com/gothamchess

➡️ Get My Chess Courses:  https://www.chessly.com/
➡️ Get my best-selling chess book: https://geni.us/gothamchess

➡️ My book in the UK and Europe: https://bit.ly/3qFqSf7
➡️ Mein Buch auf Deutsch: https://bit.ly/45fKt3R
➡️ Mi libro en Español: https://bit.ly/3Y5xaRx

➡️ Start Playing Chess FOR FREE: http://bit.ly/3Xa3EsB

➡️ Enjoy my videos? Donate Here : https://www.paypal.me/gothamchess

Email me your games: gothamletters@gmail.com
Sp"
"Cinnamon Rolls 3-Ways (Pumpkin Spice, Strawberry Nutella, Classic)","Pre-Order the Basics with Babish Cookbook Now! 
All sites are available here:
https://www.bingingwithbabish.com/cookbook

Book Tour Dates (Plus virtual options!)
https://www.bingingwithbabish.com/booktour

Babish Cookware on Amazon: http://bit.ly/babishstore

My playlist of preferred cooking tunes, Bangers with Babish!
https://spoti.fi/2TYXmiY

BCU TikTok: https://bit.ly/2PLtohe
Binging With Babish Website: http://bit.ly/BingingBabishWebsite
Basics With Babish Website: http://bit.ly/BasicsWithBa"
Watch 3 Speedrunners Play Hitman H.O.R.S.E. (Insane Kills),"Our HITMAN H.O.R.S.E. series returns with a TWIST: NO OUTSIDE ITEMS! That means you can't bring ANYTHING into the level to create your HORSE route. 

3 current/former World Record holders go head to head in creating Hitman Contracts and challenging each others times. 🐎

WATCH LIVE ► https://www.twitch.tv/atrioc
TWITTER ►https://www.twitter.com/atrioc
DISCORD ►  https://discord.com/invite/Dar3UDx
REDDIT ► https://reddit.com/r/Atrioc/

Edited by EricThePooh | https://twitter.com/EricThePooh

FULL "
This solid is over 99% air,"Silica aerogel is one of the world's lightest solids. It's made from a very fine network of silica and over 99% of it is actually air. The texture of it is kind of like Styrofoam, but it's actually really fragile, and it's really easy to accidentally break it. 

-------------------------------------------------------------------------------
Merch - https://nilered.tv/store
-------------------------------------------------------------------------------

■ NileRed is now available on Nebula!  http"
